y_true,y_pred,y_score
0,0,0.0010408698309702805
0,0,0.3325142233400698
1,1,0.8480362229046455
0,0,0.0015927065100093448
1,1,0.7802972422952911
0,0,0.01457691894125071
1,1,0.9289963049938714
1,0,0.05509690520017776
0,0,0.012287529859512099
0,0,0.002460148889505259
1,1,0.8323718077967466
0,0,0.0053556261018121816
0,1,0.7545551964129692
0,0,0.0022897659352059487
0,0,0.08010502021574721
0,0,0.00626523933112735
1,1,0.9395085913912459
0,0,0.0016036866249454832
1,1,0.8917037913598331
1,0,0.36133596903705134
0,0,0.0017617935583802318
0,0,0.001588096983862207
0,0,0.29565214461211203
0,1,0.8821454191330462
1,0,0.20057704486525446
0,0,0.003401978684477309
1,0,0.419414184855521
0,0,0.00840880866385047
1,1,0.9910168818050764
1,1,0.9550412349841043
0,0,0.4391263999757057
0,0,0.2253797798615161
0,0,0.010817568752456775
1,1,0.9484585750171896
1,1,0.8855247237005532
0,0,0.002158711401676109
0,1,0.840087831530766
0,0,0.0023000582302753815
0,0,0.0019315991071673418
0,0,0.00794353480358168
1,1,0.7372071194419612
0,0,0.46480842190868704
1,1,0.6457173528836283
1,1,0.6120937794211864
0,0,0.0016740811799435915
0,0,0.15444934702979124
0,0,0.0023885361321880176
0,0,0.08485718504153807
0,0,0.0427121240372037
0,0,0.060245659128608874
0,1,0.5556359478474291
0,0,0.04033718948116385
0,0,0.0017152566463953644
1,1,0.9342859692620232
0,1,0.8287889664529992
0,0,0.18302101295381765
0,0,0.003712703117269368
0,0,0.3537419905940701
1,1,0.7939623839051497
0,0,0.003863414853311034
1,1,0.7193259935943167
0,0,0.0008999029733863673
0,0,0.004324586212489045
0,0,0.05970788449321016
1,1,0.7071260129148146
1,0,0.49843355277710655
0,0,0.034394751338596874
0,0,0.0018798312418415774
0,0,0.0035246626129010685
1,1,0.6616773048187977
0,1,0.7771943596997509
0,0,0.030431970115294183
1,1,0.9940370183392144
1,1,0.9896110589169057
1,1,0.9334060833869621
0,0,0.0011062604025832959
0,0,0.0015260324892120202
0,0,0.3943449504137141
0,0,0.015044841570807134
0,0,0.0015910878641413166
1,1,0.83124042899516
1,1,0.5544436001322085
0,0,0.10725030632974648
1,1,0.8169944240857806
0,0,0.0015779549546102003
0,0,0.2584182007932059
0,0,0.001883463322174278
0,0,0.002988317115375089
0,0,0.0023098841902477255
0,0,0.12685306208307026
0,0,0.19376683722672486
1,1,0.9778075946014835
1,1,0.9952387910678098
0,0,0.04172401670071061
0,0,0.001501783952727416
0,0,0.4486404004449712
0,0,0.009589782213600967
1,1,0.919443925898589
0,0,0.017084048534720078
0,0,0.001801219596295056
0,0,0.07884051959782237
1,1,0.8501228244935811
0,0,0.036146250121173264
1,1,0.9947472401004915
0,0,0.001543161322199662
1,0,0.29484126811273853
0,0,0.06100895156491565
1,1,0.5075641164336749
0,0,0.0017922943468724572
0,0,0.001757850372429152
1,1,0.9825434073161526
1,1,0.712761459779376
0,0,0.0017017562423736097
1,1,0.9042555511491724
0,0,0.3712286215285807
0,0,0.147806050177181
0,0,0.0027474836950636483
0,0,0.0031894822281447084
0,0,0.029335367244827368
0,0,0.17404821244266017
1,1,0.7114831577497995
0,0,0.0022628819530163954
0,0,0.0031114549446417746
1,1,0.9769071070467364
1,1,0.6061307523831365
0,0,0.027220867267965333
0,0,0.0931016062983024
0,0,0.10828231235364132
0,0,0.01125426205447226
0,0,0.0010669786675477683
0,0,0.0017301305311373163
0,0,0.027567645667671926
1,1,0.9914138872813062
0,0,0.030400926099799466
0,0,0.0013928497223265697
0,0,0.048034106389156166
0,0,0.0013872033071675874
0,0,0.1314300395153752
1,1,0.9960539644311375
0,0,0.007088024618197732
0,0,0.04896313268375792
0,0,0.003790792630395973
0,0,0.003777848540524296
0,0,0.2803583747007116
0,0,0.020672039514775514
0,0,0.003371657178703207
0,0,0.002239786172316794
0,0,0.003669362757507195
0,0,0.0009053330064059589
0,0,0.02092906465403819
0,0,0.17664246819092544
0,0,0.09665654391615133
1,0,0.3423039031749233
0,0,0.001724775319316858
0,0,0.01562272977652375
0,0,0.009090862857634763
0,1,0.5106594958772664
0,0,0.005094112670587633
0,0,0.008260137536168596
1,1,0.8014518601106735
1,1,0.5331754682772762
0,0,0.0019195928332229717
0,0,0.03518301229070593
1,0,0.4341761497677185
0,0,0.014420525759786395
0,0,0.0011298216692614282
1,0,0.30034983173840657
1,1,0.9951100957510974
0,0,0.28413770536593647
1,0,0.4825076232141141
0,0,0.0072733910254980765
0,0,0.036180050812777836
0,1,0.9750659961056803
0,0,0.05330782376500459
0,0,0.0009837133267068625
0,1,0.8725507477619224
0,0,0.004178794377109603
0,0,0.0008608571805443872
0,0,0.1945083778364982
1,1,0.9854316555676452
1,1,0.8220446789337381
0,0,0.001602449210912639
0,0,0.0021120846627761406
0,0,0.05483081288717454
0,0,0.10101638478947852
0,0,0.14194184374751795
1,1,0.987151050992382
0,0,0.0014026278950042175
1,1,0.8910902777751084
0,0,0.011422056499629483
1,0,0.13341374072024673
0,0,0.020099248757509423
1,1,0.9795730391480619
0,0,0.006658978583441914
0,0,0.0019974526705871932
1,1,0.9910719697154661
0,0,0.008617259506571412
0,0,0.18384021312936574
0,0,0.00699007124415233
0,0,0.0012544128867160384
0,0,0.1478878149496696
0,0,0.0015569211676038919
1,1,0.9810242991186016
0,0,0.24500469269861624
0,0,0.09801317127651905
0,0,0.05737068151384664
1,1,0.9948309065103307
0,0,0.002784080300320264
0,0,0.006301188881779978
0,0,0.48429877661121584
0,1,0.9383362258147165
0,0,0.05336811988621412
0,0,0.014723459245701677
1,1,0.9349486542783406
0,0,0.09916096425500011
1,0,0.3244111728076695
0,0,0.08277779917542391
0,0,0.006142342934832745
0,0,0.0016299674853125262
0,0,0.1376364034646156
0,0,0.013988081045141576
0,0,0.002814722030520108
0,0,0.010684831404589805
0,0,0.01865779183791302
0,0,0.0023993980356068058
0,1,0.5135813575795974
0,0,0.005101518594697541
0,0,0.03136096338860383
0,0,0.006870687238860415
0,0,0.002203381172245471
0,0,0.005616173395717228
1,1,0.9734212908361983
0,0,0.030466929919850196
1,1,0.8227791618452341
1,1,0.5100728764439271
0,0,0.16055423509208117
1,1,0.8082736147355764
0,0,0.005419025061083761
0,0,0.016026607749283626
0,0,0.002501514064655084
0,1,0.7605269650052023
0,1,0.8190460041252207
1,1,0.9964950455846997
0,0,0.002212464280438336
0,0,0.0021647968661799963
1,0,0.08696673605121581
0,0,0.0012765284056364692
0,0,0.01499076335610954
0,1,0.6803598422111465
1,1,0.725681380698019
0,0,0.0032652906413400597
0,0,0.003760464970110332
0,0,0.008745055069778873
0,1,0.7044561364979987
0,0,0.0009578784668906033
1,1,0.8236420116724418
0,0,0.009718930330647375
1,1,0.6552761408897902
1,1,0.8443021944193249
0,0,0.007806733965637841
0,0,0.0020137144861069826
1,1,0.9627803893142997
0,0,0.0031790785900457936
0,0,0.046623374603687116
0,0,0.0012064710383585297
0,0,0.20817863439463027
0,0,0.0015637578576165607
0,0,0.15812505870297044
0,0,0.001997866213560011
0,0,0.044242316521544645
0,0,0.012647899009546309
0,1,0.580858049164595
0,0,0.08522558085492883
0,0,0.3244548258458954
1,1,0.9647084527271961
0,0,0.0014160984998919301
0,0,0.0014645094440914241
1,1,0.9669780539396865
0,0,0.004346717255625643
0,0,0.0025540391943176866
1,1,0.9678108760953458
1,0,0.2294892435481872
0,0,0.0016073758700286857
0,0,0.24071594940727628
0,0,0.0017197289787043318
0,0,0.007560649666449076
1,0,0.46068192000291286
0,0,0.003864067334933656
1,1,0.9912252901107421
1,1,0.9948955832992457
0,0,0.0563763965287105
1,1,0.960317730574223
0,0,0.002268677806856146
0,0,0.0021084786334492974
0,0,0.0060470397329881725
0,0,0.4502653046048762
0,0,0.3429085475856489
0,0,0.023088125801172164
0,0,0.00652285891952932
0,0,0.019523269563824143
0,0,0.002166002029857981
0,0,0.0033116915260104065
0,0,0.006134856415049063
0,0,0.020297785542233136
0,0,0.003814515787364194
0,0,0.00397546991484749
0,0,0.0015253983119547022
1,0,0.3648965193658507
0,1,0.5522506801200237
0,0,0.4431031134569281
0,0,0.0009870641518482889
0,1,0.852651802407803
1,1,0.5726394602637495
0,0,0.0011468751669195065
0,0,0.008541188876398669
0,0,0.012178278637498569
0,0,0.0018139086921286902
0,0,0.0021170723208357276
1,1,0.7526452956481864
0,1,0.5216994136724518
1,1,0.9865835840608482
1,1,0.9894830727687233
1,1,0.865834348294028
0,1,0.5475418012510701
0,0,0.0016957272209232816
0,0,0.0026290494532905644
0,0,0.007309573272752145
0,0,0.1716996811922722
0,0,0.025071027855725833
0,0,0.435382910746429
0,0,0.001600513824929254
1,0,0.33705850429265066
0,0,0.01933957514237012
0,0,0.002490995630876497
1,1,0.9742017434371569
0,0,0.007827333310033718
0,0,0.00404116843304201
1,1,0.7799492913719337
0,0,0.305164150165576
0,0,0.015762255305935367
1,0,0.47933537605250726
0,0,0.10442347822255604
0,0,0.007055388219855107
0,0,0.4633676762096399
1,1,0.9051950708699397
0,0,0.0035752755919558933
0,0,0.02229829056933552
1,1,0.7554637286294373
0,0,0.006217754220250419
0,0,0.0022526898217055534
0,0,0.4038998676574704
0,0,0.05658467652185012
0,1,0.738093363506795
0,0,0.011311417166768697
0,0,0.07091783780780772
0,0,0.0037529004987761324
0,0,0.0012040666821589853
0,0,0.001332396820165135
0,0,0.2437935617996067
0,0,0.0019841783636850405
0,0,0.004291506077931156
1,1,0.9889695068748381
0,0,0.0011919982808565304
0,0,0.0028896905452464954
0,1,0.8722971206326378
0,0,0.028319910699021646
1,0,0.38771597679581127
0,0,0.005417929911070287
0,0,0.014573366906603132
0,0,0.0024791399962479665
0,0,0.007811472287427538
1,0,0.35975070710941703
0,0,0.0025333706319246962
0,0,0.0023258098729672847
0,0,0.0024751140829650147
0,0,0.002398295719682046
0,0,0.4910310551218203
0,0,0.01629371563947551
1,1,0.8373184848128451
0,0,0.010593352157504825
1,1,0.66989840384475
0,0,0.04883235106015753
0,0,0.12160051729508452
0,0,0.0007720732686962884
0,0,0.0013482742870255082
0,0,0.0009385331733234973
1,1,0.9643928124279857
1,1,0.5794196445479821
0,0,0.0018077897432335884
1,1,0.9694235729908269
1,1,0.5922057361366023
0,0,0.04467662941327358
1,1,0.9372566436472567
0,0,0.0021976664709373716
1,1,0.9780106179603506
0,0,0.0849924923974766
0,0,0.0021576066569851033
1,1,0.9775943283161849
1,1,0.9889624277902123
0,0,0.002367205538662982
0,0,0.0016666221607736828
0,0,0.00326270275159571
0,0,0.0033874838260042296
0,0,0.006297255659061844
0,0,0.0021855881103681964
0,1,0.7082414514950599
0,0,0.0018665799698651475
0,0,0.004986142360682336
1,1,0.7540697845201672
1,1,0.9366653459720218
0,0,0.02054165433286469
0,1,0.6679566138396895
1,1,0.9632486827768652
0,0,0.0036707391607224403
0,0,0.0013883179646229811
1,1,0.8445994954773327
1,1,0.6225656468701218
1,1,0.9679307680739223
0,0,0.0037926450718496784
1,1,0.934379118522833
1,1,0.6926898335385822
0,0,0.0015707987925842838
0,0,0.008542343220653798
0,1,0.5869315492500249
1,1,0.6276601240625526
1,1,0.9891758212697969
0,0,0.03692521516716857
0,1,0.6055742229146741
0,0,0.34979862125565986
0,0,0.10504851182780707
1,1,0.8967919602642775
0,0,0.19633975172493376
1,0,0.4688716052619315
0,0,0.020228507784007997
1,1,0.9780106179603506
0,0,0.0008960849646541244
1,1,0.8902952599146154
0,0,0.004456306328503741
0,0,0.0031790785900457936
0,0,0.001973895851952282
0,0,0.07856148400987913
0,0,0.002963123344955594
0,0,0.01592464311471021
1,0,0.30867110847718254
1,1,0.8713649378854799
1,0,0.1583659567457185
1,0,0.47078650896021385
0,0,0.00110839953556023
1,1,0.9700788065845275
0,0,0.05528361995035138
0,0,0.23299968943795304
0,0,0.364736890074806
0,0,0.0011027308316956122
0,0,0.29087389341943704
0,0,0.0075156147562548655
0,0,0.008238949040353782
1,1,0.7265672378489598
0,1,0.5989297015994023
1,1,0.6808925754160812
0,0,0.037264857950989425
1,1,0.9946276176516685
1,1,0.9767482696517699
0,0,0.008486362032280356
0,0,0.0036876859257040226
1,1,0.8576504950833129
0,0,0.44244979274254437
0,1,0.5234281052355094
0,1,0.9663001106203821
0,0,0.0401664964761144
1,1,0.7569848031756037
0,0,0.00879580559278316
0,0,0.009504816556975047
0,0,0.03910690761089895
1,1,0.9944280548470471
0,0,0.05413433484418796
0,0,0.06629032896273959
0,0,0.03025882947365641
0,1,0.501142799077234
0,0,0.0025408679094447045
1,1,0.8089655168974029
1,1,0.9718777037549775
1,0,0.26940469031406244
0,0,0.003068592451522193
1,1,0.5811196919007944
1,0,0.45446533243741216
0,0,0.002112189669248943
0,1,0.8369608462118501
0,0,0.0027599049387874827
1,1,0.9980309600079545
0,0,0.0335107634531972
1,0,0.3806438227988961
1,1,0.9222147975024663
1,1,0.6302166568499382
0,0,0.23418422988570683
0,0,0.004986142360682336
0,0,0.011697204645307845
0,1,0.6680483613239864
0,0,0.0028887944941647075
1,0,0.44754631883992496
1,1,0.8115916596459509
0,0,0.003183091506552224
0,0,0.0019523608997216477
0,0,0.0028406017369877004
1,1,0.9945497133525472
1,1,0.9866912606681294
0,1,0.6854705120841945
0,0,0.0029485049726763433
1,0,0.3302172983618431
1,1,0.9968349932217848
0,1,0.9451396324229827
0,0,0.23074108736529514
1,1,0.6967049205219366
0,0,0.02975213641695739
0,0,0.18565594203982697
0,0,0.0019486504896384577
1,1,0.8707177492396195
1,1,0.9668057195168308
0,0,0.002108392723460499
0,0,0.0865770284798586
0,1,0.8726228509579095
1,1,0.7918509106887034
0,0,0.017358446583130644
0,0,0.02766879943497845
1,1,0.8239159140887011
1,1,0.7735309456111077
0,0,0.12230825300500915
0,0,0.02705072612835442
0,0,0.03594671293232828
0,0,0.010535261782458798
0,0,0.04601399759376746
0,0,0.0013452137818157047
0,0,0.0013783031982782827
1,1,0.9892033346492892
0,0,0.35668812875186356
1,1,0.951509447428288
0,0,0.0016188627559675273
0,0,0.08960862574604116
0,0,0.0013854989733680632
1,1,0.9871977501871355
0,0,0.001290082771636899
0,0,0.0047625181880586835
1,1,0.9923385785307761
1,1,0.9924475346720574
0,0,0.01800745892807315
0,0,0.43946491826117495
0,0,0.0026967432184315052
1,1,0.9562359058882315
1,0,0.1374753853014962
0,0,0.005751513843500178
1,1,0.9170807237535223
0,0,0.003957284563685489
0,0,0.002800333884876833
0,0,0.008009580598382037
0,0,0.39247974475530273
0,0,0.017372457894055317
1,1,0.9881798334683862
1,1,0.7562748866932572
0,0,0.031504028564147
0,0,0.006648480258867656
0,0,0.0017096976755320058
1,1,0.98507237939642
0,0,0.0026882122587689994
0,0,0.0036174029536169407
1,1,0.8328249867575891
0,0,0.008038621140220647
0,0,0.001409629998139744
0,0,0.008262772932975632
0,0,0.002294728753763808
1,1,0.7791290270303116
0,0,0.005444979063166382
0,0,0.0011948454708811185
1,1,0.9767129358755874
0,0,0.11214970731561795
0,0,0.002207900720478973
0,0,0.019770419862749557
1,1,0.9897728637264445
0,0,0.011454683659332133
1,1,0.842139041783201
1,1,0.9320834635350794
0,0,0.04781256446217244
1,1,0.9888394332631745
0,1,0.6041922558849289
1,1,0.9856339831390296
1,1,0.5233253048078204
0,0,0.021687718518480847
0,0,0.0015937919855181844
0,0,0.3150033391831527
0,0,0.0026274251836833724
0,0,0.23413791735788086
0,0,0.0019035785767136156
1,1,0.9918935962486994
0,1,0.8023066825191071
1,1,0.9904539122664279
1,1,0.6048085656555231
1,0,0.49093775310142207
1,1,0.9485443943835071
0,0,0.45586532734844704
1,1,0.8453496578404834
1,0,0.4359547793404857
1,1,0.7940301002100506
0,0,0.005395636399559218
0,0,0.001344862224330889
0,0,0.0012170372236188912
1,0,0.43601011406515244
1,1,0.9854064414928501
0,0,0.071661862661435
1,1,0.9734212908361983
0,0,0.0047507248062966445
1,1,0.989834216042246
0,0,0.157731952222613
1,1,0.7754779548138148
1,1,0.9384087472739215
1,0,0.43348761384573486
0,0,0.0026049513041056746
1,1,0.8044161019711316
0,0,0.02925237612166294
0,1,0.6751681454727103
1,1,0.8008449609806079
0,1,0.5062757090024531
1,1,0.8685862717733903
1,1,0.8827406049726535
1,1,0.94167711892592
0,0,0.34847098954422245
0,0,0.0026963799401520995
1,0,0.1058185544478077
0,0,0.0018700495936499928
1,1,0.980756405353098
0,0,0.0015262679380379615
0,0,0.32911241982917366
1,1,0.549705495493401
0,0,0.005470442965508317
1,1,0.854148982580982
0,1,0.5230508304307977
0,0,0.002785824038429934
0,0,0.1549498425127464
1,1,0.627869461108381
0,0,0.0013452137818157047
0,0,0.0024451910786469273
1,1,0.9433952491817273
0,0,0.00448610044801035
1,1,0.7130176103697758
0,0,0.001391275132672401
1,1,0.884654651661141
1,1,0.8396941295251292
1,1,0.9762915268332006
0,0,0.0019681045847759673
0,1,0.5714991193329407
1,1,0.9093638574764644
0,0,0.07150002865929546
0,0,0.00334458303703887
0,0,0.004243474836235767
0,0,0.005598542823760232
0,0,0.002965673277024092
0,0,0.013409504034600317
0,0,0.0012159140564636053
0,0,0.001510039195573853
0,0,0.31216904816085106
1,1,0.5727343192523714
0,0,0.0018538464448179005
0,1,0.7541177034303749
0,0,0.38670837144969844
0,0,0.001876743115795114
0,0,0.02073899890958111
0,0,0.001664354703923878
0,0,0.16719440093620644
0,0,0.0022628819530163954
0,0,0.02986452159203837
1,1,0.9779769183451571
0,0,0.023292803431670707
0,0,0.3657356446997142
0,0,0.35733066157627735
0,0,0.0039915125254539685
0,0,0.0017221795116051507
0,1,0.5777621966662614
0,1,0.5825967134205569
0,0,0.02068762224941313
0,0,0.0022524358660850887
0,0,0.003315118746244485
0,0,0.007806733965637841
0,0,0.01446384674185524
1,1,0.9839439854392624
1,1,0.7398147677553794
0,1,0.6731344949135478
0,0,0.32706429453857755
1,1,0.927377616392637
0,0,0.001337444735642054
0,0,0.002465940485098258
0,0,0.018395706724541164
1,0,0.3523785499174362
1,1,0.9920033053431938
0,0,0.30515625860942414
0,1,0.7171763820702496
0,0,0.0015526011415969876
1,1,0.9341959030684802
0,0,0.001639549609918595
0,0,0.0016500786259839278
0,1,0.6725287464313306
0,0,0.0257650954422638
1,0,0.2299883591134996
0,0,0.32265357380057236
1,1,0.92189233648664
0,1,0.8188204133397217
0,0,0.0018490928570652628
0,0,0.0077038832269088735
0,0,0.19481713378633422
0,0,0.0016222414991498557
0,0,0.0015773182962880946
0,0,0.0011356436365465175
1,1,0.969597423921878
1,0,0.12902894271193432
0,0,0.037766488314290136
0,0,0.07854581591488417
1,1,0.6525618179819169
1,0,0.4339856470568651
0,1,0.9624527686557437
0,0,0.008722686040055818
0,0,0.010772094154488331
1,1,0.9547060254791224
0,0,0.008130562671587033
1,1,0.9651773320629644
1,1,0.7783042465382982
1,1,0.9601923355429242
0,0,0.0018721537917611754
0,0,0.051241128632602134
0,0,0.0017256357465536994
1,1,0.9922418930878905
1,1,0.9979131941048773
0,0,0.00542498907123005
0,0,0.405217814820379
1,1,0.819708914319735
0,0,0.06506446234286271
0,0,0.0018467046121499648
0,0,0.008836023383914617
1,1,0.570177818318254
0,0,0.0015775694901352369
0,0,0.10815981631681709
0,0,0.0015484201703376919
1,0,0.20219318748029858
0,0,0.09196594362607312
0,0,0.08631179311499729
0,0,0.0016491697746823686
1,0,0.43241113080694354
1,1,0.9820353350875869
0,0,0.0013974947050267798
0,0,0.00610785768497694
1,0,0.27575098444532853
0,0,0.006172480364016259
0,0,0.01156489488208689
0,1,0.7735159816865574
0,0,0.027099326993094475
0,0,0.004613993310538804
1,1,0.9946413626153576
0,0,0.0022326648107915572
1,1,0.9855957191054914
0,0,0.009530048546404227
0,0,0.15947155507251393
0,0,0.0011389427853086232
1,1,0.6589447309402583
0,0,0.0023516259840400864
0,0,0.002232231260691958
0,0,0.0027962920728420238
1,1,0.7402401866026336
0,0,0.002135456834710372
0,0,0.0024595548493702105
1,1,0.5956039708433599
0,1,0.9230159850657288
0,0,0.0011185496635038627
0,1,0.7705209082589592
0,0,0.003003998817704958
0,0,0.4592926688269804
1,0,0.1442092017705487
0,0,0.0014806989431222336
0,0,0.0037440119997075214
0,0,0.38032013238484014
0,0,0.003994361309712064
0,0,0.022144232946095826
0,0,0.11772070588240889
0,0,0.0018652601848769992
0,0,0.005756062306274597
0,1,0.813286929804074
1,1,0.6933859994609138
0,0,0.002188549102391805
1,1,0.5789770753102431
0,0,0.14939218618830058
1,1,0.9877014249297833
1,1,0.9968351536962696
1,0,0.12179375334094517
1,1,0.657007027067088
1,0,0.2157262967614299
0,0,0.0011520651049804704
1,1,0.9967935628251554
1,0,0.45420496217544626
1,1,0.9916867042243825
0,0,0.0018799846169552888
0,0,0.026819612819793327
0,1,0.7122901825831292
0,0,0.0019021721443285688
0,0,0.0015291639050338472
0,0,0.001685236899579084
1,1,0.9942838581661019
1,1,0.6671391393064688
0,0,0.02039359918536129
0,0,0.00561472274092144
0,0,0.008031345904544704
0,0,0.0010911481929707686
1,0,0.13355022173468387
0,0,0.16919116284538102
0,0,0.001811865220064973
1,1,0.9818562831505688
0,0,0.005425079366871432
0,0,0.00404116843304201
0,0,0.06180003690992183
1,1,0.9571394344108618
1,1,0.9920808237286709
0,0,0.00425271255632581
0,0,0.0015516305511341416
0,1,0.9411880981332562
0,0,0.1621309804511724
0,0,0.0030620591483681526
1,1,0.7695560673089079
0,0,0.0937400818916437
0,0,0.0008235339116353515
0,0,0.0027755598413434575
1,1,0.9873167402274052
1,1,0.8311190811544563
0,0,0.005308725877854885
1,0,0.3922470728073594
1,1,0.516676195071349
1,1,0.915612877728533
1,1,0.7607855116289439
0,0,0.013657203931515864
0,0,0.04102583316580103
1,1,0.9952053169094065
0,1,0.7109775356848379
1,1,0.5663315395747776
0,1,0.5613289290593774
0,0,0.0016188627559675273
1,1,0.9912894391022965
1,1,0.5002056176507572
0,0,0.2291198039840917
0,0,0.0028306215022605324
1,1,0.6199375398773833
0,0,0.09097257950071552
0,0,0.0034877254472105777
1,1,0.9940796638872984
0,0,0.0018062891092404149
0,0,0.0026658253352312856
1,1,0.9041865300045441
1,0,0.1607657573910379
0,0,0.002058102740870978
0,0,0.006198720787362134
0,1,0.6471972187672932
1,1,0.9738304990281399
1,0,0.464652448314265
0,0,0.012418299056542565
0,0,0.0016076477517151587
0,0,0.0012151572058316826
0,0,0.0017573127499635475
0,0,0.018394920365132125
0,0,0.008407167523479493
1,1,0.6658317663340915
0,0,0.0018130973168799438
0,0,0.015617375550538092
1,0,0.30357607046886353
1,1,0.9784461996724609
0,0,0.051241128632602134
1,0,0.4476606634433563
0,0,0.005727411898028527
0,0,0.003039443510984167
1,1,0.6405268349996164
1,0,0.14960066436264735
0,0,0.009343460640374193
1,1,0.5655151136975812
1,0,0.42734267552360666
1,1,0.9838742046860156
0,0,0.008618980786109023
0,0,0.003432880849157927
0,0,0.0053014266585666246
0,0,0.08327446712759398
1,1,0.9960714055858253
0,1,0.7114873870979744
0,0,0.007687565996201341
0,0,0.020597113405224066
1,1,0.9589086469892906
0,0,0.0031728580828356873
0,0,0.013069034441864432
1,1,0.7693695729418557
0,0,0.007133680719119659
0,0,0.02205109172749386
0,0,0.02642424905680263
1,1,0.9601923355429242
0,0,0.1707744383750077
0,0,0.0016378469187316896
0,0,0.07010450642310605
0,0,0.010576242295856863
0,0,0.0016009115781588682
1,1,0.9265633330878118
0,0,0.07753886170843244
0,0,0.0029159209686180775
1,0,0.2745430452516775
0,0,0.003083044166039274
1,1,0.996445526932245
0,0,0.002989410312148175
0,0,0.06881657130429834
1,0,0.21124065750984278
1,1,0.8744902346566872
0,1,0.7918509106887034
0,0,0.13624695107118975
0,0,0.013024325217559394
0,0,0.003391161024845666
1,1,0.9499122941691669
0,0,0.13400802681354826
0,0,0.0023201843332646696
0,1,0.9238534782986614
0,0,0.0018260583791990857
0,0,0.012125196310555583
0,0,0.0034626952643194192
0,0,0.004467341827907483
0,0,0.18767628776351747
0,0,0.1970368289044875
0,0,0.0022063219235888623
0,0,0.39358054612864096
1,1,0.9890818078091492
0,0,0.15643919675512455
1,1,0.8872786929998249
0,0,0.04863196213492344
1,0,0.46274815111050016
0,0,0.05837693494275778
0,0,0.0250629451838696
0,0,0.0018594477152583755
1,0,0.29064637128319115
0,0,0.015830089398903985
0,0,0.04690838759719192
0,0,0.31316484466919114
0,1,0.6725287464313306
0,0,0.036703051861832696
1,1,0.7241656082691348
1,1,0.9808368978992871
0,0,0.3899827871056755
0,0,0.04418452309148369
1,1,0.9511293322272367
0,0,0.007870139019881426
0,0,0.0016943847782424058
0,0,0.38733391643507725
0,0,0.0113020667876389
0,0,0.006283005315643772
0,0,0.0019655035732210405
1,0,0.2219953190704897
0,0,0.01973841894267391
1,1,0.97946258051442
1,1,0.9955891644999494
0,0,0.0011742678917221639
0,0,0.0427931069829315
1,1,0.908210513117593
1,1,0.9709725296196071
0,0,0.004097705861055528
0,0,0.005812576558843479
0,0,0.37264725802715576
0,0,0.0021383388569325146
1,0,0.39741494137995237
1,1,0.5868709777827814
0,1,0.7352011582342558
0,0,0.002546037941892763
0,0,0.016486358788915367
0,0,0.001811865220064973
1,1,0.6916140136346467
0,0,0.0018729836707100846
1,0,0.11575249694321035
1,1,0.802296264471066
0,0,0.0016823628275749781
0,0,0.04076573337405655
0,1,0.6249323256335368
0,0,0.006391047326252323
1,1,0.588128125889663
0,0,0.03377077245049102
0,0,0.009261127749040999
1,0,0.12030564608176691
0,0,0.0486972292038339
0,0,0.002602784488577155
0,0,0.0027620866045861073
0,0,0.003138486911807652
0,0,0.0019457578836230192
0,0,0.002931763277213427
1,1,0.7634204983579663
0,0,0.01576218566131129
1,1,0.582407874352357
1,0,0.07828340260354391
0,0,0.040963741871240245
1,1,0.9549229529987325
0,0,0.0014526690545039796
0,0,0.0017749475909873665
0,0,0.38736939684219773
0,0,0.001999762357696621
0,1,0.8364765587757593
0,0,0.03939661029908277
0,1,0.5599616670711098
0,0,0.004210086468486643
0,0,0.006532548439548803
0,0,0.006599411513363146
0,0,0.0018610286995894702
0,0,0.026535700802786027
0,0,0.0013881710470971388
0,0,0.22839309142627037
1,1,0.8865963273501879
1,1,0.7468581421617526
0,0,0.00541601757108466
0,0,0.0022719101772390965
1,1,0.8888912412176585
1,1,0.9410307224309377
1,0,0.02043317829451014
0,0,0.04971991036981238
0,0,0.00505511614553484
0,0,0.47702916194998257
0,0,0.0022765510704722525
0,0,0.0019925314924206616
0,0,0.00794353480358168
0,0,0.13724916378886792
1,1,0.8942066728269172
0,0,0.2913999962460399
0,0,0.0014720606749552949
0,1,0.6247591351500171
1,1,0.5034527055065109
0,0,0.0014682897522404958
0,0,0.05890221901178199
0,0,0.002044320423297355
0,0,0.003419757713769211
0,0,0.00920723742823122
0,0,0.002201234654561162
0,0,0.0020590686687959317
0,0,0.0025921935710677383
0,0,0.003517136941326859
0,0,0.002901050822535091
0,0,0.003572239925664668
0,0,0.001571523977962183
0,0,0.007029582790241152
1,1,0.8610799906546386
1,1,0.6217658908375376
1,1,0.8497423313069425
0,0,0.001929410997379553
1,1,0.9365438957156381
0,0,0.01200443465771802
0,0,0.001438385553513463
1,1,0.7946167449068353
0,0,0.05757458684385591
1,1,0.8695516066472524
1,1,0.7927322635897012
0,0,0.008407167523479493
0,0,0.00209765541391392
0,0,0.0015855368137111263
1,1,0.7337407791455636
0,0,0.009575260595263198
1,0,0.322810665260404
0,0,0.0007955257295337517
0,0,0.3730064192352061
0,0,0.0014257762699780142
1,1,0.6509522569974912
0,0,0.0014519973706237119
0,0,0.0016208243432382211
0,0,0.010549802648835484
0,0,0.3268301586926046
0,1,0.5963281612500781
0,0,0.22928708538708553
0,0,0.0012335904606806853
0,0,0.007043513859417522
0,0,0.00473688957194008
0,0,0.0023356345075523114
1,0,0.3821446042763388
0,1,0.7070594829472
0,0,0.0018963872730492937
1,1,0.7811599070504811
0,1,0.7859558814851938
1,1,0.7494368446478304
0,0,0.0020089749553431845
0,0,0.0013275302541834173
1,1,0.979381744627543
1,1,0.8672322690387818
0,0,0.001959199338959565
0,0,0.17153356131340958
0,0,0.0028733408551288773
1,1,0.8628184845862035
0,0,0.012679683712435047
0,0,0.1592312009555051
1,0,0.40818912175441496
0,0,0.008541188876398669
0,0,0.008262022541975963
1,1,0.7935915410088833
1,1,0.8721958175589744
0,0,0.021104969517166536
1,1,0.8947237294847936
1,1,0.9502787455110268
0,0,0.08436328078061044
0,0,0.13650671804514738
0,0,0.0018233255978776313
1,1,0.7076259497505317
0,0,0.057589168127442344
0,0,0.1999045455750425
1,0,0.19128656739495672
0,0,0.0010439923641034133
1,1,0.6031605966981396
0,0,0.06826247584353504
0,1,0.8581901162017651
0,0,0.18780814203803564
0,0,0.03367277390198599
0,0,0.007223891088485363
0,0,0.001956443413400094
0,0,0.004130016064963138
0,0,0.0015311304292587105
0,0,0.00788131206250229
1,1,0.7675149062974145
1,1,0.9735927087761939
0,1,0.6005153316098197
0,0,0.011488950697743222
0,0,0.005459980890586511
0,0,0.08320588467019238
0,0,0.0013616173736406608
0,1,0.5873091547161023
1,0,0.05992198616750581
0,0,0.0033193122856404584
0,0,0.018382898993464434
0,0,0.04173236159250079
0,0,0.26270170714545615
0,0,0.2604713062731618
0,0,0.4717151998414732
0,0,0.052348893893331375
0,0,0.0016518656211617602
0,0,0.0011926872127187068
0,0,0.0016269303449600366
0,0,0.0956665542073653
0,0,0.16804581611320454
0,0,0.012265442341859905
0,0,0.001866904792931547
0,0,0.0016188627559675273
0,0,0.008692224049752758
0,0,0.002505692367979503
1,1,0.9611996243129712
0,1,0.6749853419919458
1,1,0.7270502748391683
0,0,0.15603264506667083
0,1,0.5932401794115125
0,0,0.03312135598876044
0,1,0.550405093612448
0,0,0.0022949906129634884
0,0,0.06759103897338523
0,0,0.0027703786809883777
0,0,0.0015782193890250948
1,0,0.14126145622892342
0,0,0.0014097696260949885
1,1,0.6385621601570013
0,1,0.751857646443681
1,0,0.10938965355373721
1,1,0.9778789045962878
1,0,0.3648965193658507
0,0,0.0019413849467386614
0,0,0.0008615637487763572
1,1,0.5329959716324084
1,1,0.8817974432642928
0,0,0.003961798290453409
0,0,0.0031471429252439118
1,1,0.8235505399466029
0,0,0.0018479954173590723
0,0,0.0015551497335598533
0,1,0.872678728303713
0,0,0.001544532310535539
1,1,0.6755106995660698
1,1,0.8572803831344206
0,1,0.6778769858868663
0,0,0.013022605911629476
0,0,0.0700255457800203
0,1,0.5089619220536752
0,0,0.016726399498054843
0,0,0.002229428669425709
0,0,0.3213303163556066
0,0,0.004616519045131955
0,0,0.0018942454076268003
1,1,0.9546988352087252
0,0,0.0016823455322336086
1,1,0.9665721795217906
0,0,0.020938728160794833
0,0,0.3359257670648516
1,0,0.2742184784350159
0,0,0.017882538382413053
1,1,0.9931321307723657
1,1,0.962244797519625
0,0,0.17037321565347924
0,0,0.0013548488065039809
1,1,0.9911521186324398
1,1,0.566685346098664
0,0,0.4267056717153163
0,0,0.004973641990323314
0,0,0.0028285240011355437
0,0,0.0023961806397929525
0,0,0.32179138304408295
0,0,0.0040903779666196585
1,1,0.9790024416345661
0,0,0.007157961313281987
0,0,0.4894943035474564
0,0,0.004974785503999487
0,0,0.007847290672564724
0,0,0.009987490076630256
0,0,0.006497581810602224
1,1,0.9847488520977696
1,1,0.549705495493401
1,0,0.3889993745468875
0,1,0.5016947096674509
0,0,0.3963554461859071
0,0,0.019523269563824143
0,0,0.0014590078806687742
1,1,0.9920621810329201
0,0,0.010136944347559775
1,1,0.9814669767379905
0,0,0.003506756134373817
0,0,0.0836851595575051
0,0,0.0019513048870574109
0,0,0.08864239491146218
0,0,0.005312928121669264
0,0,0.0021546559814670913
1,1,0.9890764238263688
0,0,0.23328033835792
1,1,0.9246657728757
0,0,0.0011919982808565304
0,0,0.0014777842144397006
0,0,0.3159983251804154
0,0,0.007482027351836966
0,0,0.00390765783003972
0,0,0.003917618879131056
0,0,0.0042043332105136675
0,0,0.0018793871055853594
0,0,0.0014204959311037958
0,0,0.012173967210046053
0,0,0.04441687422465714
0,0,0.23268920785567176
0,0,0.10662821245049212
0,0,0.1879597547443513
0,0,0.00178968179294455
0,1,0.8263434959908429
1,1,0.9871074072263046
0,0,0.0016104888918331603
0,0,0.07416918126749818
0,0,0.0021576992817687324
0,0,0.4044303480690889
0,1,0.6888589125594436
0,0,0.10092242965044872
0,1,0.5176602547687875
0,0,0.004616321727830509
1,1,0.879409301227255
0,0,0.0023750900150124885
1,1,0.9804391785636604
1,1,0.656557258072127
0,0,0.002933240772520615
0,0,0.06374271783828693
0,0,0.207084233113665
0,0,0.0016303630311414582
0,0,0.45193833828420116
0,0,0.003955058416257542
0,0,0.09933041371134446
0,1,0.5290400349316473
1,1,0.7437989914177625
0,0,0.005367386291015609
0,0,0.0013149469761958887
0,0,0.006324970300300595
0,0,0.0032247342791330764
1,1,0.9833329110445748
1,1,0.6909945981432629
0,0,0.004298626324182623
0,0,0.005626614546883115
1,1,0.6296011722890446
1,1,0.925428028800967
1,1,0.8007722180714888
0,0,0.0019152643196008454
1,1,0.9964835694828894
1,0,0.18260350645410936
0,0,0.02421518406255237
0,0,0.030869502303039538
0,0,0.3581295370525649
0,1,0.6041100556686411
1,1,0.9691677607346308
0,0,0.04146473026191477
1,0,0.48229834371555386
0,0,0.11186595320352753
0,0,0.08765907645330216
0,0,0.002940500122669564
0,0,0.01926597717855418
0,0,0.39409895744477524
0,0,0.0793755496925603
0,0,0.14612255973541136
0,0,0.0011849274365674167
0,0,0.19363936808844778
0,0,0.00540883331910031
0,0,0.003137466707885512
0,0,0.00799891849652262
0,0,0.0010789145318220348
0,0,0.002118357165101929
0,0,0.00397546991484749
1,0,0.07690699745685216
0,0,0.0017823207797524978
1,1,0.9230490712573669
0,0,0.1457603192029101
0,0,0.009482538066191403
0,0,0.004856556629095701
0,0,0.001329629028699714
0,0,0.0034607404080774173
0,0,0.001840541804487896
0,0,0.0022734192106953857
0,0,0.25037960923986446
1,1,0.6859322186441958
0,0,0.014387996215916035
0,0,0.03876484275004626
1,1,0.8348186138284742
0,0,0.03404418813495018
1,1,0.7737374952682752
0,0,0.049899243274832014
0,0,0.0016518656211617602
0,0,0.046402031977285756
0,0,0.019795428729460985
0,0,0.1050664435099124
0,1,0.6621688626741327
0,0,0.3005626607837624
0,0,0.04096790478653924
0,0,0.0060470089275003296
0,1,0.7984407833461626
0,0,0.007094970915548806
1,1,0.9904539122664279
1,1,0.9569560029007371
0,0,0.002694152062697232
1,1,0.9541218750557847
0,1,0.8703764308546499
0,0,0.004295102700951154
1,1,0.9784060601273807
0,0,0.0045279428494846554
0,0,0.0012819133241732928
0,0,0.009099183204344916
0,0,0.1145730450783647
0,0,0.0144192301811353
0,0,0.002154772965924548
1,1,0.9125852993414503
1,1,0.7377221973958352
0,0,0.15928872602214442
0,0,0.0020492186265418533
1,0,0.23755892525623504
0,0,0.29514405131602617
0,0,0.003759659753431512
0,0,0.0013666813407149495
0,0,0.006927433544890852
0,0,0.1689094423473435
1,1,0.5934660048183847
1,0,0.39600860307011526
1,1,0.5525970429670979
0,0,0.0012205292718466894
0,0,0.023860340423397082
1,1,0.657972418491451
1,1,0.9961690182305022
0,0,0.0016707194751320745
0,0,0.002743635261299641
0,0,0.005497686790681054
1,1,0.6998171829552637
0,0,0.011139134030067359
0,0,0.005104856562474014
1,1,0.8743561463286528
0,0,0.028119287473340616
0,0,0.0021877851394939015
0,0,0.04278817897617377
0,0,0.002874161282619662
0,0,0.0035418462134881256
1,0,0.395392336600428
0,0,0.026502738735467834
1,1,0.780480076386902
1,1,0.9957411944471258
0,0,0.13366654138718476
0,0,0.01011695873109073
1,0,0.39201588469418913
0,0,0.0012886288008593012
0,0,0.004392825576202242
1,0,0.3537736420262918
0,0,0.13226544739970125
1,1,0.8592594305791343
0,0,0.003440760903866866
1,0,0.43986858927597666
0,0,0.44535889919736404
0,1,0.8296344705492243
1,1,0.9850936614425864
0,0,0.3581295370525649
1,1,0.9939219737847801
0,1,0.5449111303509667
0,0,0.004833239538287049
0,0,0.017959033063742028
1,1,0.5095234533168097
0,0,0.0026408005207068496
0,0,0.3659082813263317
1,0,0.2319884738806657
0,0,0.10458672754191232
0,0,0.0019405857687769044
0,1,0.7043234876020379
0,1,0.9557196986610386
0,0,0.001470053153171539
0,0,0.0031008626682181755
1,1,0.5243659829535224
0,0,0.03796454779791965
1,1,0.9228654918478273
1,1,0.9782798478669607
1,1,0.6127889694772043
0,1,0.7305216428885722
0,0,0.0023913733060257803
0,0,0.009896228033983094
0,0,0.04267449092439083
0,1,0.7896195104735765
0,0,0.00280063144171017
0,0,0.004496155129882561
0,0,0.04197417899162008
1,1,0.5464939003297395
0,0,0.019811538061143007
0,1,0.8907940749490048
0,1,0.7097844637270357
0,0,0.17020450439712467
1,1,0.8801981500307267
0,0,0.003115617319227327
0,0,0.19586989380307201
0,1,0.505110169650628
0,0,0.17782564588326008
0,0,0.26985195697145753
1,1,0.8967188544303764
0,1,0.9376209354455036
1,1,0.8192096936119546
1,1,0.9843903355788016
1,1,0.9960695657319438
1,1,0.5882956474932063
1,0,0.3959843699940193
0,0,0.3090238187601733
0,0,0.14957271831618205
1,1,0.9957025205002663
0,0,0.003090209824300254
0,0,0.0016036866249454832
1,0,0.14888164857591962
1,0,0.45062812115662765
1,0,0.28722151141243907
1,1,0.6665874088192697
1,0,0.13638345809653005
0,0,0.024403476090732665
0,0,0.004758884634888412
0,0,0.0017338741802266848
0,0,0.05406013093662523
0,0,0.0054400204056740875
0,0,0.0020646605214769045
0,0,0.04301465584631404
0,1,0.7989570035650104
1,1,0.9815512530128196
0,0,0.0012869081886944353
0,0,0.004022249281951197
0,0,0.0028840145011991046
1,1,0.8302796231433676
0,0,0.0014232012167319115
0,0,0.0021833776698747904
0,0,0.2999494989903859
0,0,0.003173582833598841
0,0,0.0011308223675558114
0,0,0.017637515991273663
1,0,0.40075548506948716
0,0,0.0011825292335921544
1,1,0.71662492400516
0,0,0.0021044534074835452
0,1,0.5731252281195915
0,0,0.004935283605499865
0,0,0.0016976646331039414
0,1,0.7777020636250739
0,0,0.09031998307845436
1,1,0.6834452210926718
0,0,0.0021543182132445237
0,0,0.010392443954624377
0,0,0.0016160093566020368
0,0,0.00282379559068351
0,0,0.014073316219478984
0,0,0.006802570354272264
1,1,0.7095451802670945
1,1,0.8214259498703438
0,0,0.033031234326292486
1,1,0.9832207866105239
0,0,0.14276427770413785
0,0,0.003470947360610502
1,1,0.7765637450717116
0,0,0.019848820473721236
1,1,0.8861993514716058
1,1,0.8177336062782075
0,1,0.5141425159955949
1,1,0.8235829962557918
0,0,0.0016676898224667264
1,1,0.7453037767515879
1,1,0.9834380344811755
0,0,0.00201764140952586
0,0,0.005917850311459724
1,1,0.8943101616328457
0,0,0.0016818930034768135
1,1,0.7892867679449751
0,0,0.44560447165354
1,1,0.7063954171274659
1,1,0.9907694270970029
0,0,0.0022628819530163954
0,1,0.6685601162239236
0,0,0.0029330222114470196
0,0,0.01104247082313106
1,1,0.5278543180885652
0,0,0.4637850275595431
0,1,0.8306301296487116
0,0,0.019811538061143007
0,0,0.010488499270069965
1,0,0.15049584842175057
0,0,0.011112985839751762
0,0,0.0753957956903149
0,0,0.007565437002051076
1,1,0.7382486249640512
0,0,0.008780284169331541
0,0,0.029171078798090184
0,0,0.005770667717999029
1,1,0.7016871659658355
0,0,0.006880122496084298
1,0,0.250179250781956
0,0,0.10388049404834068
0,0,0.0033223907568951604
0,0,0.0016188627559675273
1,1,0.7557363639128238
1,1,0.8019637804479086
1,1,0.9887740181401731
1,0,0.03303145496114511
0,0,0.02118039472224384
0,0,0.06278762226700932
0,0,0.004091365826980625
1,0,0.26871426069822146
0,1,0.9306393810602636
0,1,0.5404181612134061
0,0,0.0041209275167489404
1,1,0.8803486248837283
0,0,0.0015399445914349534
0,0,0.02810648256123418
1,1,0.6973238009465672
0,0,0.008780284169331541
0,0,0.0033067959364980718
1,1,0.6951900806886787
1,1,0.6314262279474059
0,0,0.0012854057927280296
0,0,0.0016009115781588682
1,1,0.9871682069043033
0,0,0.0009848074587926398
0,0,0.11611585116959906
0,1,0.5235799772187507
0,0,0.05947674956532541
0,0,0.012384994180495892
0,0,0.0020393044143860537
0,0,0.2710232206362891
1,1,0.8257843811438833
0,1,0.8519951745308525
1,0,0.35420571196745426
0,0,0.0021962729320676596
0,0,0.0017360457301382405
0,0,0.16302962223577003
1,1,0.8662011320857215
1,1,0.6360117309866968
0,0,0.01753920155867609
1,1,0.977847988300237
1,1,0.8868337704820214
0,0,0.003339026163609709
0,0,0.006748603891394651
0,0,0.03844204869158493
0,0,0.002792528397250395
0,0,0.0020818681719753825
0,0,0.017387689775029826
0,0,0.07063096468295593
0,0,0.01044479443092696
1,1,0.9335132858711537
1,1,0.8982567348678413
0,0,0.0013302429816496595
0,0,0.005150185871834371
1,1,0.9894992074477933
1,1,0.8274633078729902
1,1,0.5692367257234626
0,0,0.002537277636552447
0,0,0.026502738735467834
0,0,0.06537685122361225
1,1,0.972061196209578
0,0,0.002649417681673747
1,1,0.8577207018982991
0,0,0.004490342066469318
0,0,0.0012614892033416013
0,1,0.525500485950184
0,0,0.030403052942778768
0,0,0.1695993661586457
0,1,0.7424289729901425
1,1,0.9266299211218374
0,0,0.003161865385694463
0,0,0.0018201360578263743
0,0,0.006516477848878502
0,0,0.031041214859325896
0,1,0.7925760632115066
0,0,0.06450150387552124
1,1,0.6354043716993866
0,0,0.0021304672655554136
1,0,0.449815666365627
0,0,0.0019022912829272708
1,0,0.19448725255880717
1,1,0.8753235340034168
0,0,0.008986989675976243
0,0,0.003996196418412221
0,0,0.006025982355960781
0,0,0.0030655760402390087
0,0,0.0030445657739646523
0,0,0.002721047180521204
1,1,0.8737437418460368
0,0,0.005436512378067756
0,0,0.001344862224330889
0,0,0.012630678924102497
1,1,0.9335181845880427
0,0,0.0387487090183029
0,0,0.0015209867848351435
0,0,0.0036719444451284882
1,0,0.4531915712780596
0,0,0.011216060596990415
0,0,0.002473990339833504
1,1,0.9570498627672775
0,0,0.29064637128319115
0,0,0.018468570631224975
1,1,0.6734544928729925
1,0,0.4688343158414935
1,1,0.9942125478907837
0,0,0.0022718116091767875
1,0,0.368587494692679
0,0,0.3169360246673459
0,0,0.000976593854137026
1,1,0.6233118486619256
0,0,0.24841973635453748
1,1,0.9830879784709328
1,1,0.8537539710207569
0,1,0.6437029857318859
0,0,0.003028276408728058
1,1,0.8515347777384433
0,0,0.008207891295069455
1,1,0.6889902804075716
1,1,0.609767654806696
0,1,0.7385600139449371
1,0,0.17404012731436513
0,0,0.09053788592724463
1,1,0.8471294964676103
0,0,0.0038077188262274535
0,0,0.007813988650590969
0,0,0.007361247279787914
1,0,0.45629086455414924
0,1,0.7055031771638558
1,0,0.27484769225370603
0,0,0.002693224676192434
1,1,0.9532545407314877
0,0,0.3694270025831907
1,1,0.8314108996251814
0,0,0.02389832134771924
0,0,0.29833105518671504
0,0,0.2760639989422902
1,1,0.8937979342406233
0,0,0.003910581570489954
0,0,0.03388194478330398
0,1,0.5265673472736694
1,1,0.720044345627416
0,0,0.0030929013067294907
0,0,0.03926710927339057
0,0,0.0086056505718244
0,0,0.0014375539391336377
0,0,0.002333368944454846
1,1,0.9668860295592678
0,0,0.006774074745206851
0,0,0.005121534680598898
0,1,0.7550427810706605
0,0,0.3331107748704716
0,0,0.0034877254472105777
0,0,0.0021678302975162494
0,0,0.0030277789536348244
0,0,0.002232231260691958
1,1,0.7724161385801112
0,1,0.7691989655526936
0,1,0.8047052483672095
0,0,0.05271791071937548
0,0,0.32325002823984045
0,0,0.006107853406928228
0,0,0.0018825435639751422
0,0,0.004279539921405575
0,0,0.0023370588343755803
0,0,0.028119287473340616
1,1,0.9658114697076803
0,0,0.0041681767723423906
0,0,0.13096411042718742
0,0,0.004991356099954964
0,0,0.001344862224330889
0,0,0.29411970781132474
1,1,0.8355383763666424
1,0,0.19297561814026049
1,1,0.6053359375670966
0,0,0.4633676762096399
0,0,0.001761609619888559
1,1,0.868330949819693
1,1,0.669655911566441
0,0,0.005850719704938973
1,1,0.9692073278717522
0,0,0.03065250568009569
0,0,0.048405880843010396
1,1,0.9437740300299207
0,0,0.0050891120931911326
0,0,0.0027415314093572427
0,0,0.39030743856326383
0,0,0.0018822687839365497
1,1,0.9863706954378364
0,0,0.0011687577027601366
0,1,0.9332942036544939
0,0,0.011539733247852076
1,0,0.0861660490744076
0,0,0.024838702207468095
0,0,0.03925912361508352
1,1,0.9290897670839584
1,1,0.6683737165928801
0,0,0.004926333352945763
0,1,0.6285116474202296
0,0,0.02214929438020012
1,1,0.8385966730687036
0,1,0.5170041599342103
0,0,0.02099143642498755
0,1,0.8341950096122125
0,0,0.004002157044854349
0,0,0.012305088792584852
1,1,0.8383928625366978
0,0,0.30993217598270273
1,1,0.9499974987003018
0,0,0.003760986538472837
0,0,0.015484418600538473
1,0,0.4667584648864989
0,0,0.002750889330701465
0,0,0.09889249621326511
1,1,0.8025161296221356
0,0,0.02114347241933172
0,1,0.7731730536908045
0,0,0.0448228969363323
1,1,0.9895106231935162
0,0,0.0026787133467263413
0,0,0.004573889174939148
0,0,0.0225312003978007
0,1,0.9178693154763649
0,0,0.0015502946052489126
1,1,0.7270608254600458
0,0,0.11400826786821391
0,0,0.0029348803307640324
0,0,0.028528979639293114
0,0,0.0011080999171885326
1,1,0.980733879252253
0,0,0.25470517351426564
0,0,0.030586985662776622
1,1,0.7624048487578448
0,0,0.001689143521858165
0,0,0.022144232946095826
1,1,0.9723276382985016
0,0,0.2047763036668701
0,0,0.001318038540798368
0,0,0.14054408367342197
0,0,0.0036460830087655673
0,0,0.001360259872112471
0,0,0.0028869859190300043
0,0,0.012717879392849742
1,1,0.6037236356466603
0,0,0.001953734006164959
0,0,0.14186656031341532
0,0,0.06282450497719631
0,0,0.004050725797785253
1,1,0.9354038425702519
0,0,0.043629094744580044
0,0,0.005621309262288544
0,0,0.007664425589352652
1,0,0.4134524269228357
0,0,0.004457692710328569
0,0,0.006950366351163741
1,1,0.9249241476436956
1,1,0.9875770691013975
0,0,0.026284588806129838
0,0,0.018450116023020307
0,0,0.13399386696106735
0,0,0.007131611273608491
0,0,0.09927646992541506
0,0,0.00217869379231437
0,0,0.2354436624499094
0,0,0.2083510855941601
0,0,0.005150494651707815
1,1,0.8902074002161501
0,0,0.0017670442079535003
1,1,0.8928686826461146
0,1,0.509233998188971
0,0,0.002641546460339584
0,0,0.004922733359638766
1,1,0.9953057972295634
0,0,0.40423401289693106
0,0,0.03721430329194873
0,0,0.0016075116890896923
0,0,0.4110178164607296
1,1,0.9924434812485621
0,0,0.0018307316204834298
0,0,0.0020779944736096113
1,1,0.7805502072516227
1,1,0.9188977817163457
1,0,0.1707744383750077
0,0,0.027645873572953162
0,0,0.0011762961015450966
0,0,0.2566476415161551
1,1,0.7428222985722709
0,1,0.5341364200675247
1,1,0.9917359864256664
0,0,0.010381603009065312
0,0,0.02743758160206137
1,1,0.6804158189875181
0,0,0.00662538350436129
0,0,0.00346107061413922
0,0,0.2789152565661426
0,0,0.057271435786335353
0,1,0.8863134164223563
0,1,0.7750933304388392
0,0,0.002794069765545975
0,0,0.08368438795641886
0,1,0.5844417289215706
1,1,0.9097605399314238
0,0,0.03875238200529679
1,0,0.07014855514332147
1,0,0.35065388291831295
0,0,0.17625253898548424
0,1,0.5149284351149578
1,0,0.4780166498756497
0,0,0.4501345614694511
1,1,0.9902804390654902
0,0,0.0016188627559675273
1,1,0.9613139572305832
1,1,0.6520224151310726
1,0,0.3358260170996195
0,0,0.0015466389933909668
1,1,0.9867493547042623
1,1,0.7580687292615675
0,0,0.008585843321685955
0,0,0.1253248206344067
0,0,0.35613374328382025
1,1,0.8352021469841198
1,0,0.2712851154280036
1,0,0.40957526961264273
0,0,0.04601399759376746
0,0,0.11828538016863153
1,1,0.8631191595685341
1,0,0.3867562272076275
0,0,0.0012589804763032714
1,1,0.7779397966454441
1,1,0.9944172565059926
0,0,0.004667903524052914
1,1,0.8977950667656546
0,0,0.1947151253460543
0,0,0.0011443252084582657
0,0,0.09455558103374412
1,1,0.7764593387047185
0,0,0.004023911245664624
1,1,0.9604198373349019
1,1,0.9803212143113667
0,0,0.0016889466544931279
0,0,0.0028069790919304284
0,0,0.005711696413892353
0,0,0.006484221882646442
1,1,0.8313954299439634
0,0,0.032847644407283584
1,1,0.9962532921382397
0,1,0.6317857144276331
0,0,0.0041696676646044
0,1,0.8936285315894218
1,1,0.9661119052151956
0,0,0.005252111656082244
0,0,0.1503329835018465
0,0,0.001802106461709487
1,1,0.8010358610245636
1,1,0.8030388455643519
0,0,0.0018237415120707708
1,1,0.5522414523085911
1,0,0.323428806393536
1,1,0.9713975112613098
1,1,0.5595934246548881
0,0,0.46651345437187425
0,0,0.00174879916904396
1,1,0.8730835777543927
0,0,0.0014355016339553583
1,1,0.9801658940495469
0,0,0.0019757156288741987
0,0,0.06201559963297216
1,1,0.9904417801335447
0,0,0.03333358452917282
0,0,0.02442049880915835
1,1,0.9884643083369657
0,0,0.33189213776761667
0,0,0.0018793871055853594
0,1,0.6535435123489841
1,0,0.37912025340785516
0,0,0.32050730867817806
1,1,0.758033428191069
0,0,0.007408248121565473
0,0,0.005665856625919861
0,0,0.0031924654667639064
0,0,0.001674608453698334
1,1,0.7908344544379411
1,0,0.1707744383750077
0,0,0.004186564355596152
1,1,0.9972500644955864
0,0,0.0014719618979790639
0,0,0.4711834668360655
0,0,0.010093107547469657
0,0,0.001350590462540428
0,0,0.0031335051537167372
0,0,0.061092858072458525
0,0,0.001917936513309114
1,1,0.968552481653838
1,1,0.725100652635655
1,0,0.4040706118609497
1,0,0.07721111997523925
1,1,0.6332818109874103
1,1,0.8973884781908374
0,0,0.0978861985416497
1,1,0.9834447306982564
0,0,0.0038520758102497427
1,1,0.8659828741931975
0,0,0.010702646206708839
0,0,0.043421901131694064
0,0,0.044781314402968404
0,0,0.0011608834771070357
0,1,0.6823085192797103
1,0,0.3776778804051982
0,0,0.0015435138546209379
0,0,0.473780257446701
0,0,0.17589582027322498
1,1,0.9920803420517758
0,0,0.00731308692938921
1,1,0.9908864249395727
0,0,0.0032996979983025494
0,1,0.5969685948049192
1,1,0.8774431971760115
0,0,0.045554307249250976
0,0,0.006514845955750759
1,0,0.28542215301523416
0,0,0.2671285386931878
1,1,0.7502787083025967
0,0,0.4063138252960411
0,0,0.45845365635521346
0,0,0.0013949452226306419
0,0,0.005840215028036613
0,0,0.00519704084777034
0,0,0.03073914481495323
0,1,0.701136156641796
0,0,0.07591709110084642
0,0,0.014453320978759981
0,0,0.0016188627559675273
0,0,0.0021010880035462354
0,0,0.008722815474083153
0,0,0.02811126621493069
0,0,0.14456985948894116
1,1,0.8057834931033158
1,1,0.9831207052446996
0,0,0.003938638585792056
0,0,0.3111720907295369
0,0,0.1452880794974968
0,0,0.0027241524119674993
0,0,0.001226619293108878
1,1,0.7821332178989586
0,0,0.0010082951954248527
0,0,0.20029061790776215
1,1,0.7869462888013397
0,0,0.01104247082313106
1,1,0.994578307425561
0,0,0.002301327199394544
0,0,0.02583620614229431
0,0,0.0017447549522987208
1,1,0.7508519628477777
0,0,0.0021329859278785574
0,0,0.12303165945103013
0,0,0.001953723908466306
0,1,0.7477148659898806
0,1,0.9767689021359605
1,1,0.9408933684088973
0,0,0.005287297791960847
0,0,0.15901944546545552
0,0,0.03562104860024741
0,0,0.006554474385469201
0,0,0.0015235608144996734
0,0,0.0018595065303633166
0,1,0.9300721130188337
0,0,0.008338025911637825
0,0,0.0012208636734780333
0,1,0.512492138582489
0,0,0.0019160142328771956
0,0,0.08059649189726659
1,1,0.9807321706728157
0,0,0.03230584533766212
1,1,0.594218808364077
1,1,0.5503437238518973
0,1,0.5881267361882765
1,1,0.9818889111199741
0,1,0.6388523926886215
0,1,0.872678728303713
0,0,0.001659619840904258
0,0,0.42583881681433766
1,0,0.21996448220393355
1,1,0.9891338802477554
0,0,0.004635212120562492
0,0,0.002128106084041076
0,0,0.25037960923986446
0,1,0.85522253216869
1,1,0.9606211543883257
0,0,0.0015526011415969876
0,0,0.005303883770397464
0,0,0.037211314024187835
0,0,0.0017670655377356626
0,0,0.004616607593650493
0,0,0.003902524746048984
1,1,0.7096423502886047
0,0,0.01632822788826163
0,0,0.002484557627652011
0,0,0.005520093818212138
0,0,0.0021110650927745
1,1,0.9188977817163457
0,0,0.002871787302404629
0,1,0.7634955418694013
0,0,0.0015832518697965017
0,0,0.0029428980071087452
0,0,0.2126240496405124
1,1,0.8955467714736568
0,0,0.05668407112535401
0,0,0.03154052237350066
0,0,0.0677152273081305
0,0,0.008486362032280356
0,0,0.0066196357232935635
1,0,0.4187490977848142
1,1,0.994099260440075
0,0,0.0022402256723777314
0,0,0.008661871421718705
1,1,0.9018105596357971
0,1,0.5977939408886915
0,0,0.035861747651143173
0,0,0.0017490084997070954
0,0,0.3137021366995947
0,0,0.003216080535925927
1,1,0.924231250735924
0,0,0.03998966156312079
1,1,0.5839869701033777
0,0,0.24265805576697916
0,0,0.03072402744440514
0,0,0.002144687317323262
0,0,0.0017636370961045245
0,0,0.02417188337408752
0,0,0.002181455038497606
0,0,0.39543127257189237
1,1,0.9701363546516901
0,0,0.4446033738419811
0,0,0.02997524566183248
0,0,0.25162914662269553
0,0,0.2866778849886284
0,0,0.002199481244518369
0,0,0.08550782589316903
1,1,0.6537203232440651
1,1,0.9977839711559232
0,1,0.6485412771241501
1,1,0.8180581687273679
0,0,0.018961418445001873
0,0,0.004835122567898053
0,0,0.003290796881013895
0,0,0.0025147675866400323
0,0,0.07309596091263507
1,1,0.5939221866700192
0,1,0.8069286914215467
1,1,0.9624930372181855
0,0,0.00350071970739909
0,1,0.5275933368276504
0,0,0.0016160093566020368
0,0,0.056367187811360894
0,0,0.0011772672342265824
0,0,0.0015668777961695105
1,1,0.9963668409958373
0,0,0.29987616837160147
0,0,0.06695124475810389
1,0,0.4495057906892898
0,0,0.04756824135397194
1,1,0.9954646416613908
1,1,0.9195470675102618
1,0,0.4360616479564608
0,0,0.009718930330647375
0,0,0.004141946586559202
0,0,0.017333532312165525
0,0,0.0019953929983086336
1,1,0.9609675226673035
0,0,0.05731972917292882
0,0,0.0011950194668222053
0,0,0.0014330654948040758
0,0,0.47399806661407545
1,1,0.876345011379889
1,1,0.9739448914176736
0,0,0.020673111250243407
1,1,0.9305796116707098
0,0,0.2755117788263908
1,1,0.969597423921878
0,0,0.02618332469505354
0,0,0.05095758899368831
0,0,0.0012765284056364692
0,0,0.001916637067506383
0,0,0.038645991176395514
0,0,0.23548048669202837
0,1,0.5367926443189837
0,0,0.002854456248012579
0,0,0.002110603629255305
0,0,0.004670420028429133
0,1,0.6779968670496372
0,0,0.31227617671859326
1,0,0.0770124921167137
0,0,0.0013875260951379728
0,0,0.0019161804258333727
0,0,0.0024648401723697424
0,0,0.0027797355361274534
1,0,0.07126260665712555
0,0,0.03926710927339057
0,0,0.016739587816408785
0,0,0.0017717164448976534
1,1,0.5595361687732433
0,0,0.01652226553981739
0,0,0.007770398085870404
0,0,0.13273811991366533
1,1,0.950536231789174
0,0,0.002483592206549826
1,1,0.9862145500574704
0,0,0.053192779590717776
1,1,0.9873030745651086
0,0,0.003185141472468704
0,0,0.001129033136504405
1,1,0.911250962075284
0,0,0.08010502021574721
1,1,0.9688929903735557
0,0,0.4538290260933994
0,0,0.020006636387643027
0,1,0.9419216228059184
0,0,0.22047755732896293
0,1,0.599321917240173
1,1,0.9970821596338938
0,1,0.8280686676298276
0,0,0.007892414469635893
1,1,0.9890422669611696
1,1,0.9759645659453011
1,1,0.9201278567055383
0,0,0.003055480198981681
1,1,0.8141430868499965
0,0,0.4213352385718337
0,0,0.0010270790103972867
0,0,0.002014259814123101
1,1,0.9947778310110759
1,1,0.8071183046865751
1,0,0.26937846028945067
1,1,0.6310425705893526
0,0,0.0035256859068579748
0,0,0.004505760013034557
1,1,0.7963462915153957
1,1,0.836902885891594
0,0,0.038133928672720065
0,0,0.0016374465341582052
0,0,0.4307970900373001
1,1,0.9878797592409898
0,0,0.0024077647115424775
0,0,0.007061257870881204
0,0,0.001264716587428848
0,0,0.16071715055460087
0,0,0.018343419394937648
0,0,0.001509478953306975
1,1,0.8492223782211585
0,0,0.3670109513616699
0,0,0.07443929548488239
1,1,0.9424786210423323
0,0,0.008705267753055402
1,1,0.9862624338721089
1,1,0.9737527209799168
0,0,0.001943391148150726
1,0,0.10721944544863142
0,0,0.0041696676646044
0,0,0.06480061700319602
0,0,0.001909930674646042
1,0,0.312998038007217
0,0,0.024735529741206262
0,0,0.0016643462046685158
0,0,0.0015641036640437144
1,0,0.4158400646850619
0,0,0.007691890077105083
0,0,0.0379760455720564
0,0,0.005266218589804793
1,1,0.5085138047066661
1,1,0.8605461010769345
0,0,0.014517845956295747
0,0,0.018033396505632886
0,0,0.011653841828387761
1,1,0.9909698465347502
0,0,0.0008825048036624735
0,0,0.0022794285122559417
0,0,0.001610435176650491
1,1,0.7737139635149154
0,0,0.10144441362640641
1,1,0.9338645011071454
0,0,0.4515830240639577
1,0,0.47849191647329115
1,1,0.8839021648429618
0,0,0.019934110284282967
0,1,0.5120324565598288
0,0,0.3213581106094271
0,0,0.39522395374723157
0,0,0.18129330209762642
0,0,0.15649225449847567
0,0,0.022143969786384585
0,0,0.00222043317480182
1,0,0.23953139321900557
1,1,0.6808074098360902
0,0,0.003564211795398166
0,0,0.007410887790296534
1,1,0.9874591824684016
0,0,0.2689583495168569
0,0,0.004415183849978672
0,0,0.0030374500980315223
1,1,0.9480760142957767
0,0,0.34475424583645947
0,0,0.3782070551135128
0,0,0.0012647612807073988
0,0,0.013956351709709118
0,0,0.05259752816372499
0,0,0.02445377144033809
0,0,0.0014010581133832216
0,0,0.096192023979366
0,0,0.018246528534618563
1,1,0.794531658301864
1,1,0.9863469158192255
0,0,0.44041245014801084
0,0,0.004803910460904126
0,0,0.0019715487974105534
0,0,0.010331647359471867
0,0,0.10803195072358913
0,0,0.052851385996750246
1,1,0.9950090764965219
1,1,0.9895057134846702
0,0,0.1495246610018534
0,0,0.001630539437129552
0,0,0.001595968319245643
0,0,0.0026642213736416034
0,0,0.048401868226714516
0,0,0.0016075116890896923
0,0,0.0022888486903380615
0,0,0.03094042333320552
0,0,0.42782675512751883
0,0,0.08888129895748945
1,1,0.7715441494705582
1,1,0.7078142298981547
1,1,0.791226185311925
0,0,0.007469362428137354
1,1,0.9933362083849097
0,0,0.0036345158941945874
0,0,0.005381926199121261
0,0,0.23389841697714603
0,0,0.025699926771245198
0,1,0.5632126888106304
0,0,0.00622133757971311
1,1,0.898171087348583
0,0,0.24222842245256154
0,0,0.0027771944330679576
0,0,0.008271973456147668
0,1,0.6873112067685085
1,1,0.961884571709356
0,0,0.24011604776564727
0,0,0.0017821314899014234
1,1,0.9521740623562688
0,0,0.001796859820711456
0,0,0.031431928592574626
1,1,0.6311399107934008
1,0,0.17938981739755427
1,1,0.668458054335254
0,0,0.06326741724589438
0,1,0.5536932825797959
1,1,0.7617390809401844
0,0,0.07269789497851235
0,0,0.013276736232827002
0,0,0.002968620503459946
0,0,0.0014693914123355013
0,1,0.7749601891743615
0,0,0.00276682131677806
0,0,0.4343933001804346
0,0,0.009361096109310924
1,1,0.8870664739514412
0,1,0.7082427699545929
0,0,0.0011683416389699592
1,1,0.8538252977929013
0,1,0.551857873483866
0,0,0.00921686459221814
0,0,0.0014125078342734816
0,0,0.04731134615894444
1,0,0.20493074773057726
0,0,0.002207900720478973
0,0,0.009687622070437227
0,0,0.0031295163503241214
0,0,0.10424135765372751
0,0,0.011686056762216936
0,0,0.451457401522911
0,0,0.035290906033538905
0,0,0.009891528251409465
1,1,0.7623054673095335
1,1,0.995549278521307
0,0,0.1200732980349847
0,0,0.002521716044078258
0,0,0.0029586825206753065
0,0,0.06483882379851459
0,0,0.059648199312615426
0,0,0.45364838210050085
0,0,0.004034111154064758
1,1,0.991733874620886
1,1,0.9907894223966347
0,0,0.0038541113520083234
1,1,0.9633917615870933
0,0,0.0032351869063310524
0,0,0.0026831108168037686
0,0,0.003152163640118039
0,0,0.022202376014944514
1,1,0.904050019307047
0,0,0.02799105720006294
1,1,0.9870271395224993
0,0,0.0014669278368897613
0,0,0.46474652041581627
0,0,0.0496915670634971
0,0,0.0019907516062559185
0,0,0.005085547813008359
1,1,0.9937855472652967
0,0,0.1311467717955556
1,1,0.8664909827982984
1,0,0.49896020777987476
0,0,0.03148556027996383
0,0,0.0011546060621847327
0,0,0.001443487222067378
1,1,0.8877054637048202
1,0,0.041442900493399104
0,0,0.0021802582007253678
1,1,0.8704360998093302
1,0,0.4564299491889306
0,0,0.013387957199619953
0,0,0.053073265307920815
1,1,0.7318665979605651
0,0,0.07654818601593112
1,1,0.9657316115468118
0,0,0.08225357575851562
0,0,0.2602919888189778
0,0,0.0027034047600417686
1,0,0.4055231338371522
1,1,0.9859151051300479
1,1,0.9724317216492098
0,0,0.0013949042095893315
0,0,0.0029154706300308065
0,0,0.0022721308234619846
0,0,0.0051051647239399875
1,1,0.9955120663713712
0,0,0.018165851466892074
0,0,0.0010757671662561554
0,0,0.0017446339267118856
0,0,0.0016188627559675273
0,0,0.37229641570463085
0,0,0.0023583619641859735
0,0,0.0022443640753295442
0,1,0.8049364885302743
0,1,0.5550502991637577
0,0,0.001605275476072398
0,0,0.005898429998501862
0,0,0.00125316409744755
0,0,0.0018730643201115673
0,0,0.053818510986032984
0,0,0.018429380647150266
1,1,0.9653380130653219
0,0,0.017033529753141066
0,0,0.0019055976816915708
0,0,0.0019305471469083886
0,0,0.008093265401700297
0,0,0.01133930062540288
0,0,0.0022642571510984775
0,0,0.005279602324075715
0,0,0.0028308307554641304
0,0,0.0026953558048952134
1,1,0.879594394028009
1,1,0.9974319941264062
0,0,0.03440876050944179
1,1,0.7048699649400592
0,0,0.07491777345699789
0,0,0.002345630639103191
0,0,0.09382801516774379
0,0,0.0036335635859957778
0,0,0.004337643407264496
1,1,0.7558926626932075
0,0,0.003363948549848034
0,1,0.6038713772083719
0,1,0.5426804349355094
0,0,0.3333439064561055
0,0,0.0007996328141327274
0,0,0.0015467799061095835
0,0,0.29340977880633523
0,0,0.0019451531751321226
0,0,0.0017927994595968364
1,1,0.8557688550850633
0,0,0.001230873323614273
0,0,0.1284903066670991
0,0,0.02745471563900191
1,1,0.9193436541988449
0,0,0.1083409066811993
0,0,0.0024322882341936487
0,0,0.00794054152787877
1,1,0.8309360888740631
0,0,0.045437952475412734
1,1,0.9064507092345094
1,1,0.855099922705528
1,1,0.647790755996127
0,1,0.8868267303065868
0,0,0.12831521513639482
0,0,0.0015379898047698268
0,0,0.05185526674693232
0,0,0.009589782213600967
0,0,0.10950519943239156
1,0,0.3575200343580373
0,0,0.003002761366564459
0,0,0.0039611421931764765
1,1,0.9431841385945107
1,1,0.8204324680838592
0,1,0.8199838817411602
0,0,0.05375572572346483
0,0,0.24538162714140177
0,0,0.0018807015971475981
1,1,0.9252141753828688
1,1,0.929358685371995
1,1,0.8059025591699747
0,1,0.6468129262268694
0,0,0.15645127440419412
0,0,0.001999762357696621
0,0,0.007582541449310278
0,0,0.4092159364179111
0,0,0.15160748057893883
1,1,0.9122260499738157
1,1,0.8059623675157999
1,1,0.8772906313376718
0,0,0.001985006278889403
1,0,0.2276583248293459
0,1,0.5226240341342014
0,0,0.31379964534637717
0,0,0.0682511497825585
0,0,0.4735158229618149
1,0,0.07560454711022281
1,1,0.9956328067122503
0,0,0.0011620585689933673
0,0,0.0017996792230282968
0,0,0.005030962720793711
0,0,0.01973841894267391
1,1,0.7186063332752237
0,0,0.09223441266551421
0,0,0.0031149198134727864
0,0,0.017428447914138438
0,0,0.38875015544507735
0,0,0.298098804263737
0,0,0.030869502303039538
0,0,0.003110084382405891
1,1,0.8460091124830845
0,0,0.017673112411165152
1,0,0.4190673563115027
1,1,0.991558830974221
0,0,0.002343234840132707
0,0,0.003929518474575751
1,1,0.7552993469850688
0,0,0.05514069887146427
1,1,0.988986946773148
0,0,0.006719708467276774
0,0,0.001643633842755291
0,0,0.011774874340402313
1,1,0.8862898177787154
0,1,0.5795770460420021
0,0,0.011257348757740562
0,0,0.0023913733060257803
0,0,0.016003813906928357
1,1,0.8171319062795069
1,0,0.353566980337033
0,0,0.006926436751188678
0,0,0.14244391460530526
1,1,0.8152548636528881
0,0,0.0054109754127806275
0,0,0.0010166350472881464
0,1,0.6307765406102955
0,0,0.0022734192106953857
0,1,0.8106664481603528
0,0,0.17954927500424628
1,1,0.9138340645973679
1,1,0.7413556019541957
0,0,0.002452904702045436
0,0,0.19805129692086237
1,1,0.9677429315718173
0,0,0.006347336926444207
0,0,0.36326529680990033
0,0,0.006628927804405273
0,0,0.0017182573227138124
0,1,0.5841288965547358
1,1,0.8775702032615202
1,1,0.9914492601802081
0,0,0.006230301491758288
0,0,0.0023751964544383836
0,0,0.002455534499938876
0,0,0.01526660310096891
0,0,0.010535261782458798
0,0,0.00109852829418704
1,1,0.9513881304958881
1,0,0.17203953052688256
1,1,0.9209899920255489
0,0,0.24018185570582296
0,0,0.0015533778111774272
0,0,0.01816378878438089
0,1,0.7844446848427515
0,0,0.0020788749392449224
0,0,0.000990283233489556
0,0,0.0015624917072265267
0,0,0.0017028805857696417
1,1,0.8990272550567977
0,0,0.001541520454847858
0,0,0.006461097583667451
0,0,0.002943527942907614
0,0,0.09674480610279357
0,0,0.0029465065834933324
0,0,0.00781618080241211
0,1,0.5766106295516079
0,0,0.46180951240051776
1,0,0.12373454290043273
0,0,0.009041012651975253
1,1,0.7669521560463738
0,0,0.3732443436928645
0,0,0.4954304250357417
0,0,0.0017643279475588974
0,0,0.06031770155741467
1,1,0.8367664819922492
1,0,0.2825859533397553
0,0,0.07906896967213081
1,0,0.46341224121680774
1,0,0.17626793272403654
0,0,0.17630644625492745
1,1,0.6141596246312454
0,0,0.057892368732989426
0,0,0.0017040956757275064
0,0,0.0013711994397428817
1,1,0.989389569340579
0,0,0.12383582450687126
0,0,0.02159066195733157
0,0,0.0017573127499635475
1,1,0.9392908314391505
1,1,0.9195665622140101
0,0,0.00795939704772539
0,0,0.07875994186387836
1,1,0.7651028720281583
0,0,0.015622429038298684
0,0,0.10663877494273567
0,0,0.0077038832269088735
0,0,0.018254342799678414
1,1,0.9137552251114247
0,0,0.0048981817685718985
0,1,0.7891544157143696
1,1,0.8357757757772103
1,1,0.9731198470657956
1,1,0.9933535691150123
0,0,0.0024207449981171465
0,0,0.10453549513455067
1,0,0.1416794918585564
0,0,0.0014925550383871869
0,0,0.04812362370600395
1,1,0.8217133249132108
0,0,0.04451515677605061
0,0,0.08463521567785998
0,0,0.16800471936810196
1,0,0.2232954961202022
0,0,0.014658294524776114
0,0,0.2533934194701688
0,0,0.02289250667610114
0,0,0.004260171103869732
1,1,0.9968013568912244
0,0,0.028776249002931506
0,0,0.005472458383382221
0,0,0.001837715790409871
0,0,0.0030476025365769014
1,1,0.6678339925428668
0,0,0.028776249002931506
1,1,0.8137343653864636
0,1,0.6704143404623123
1,1,0.9414080017920622
1,0,0.47190254267110493
0,1,0.654184355707141
0,0,0.0027514785750008793
0,0,0.005710505488444069
0,0,0.0023334222309160805
0,0,0.0043035933730305245
0,0,0.0035538436379619564
0,0,0.0036719444451284882
1,1,0.9896686706671167
0,0,0.0011769646245202014
1,1,0.9022049483868675
0,1,0.5482927957824953
0,0,0.0021560534468701193
0,0,0.14550126109275904
0,0,0.0053014266585666246
0,0,0.0066309837768135
1,1,0.9804309732576679
0,1,0.5005592841735924
0,0,0.006184030267947795
1,1,0.7651260196226719
0,1,0.7624819242487848
1,1,0.9886359291004979
0,0,0.003255895665559195
1,1,0.6841628931761358
0,0,0.008437161654646603
0,1,0.7235066720436842
0,0,0.018506269170856963
0,0,0.008891319946043917
0,0,0.015412990198525794
1,1,0.9819948123935818
0,0,0.012473719897166205
0,0,0.0023256209574046656
0,0,0.17189751746462448
0,0,0.0010159214466946857
1,1,0.6689926576983672
0,1,0.5027850965790868
1,1,0.5897237319380535
0,0,0.324068394374243
0,0,0.16636637907439294
0,0,0.31979334119587016
0,0,0.015114937767170976
1,1,0.9863723807914447
0,0,0.4166306424267777
1,1,0.9916357859154631
0,0,0.24002501465912826
1,1,0.9853823268308038
0,0,0.1163021413275554
1,1,0.8749431943899967
0,0,0.0039663695717843655
0,0,0.10458672754191232
0,0,0.0024430421728221367
0,0,0.0036263933123001166
0,0,0.24352424350265559
0,0,0.06383975946425209
1,1,0.6754147758576902
0,0,0.13140060365768821
0,0,0.0011791161811022738
0,0,0.0013833537083412651
1,1,0.9176620040245418
0,0,0.0016369292943648687
1,1,0.9881918348063751
0,0,0.003370251613052522
0,0,0.3522697167159934
0,0,0.07219611371091834
1,1,0.9731198470657956
0,0,0.01196796683538003
1,1,0.9561503521917846
0,0,0.11550903531669998
0,0,0.009495885743755192
0,0,0.001284148662716091
0,0,0.017082554953734265
0,0,0.005516461080472391
1,1,0.5820779833170697
0,0,0.0033560711724320257
0,1,0.8261459726404459
0,0,0.002010963766357525
0,0,0.0018674106607305255
1,1,0.9636961406653051
0,0,0.2321440389995407
0,0,0.03578145812295937
1,1,0.7407573002046302
0,1,0.6242833938925525
0,1,0.6170043192679454
0,0,0.0034030433353063666
1,1,0.9614095852221979
0,0,0.07804785288999401
0,0,0.001989330348836219
1,1,0.5693701394820526
0,0,0.30494826743432724
0,0,0.01651831876497763
1,1,0.8477422782687479
1,1,0.8852033534148595
0,0,0.012936479743762856
0,1,0.5035293771638726
0,0,0.11466746014544991
1,1,0.9897264224890678
0,0,0.003265669917433425
0,0,0.013659465862540575
1,0,0.25307098118493204
0,0,0.0015088153895801144
0,1,0.6793401375211152
0,0,0.23918790002022774
1,1,0.9730126333959201
0,1,0.7858768617183873
0,0,0.00535819224192364
1,0,0.25446745650051295
0,0,0.09973738505400045
0,0,0.0013087910583963226
0,0,0.2696427495170258
0,0,0.019523269563824143
1,1,0.989253825117994
0,0,0.002210543128708821
0,0,0.0014418235996174395
0,0,0.14801942819164596
0,0,0.002945498998834129
1,1,0.8860533706138001
0,0,0.0010686622331513328
1,1,0.995187014008054
0,1,0.9294335597859379
0,0,0.0016094467291215284
0,0,0.2997535207177699
1,1,0.9368916866005642
0,0,0.0032722364910924193
0,0,0.0859020419645125
0,0,0.42854099320671823
0,0,0.0024305659384507208
0,1,0.6922555577101285
0,0,0.0077038832269088735
1,1,0.9087828258582754
0,0,0.0015779549546102003
0,0,0.3133431802841535
0,1,0.8233546271303755
0,0,0.048454744187413044
0,0,0.20551139335318064
0,0,0.4149746003515453
0,0,0.0010374906710756634
1,1,0.8109530132511592
1,1,0.9154802704435581
0,0,0.0033018490597082873
0,0,0.42577201786018193
0,0,0.0015129781889731708
0,0,0.0016757121558843133
0,0,0.010525121512175925
0,0,0.0020831704478376087
0,0,0.001345569868678147
1,1,0.989954786990879
1,0,0.09751611880772824
1,1,0.6679266815781032
0,0,0.02612973408445913
0,0,0.023646517345459556
0,0,0.1802234977306612
1,1,0.7165885959703505
1,1,0.813738745749801
0,0,0.005710505488444069
1,0,0.3462977979719452
0,0,0.007163233661327496
0,0,0.003914959131094431
1,1,0.8770699252977707
0,0,0.0017621317543921797
0,0,0.4199228265414946
1,1,0.9286887317943026
1,1,0.7420425191329393
1,1,0.6227791739999009
0,0,0.007438715548808963
0,0,0.009541993693611733
1,1,0.9906462472567424
0,0,0.001767409825991312
0,0,0.3267432385103718
0,0,0.0025680807324111416
1,1,0.6160161419272503
0,0,0.01089417060295189
0,0,0.25973257334034944
0,0,0.010328107560616981
1,0,0.37720711262653767
0,0,0.0017812999884215806
0,1,0.5624561081272391
1,1,0.9926406273461122
0,0,0.026596305257704005
1,1,0.9182711793111203
0,0,0.0074996177340992485
0,0,0.0014287775046797873
0,0,0.0021175102851204207
0,0,0.002263404187691212
1,1,0.9307625430987883
0,0,0.0025155597166470665
0,0,0.0033738828206804823
0,0,0.49317541330712883
0,0,0.0029915555190165146
0,0,0.0018139086921286902
0,0,0.0030425439615043804
0,0,0.24704606688367822
0,0,0.0019881725385365277
0,0,0.0018219278456513518
0,0,0.1557530399835531
0,0,0.0023452454081349895
0,0,0.020104112406920324
0,0,0.0020863931021095753
1,1,0.9201716158761479
0,0,0.42416813688224303
0,0,0.39366145374114353
0,0,0.1300302355976393
0,1,0.5945255303619305
0,0,0.017518405898178154
0,0,0.005593349165186221
0,0,0.4967816542446692
1,1,0.9944172565059926
0,0,0.0023845019543344624
1,1,0.9885487992734397
0,0,0.001722978497834835
0,0,0.0026336319014497243
0,0,0.006541430663098683
1,1,0.752614887003438
0,0,0.003902524746048984
0,0,0.005663886278218502
0,0,0.09329883097549106
0,0,0.2907629196898179
0,0,0.1414628675097511
1,1,0.588128125889663
1,1,0.9531602379047952
0,1,0.8210011734708674
0,0,0.00134985851154652
1,1,0.9917505264464039
0,0,0.023925562084982185
1,1,0.6308374313596342
0,0,0.0015001537549849838
1,0,0.4457707607945076
1,1,0.9807816757313899
1,1,0.9949198014311232
0,0,0.09186670433230264
0,0,0.005621309262288544
0,0,0.3587121391833716
0,0,0.0022208634442071936
0,0,0.019811538061143007
0,0,0.002728041398824714
0,0,0.0013561671347498837
1,0,0.16801942161277525
0,0,0.08637105760599843
0,0,0.09523258015839609
0,0,0.3067359854354721
0,0,0.4261142356644154
0,0,0.0009502138089036698
1,1,0.9952153858667647
1,0,0.2299883591134996
1,1,0.6996653085494674
0,0,0.0024964836229441705
0,0,0.2025757682837847
0,0,0.010369466883056677
1,1,0.9875770691013975
1,1,0.7036585274238558
0,0,0.08033990370650869
1,0,0.3149257479545289
1,0,0.0588531287580494
0,0,0.004084026720682584
1,1,0.6913537587332622
0,0,0.0016281722537074836
0,0,0.027693673094888193
0,0,0.008582410650912281
1,1,0.9657232476908196
0,0,0.03146700679954745
0,0,0.0018511733182062873
0,0,0.04517372418487934
0,0,0.0028702531126439525
1,1,0.6308882039602729
0,0,0.006319341326335669
1,1,0.8685497173358364
1,1,0.9211034819452816
0,0,0.3609162987560569
0,0,0.35490040055451244
0,0,0.002630676220404276
1,1,0.8617905545192136
0,0,0.02321545201695934
1,1,0.7697365199984407
0,0,0.002812796144124209
0,0,0.0023427758210208057
0,0,0.0899366995016655
0,0,0.0016754975174558392
1,1,0.8243384570292448
0,0,0.002668560305262198
0,0,0.022617174547487493
0,0,0.009015837278351166
0,0,0.09784385426449449
0,0,0.011653841828387761
0,0,0.02071330881079242
0,1,0.7880334270517148
1,0,0.44380985761165714
0,0,0.02104562351143663
1,1,0.8996552742460938
0,0,0.23996093099156854
0,0,0.0037824995401399327
0,0,0.2930700677712699
0,0,0.01926183387060827
0,0,0.001606980009256664
0,0,0.0021877851394939015
0,0,0.00352263496463597
0,0,0.09717103407427075
0,1,0.7883618200271794
1,1,0.791151884082374
0,0,0.02881548539887113
0,0,0.003637797210262746
1,1,0.5662620460546118
0,0,0.002792528397250395
1,1,0.6532862148828933
0,0,0.0015663717881398856
1,1,0.7960972728994699
0,0,0.003936658443385593
1,1,0.7573649843470204
1,1,0.9442307433312133
0,0,0.03312135598876044
0,0,0.008047486400455188
0,0,0.03596527266038301
1,1,0.7427119773014499
0,0,0.0022650147370648892
0,0,0.0030644620800458454
0,0,0.0031097906481140575
1,1,0.9577830949495466
0,0,0.01392642932298095
1,1,0.8294333798911568
0,0,0.1440819899194349
0,0,0.009703642713949806
1,1,0.8192898699555196
1,0,0.4063290952503737
0,0,0.010874440637181303
0,1,0.551515470320293
0,0,0.0017257240515183236
0,0,0.011216060596990415
1,1,0.7779326493816036
0,0,0.019141316358343652
0,0,0.1809635633490783
1,1,0.9922185391915134
0,0,0.016667673967511724
0,0,0.47195988656085464
1,1,0.9565112461839747
1,1,0.8500208436696199
0,0,0.002652801958876151
1,1,0.9775756498696552
1,1,0.7444985243314157
1,1,0.9969552156139899
1,1,0.9918062521876845
0,0,0.02335622138899717
0,0,0.002010963766357525
0,0,0.0014436835346154984
0,0,0.03385536291784938
0,1,0.631678249941164
0,0,0.0015222976937155487
0,0,0.028559225000213153
1,0,0.47721192062574
0,0,0.019466288671804426
0,0,0.003733719532697545
0,0,0.05898914714833514
1,1,0.9947715937767119
1,0,0.2379379542406973
0,0,0.001749059283742482
0,0,0.33328620461523406
1,1,0.5785232420571359
1,1,0.8158641185696875
0,0,0.043382030211398484
0,0,0.019811538061143007
0,0,0.0009984830228800725
0,0,0.0019362990729785412
0,0,0.0016640328193419287
1,1,0.8978199092249837
1,1,0.7409900610484156
1,0,0.4805055475295054
1,1,0.7539789740883035
0,0,0.005181113248115719
0,0,0.04089032040912179
1,1,0.7686001216569976
0,0,0.0029603954464514663
1,1,0.9297863905011201
0,0,0.129597476020543
1,1,0.9280636766055433
0,1,0.9185417690956954
0,0,0.34248459541238296
0,0,0.0012260899309751937
0,1,0.8558558013329444
0,0,0.046402031977285756
0,0,0.03190162309835536
1,1,0.5457695199875776
0,0,0.0034178656429764264
0,0,0.010595021731190247
0,0,0.0013482742870255082
0,1,0.638235847309661
1,0,0.10663877494273567
1,1,0.948537658389386
0,0,0.010962188985112675
0,0,0.3684753657153963
0,0,0.2900880118007471
1,1,0.9678072659250785
0,0,0.3133431802841535
0,0,0.002653393534211329
1,1,0.9403154383224861
0,0,0.001867700909210071
0,0,0.0013304055237465843
0,0,0.2045546084949421
1,1,0.800195152876011
1,1,0.9810529804255429
1,1,0.9578840944658817
0,0,0.10248628520950262
1,1,0.7224181246917772
0,0,0.0011452919971042977
0,0,0.20568884487987968
0,0,0.002521164333157344
1,0,0.4298188476015154
0,0,0.21525789761083497
0,0,0.008628976803484172
1,1,0.980933467799207
1,1,0.7918668509677489
0,0,0.01879246549701652
0,0,0.1844292481441799
1,1,0.889529993130178
0,0,0.0317173649426164
1,1,0.6632414320758958
0,0,0.0029485049726763433
0,1,0.8177838788428103
0,0,0.011798955623088905
0,0,0.019160571373184155
0,0,0.012512146253944255
1,1,0.5572215138115885
0,0,0.006301188881779978
1,0,0.32536086196980174
0,0,0.0976534763352938
0,0,0.20751175975627503
0,0,0.0009053330064059589
1,1,0.7452826987337475
0,0,0.03594671293232828
0,0,0.15728005251212332
0,1,0.6865047314701506
0,0,0.0028902815979823895
1,1,0.8343283537000413
0,0,0.01084752109252182
1,1,0.7706384351823421
0,1,0.622269121593561
1,1,0.6161890801632391
0,0,0.0020678636596499793
0,0,0.0026536719601732853
1,1,0.9208301044392183
0,0,0.004262044511158518
0,0,0.1915608403581702
0,0,0.0016347851891029281
0,0,0.07678286822826089
0,0,0.009530545275892605
0,0,0.0016118855843877441
0,1,0.7371576594127203
0,0,0.0014480546718517884
0,0,0.16841051924328754
0,0,0.1521842288101579
0,0,0.00457306368455704
0,0,0.0015223077266848723
0,0,0.0023208962049057107
0,0,0.02618332469505354
1,1,0.8362206321264287
0,1,0.7524933095323589
1,1,0.9768246367765311
0,0,0.27428268454937904
0,0,0.001838813113624452
0,1,0.8866613710238548
0,0,0.006672612313428755
0,1,0.7525525292228054
0,0,0.008702942462233862
0,1,0.7693266686333149
1,1,0.6884355159542513
0,0,0.0016788389634867066
0,0,0.0017965249364467186
0,0,0.14946738788637987
1,1,0.9289915025441192
1,1,0.9831374468719729
0,0,0.025131469397512134
0,0,0.0011740908682275621
1,1,0.9561646928870846
0,0,0.001645721134505086
1,1,0.9678108760953458
1,0,0.1693859077320716
1,0,0.09449476259928839
0,0,0.0015203010143361524
1,1,0.7427782383907602
1,1,0.6763519699603162
0,0,0.00243011933113697
1,0,0.3513295088957174
0,0,0.0019023507006059918
1,1,0.7994271787125425
0,0,0.02960450497592123
1,1,0.7500152344788945
0,0,0.002317775602287223
0,0,0.09118869277832628
1,1,0.7411537638069114
1,0,0.02765321790731386
1,1,0.9395540500314011
1,1,0.7381184630803345
0,0,0.015753253070472244
1,1,0.9167793833934941
0,0,0.2784033941263961
1,1,0.9808265772106355
0,0,0.2757347907534452
1,1,0.9944061154092063
1,0,0.2720773960979654
0,0,0.0017314061077648786
0,0,0.004832316181847069
0,0,0.03300995965113585
1,1,0.8303289267988434
0,0,0.001979339601009637
0,0,0.00469781986009251
0,0,0.15444934702979124
1,1,0.9949837033276716
1,1,0.7922305820540637
1,1,0.7798490855415133
0,0,0.31227741437379314
0,0,0.0035016073239920354
0,0,0.009299991376100795
0,0,0.13593247273830397
0,0,0.1738172577903174
0,1,0.616628755956671
0,0,0.022144232946095826
0,0,0.0013142616268176897
0,0,0.005354578689622242
0,0,0.1334512743021997
0,0,0.0020885319597509166
0,0,0.010840416919143238
1,0,0.08979648588572099
0,0,0.003803556097576795
0,0,0.0019757669593172948
0,0,0.007884655427616072
0,0,0.021687718518480847
0,0,0.0021777824286760006
0,0,0.003523536258194924
0,0,0.0503352025282088
1,1,0.8478966394360844
1,1,0.8592901565117906
1,0,0.4449014108564052
1,1,0.9858004222812025
0,0,0.04149168612174709
0,0,0.10239936652265025
0,1,0.6129334407688808
1,1,0.9190199708741398
0,0,0.041934968746053396
0,0,0.014804159194523376
1,1,0.9522575221250826
1,1,0.9912463882659066
1,1,0.7694111915611116
0,0,0.015705572983635674
0,0,0.0010848499353575628
1,1,0.9810639578047582
1,0,0.4430256352936496
0,0,0.002065634689743293
0,0,0.3830442379194529
0,0,0.0013789292973409644
1,1,0.9906740098759699
0,0,0.01969162766599903
0,0,0.13590335613586865
1,1,0.7445889974636287
0,0,0.0020009327857154705
0,0,0.0021457831855777047
0,0,0.0009550422922047911
0,0,0.16523719725382643
0,0,0.0008267066037582538
1,1,0.9875702124080457
0,0,0.03853481864107475
0,0,0.003099092257094171
0,0,0.07430494548478647
0,0,0.0019404855586493185
1,1,0.9380223903755329
0,0,0.11806995718752379
0,0,0.24779476066592163
0,0,0.004222145072178874
0,0,0.0016677295541458034
0,0,0.003323507070595826
0,0,0.004182320113744198
1,1,0.6439007996807429
0,0,0.027286547500138
0,0,0.06027172201963003
1,1,0.6217865155940842
1,1,0.989861564838125
0,0,0.002725723230929225
1,1,0.6514451495516552
0,0,0.003498154137185606
0,0,0.11362640836968532
0,0,0.014220648778904997
0,0,0.005150185871834371
0,0,0.0016075116890896923
0,0,0.0013313073222459763
0,0,0.0011652808265663448
0,0,0.41196481547727154
1,0,0.4033597099106148
0,0,0.005161851293519016
1,1,0.9962938013849947
1,0,0.25045186673429926
0,0,0.0016188627559675273
0,0,0.0028718614137702237
0,1,0.6955533211065563
0,0,0.0275642587867826
0,0,0.002775176786142341
0,0,0.1076853063836375
0,0,0.04005470201891448
0,0,0.30167704136965434
1,1,0.8796169164848228
0,0,0.1707588936221765
0,0,0.003305574688930823
0,0,0.11635790367763499
1,1,0.9861682343038866
0,0,0.03047745293164798
1,1,0.8708079170245123
0,0,0.08543142770737824
0,0,0.0016974720360457029
1,1,0.9398076989785138
1,0,0.31796699975758996
0,0,0.0014021753690537085
1,1,0.9847415845100242
0,0,0.01048588406750388
1,1,0.7702894539865277
0,1,0.6889433916579389
1,0,0.2503740916261672
0,0,0.21117759464305605
0,0,0.0011919982808565304
0,0,0.0050126228043853045
0,1,0.6858926757024991
0,1,0.5729189533995388
0,0,0.11553750995770913
0,0,0.003957525494291994
0,0,0.006639011360844755
0,0,0.0027800968012218633
1,1,0.7188880396554755
0,0,0.0030903180786398744
0,0,0.48785585305094725
0,0,0.0036948546925321484
1,1,0.8309401106994494
0,0,0.0013129800288559535
0,0,0.0034791487201123864
0,0,0.41004107970466247
0,0,0.001124540285435842
1,1,0.9689141513364631
1,1,0.6759862207455903
0,1,0.6155066257308665
0,0,0.00164037862582714
1,1,0.5907484513605591
1,1,0.9866277270318835
1,1,0.9927828131391099
0,0,0.27052638188069394
1,1,0.9083070140731793
1,1,0.9927828131391099
0,0,0.0040294512771949734
0,0,0.009054213658845603
0,0,0.2799180619912859
0,0,0.023646517345459556
1,1,0.7162864399291519
0,0,0.008707721040901228
1,1,0.9949268672651994
0,0,0.005967722263454943
0,0,0.004074698417102303
1,1,0.6153669276339704
0,0,0.001905089922171931
0,0,0.14244391460530526
0,0,0.04601399759376746
1,1,0.6440022053307926
0,0,0.0041488596391829995
1,0,0.0770730051583096
1,1,0.8223921023239982
1,1,0.6400198055329727
0,0,0.001985816119683426
0,0,0.004415426258529206
1,1,0.8874981589773637
0,0,0.0028187812847110948
0,0,0.0010728363684223469
0,0,0.006389918767641127
0,0,0.014417108065536486
1,1,0.9677042787279218
0,0,0.0038282243607775405
1,0,0.24545596832199443
0,0,0.002683038554096225
0,0,0.001347572309033511
0,0,0.001609494061775599
0,0,0.02155019815766201
1,1,0.7572152470084594
1,1,0.6786456393839676
1,1,0.9239150446472517
0,0,0.002305162209416951
0,0,0.06195807846594281
1,1,0.7190827006253386
0,0,0.0024954804901036313
0,0,0.0024828713371443426
0,0,0.1424224391686127
0,0,0.0015203010143361524
1,1,0.9628818791529986
1,1,0.8827173371222832
0,0,0.003120360708770835
0,0,0.3016041664123807
0,0,0.0024243357591574918
1,1,0.8270481503635797
1,1,0.9798787959984463
1,1,0.7041959591803748
0,1,0.9496475476035162
0,0,0.053312746868262026
1,1,0.8437801224233853
0,1,0.7229973524110945
1,1,0.5839929339147178
0,0,0.3348436231132718
1,1,0.7244259669798585
0,0,0.15762122376340199
1,1,0.6890950308953351
0,0,0.3538868626582781
0,0,0.0024035741551120407
1,1,0.8322302041359751
0,0,0.010438618388383072
0,0,0.0621886989050512
1,1,0.9956895588078077
0,0,0.25446828269249533
0,1,0.7926123644198254
0,0,0.0029061688847004585
0,0,0.2634640884384957
0,0,0.002126899126562725
1,1,0.9165655937918203
0,0,0.1834179636890468
1,1,0.9980415977348506
0,0,0.012935715414218832
1,1,0.7336018982500655
0,0,0.05664745419852749
1,1,0.9536787302463904
0,0,0.01470873412372295
1,1,0.9812449408560135
0,0,0.0031632854556840426
1,1,0.9790545118757915
0,0,0.015518608117374265
1,1,0.5147512580934064
0,0,0.41978179902925944
0,0,0.20438423034854825
0,1,0.7013933902342077
1,1,0.9967566833550336
0,0,0.0014257760279825604
1,1,0.6494097941091275
0,0,0.001056345725721835
1,1,0.8984781152805754
0,1,0.7932757398502037
1,1,0.9738304990281399
0,0,0.38983957688492427
0,0,0.0021127799987168076
0,0,0.00934154587433326
0,0,0.18290940903682096
0,0,0.009567943622367096
1,1,0.8686736269515949
1,1,0.736458531494921
1,1,0.719881509016966
1,1,0.9846078188520037
1,1,0.9095622062621191
0,0,0.0022214127574964604
1,1,0.9601923355429242
0,1,0.7523830828122393
0,1,0.6908234704381786
1,1,0.9944061154092063
0,0,0.007534691727806689
0,0,0.0016263023061477697
0,0,0.0020469030771828847
0,0,0.33880125973708897
0,0,0.07778336545752154
1,0,0.010697545682853188
0,0,0.0033090238663583704
0,0,0.0063777478505434694
0,0,0.08731796956633353
0,0,0.010575996944650064
0,0,0.05253116803933796
0,0,0.2754974726859824
1,0,0.28479354933730505
1,1,0.5416392227798066
0,0,0.285778080876446
1,1,0.9973521827201092
0,0,0.039607306865236405
1,1,0.9030917946114162
1,1,0.8818166991456928
1,1,0.9894069725587693
0,0,0.32967638455035164
0,0,0.0010314052202353367
1,1,0.9951264955341728
0,0,0.10516256206110045
0,0,0.21501120539817817
0,0,0.042237564483077264
0,0,0.0012937380577931062
0,1,0.5139946491632653
0,0,0.0034117316336259415
1,1,0.887799851080364
0,0,0.00111316823935967
0,0,0.00841428244445824
1,1,0.838898575092682
1,1,0.5056263038489329
0,1,0.9308123424453952
0,0,0.2586038334360247
1,0,0.444752760901897
0,0,0.05758184989555267
0,0,0.001901232578543547
1,1,0.929363897698626
0,0,0.03590311559754651
0,0,0.04757976682957333
0,0,0.009679299443526086
0,0,0.006621754772469993
0,0,0.006940464762813617
0,0,0.002546596089948098
0,0,0.00430670445006639
1,1,0.8200748664723138
0,0,0.0017474890691345953
0,0,0.059743291994574343
0,0,0.13391022274904463
0,0,0.006624901203573724
1,1,0.9950649108546343
1,1,0.9783754984481093
0,0,0.0013974947050267798
1,1,0.9473632029028414
0,0,0.0019175914972065374
0,0,0.003952274096780231
0,0,0.012362752094334692
0,0,0.005513791152512186
0,0,0.10736339623395263
0,0,0.0024600061528371945
1,1,0.915415091602143
0,0,0.08023239609364054
1,1,0.9629700385145342
0,0,0.009434539925437567
1,1,0.5164122448782693
0,0,0.006503549017480376
0,0,0.012829674353653247
0,0,0.14632342081923577
1,1,0.9187244118519786
0,1,0.7006135673509999
1,1,0.6758287769885064
0,0,0.003758151168537425
0,0,0.0031718963801131398
0,0,0.001494894213046925
0,0,0.003021265836228268
0,0,0.0019612681853531516
0,0,0.012418299056542565
0,0,0.06286468984227693
0,0,0.005525325150812537
1,0,0.2651803277612027
0,0,0.1756039704980945
0,0,0.0015742680694787335
0,0,0.001165711692499791
1,1,0.9688764656228157
1,1,0.844081785948356
1,1,0.9453916722425825
0,0,0.0022734192106953857
0,0,0.16783833567287515
0,0,0.0035011972155063425
0,0,0.001586954256196569
0,0,0.008633521788660493
1,0,0.1625359840525423
0,0,0.02894555951839505
0,0,0.0016632979975148403
0,0,0.170597596506784
0,0,0.0031790785900457936
1,1,0.8762823617179406
1,1,0.9861457147887285
0,0,0.016158640166833476
1,1,0.8764382721650018
0,0,0.0077450583295749454
0,0,0.2643910972136226
0,0,0.001028880590551507
0,1,0.8846829372913452
0,0,0.0110140272081915
0,0,0.005104856562474014
1,1,0.7439340891855334
0,0,0.005150185871834371
1,1,0.8446985613876917
0,0,0.0026282838974481014
1,1,0.7936662462224496
1,1,0.9803292906887295
0,0,0.002268677806856146
0,0,0.44109612262503106
0,0,0.03105184342569976
0,0,0.0045905844687823515
0,0,0.04966317707143458
0,1,0.8623722481585407
0,0,0.22212006691449
0,0,0.0011732620725463218
0,0,0.08682243573167112
0,0,0.002338865785174229
0,0,0.0009120592376969447
0,1,0.6843389576841152
1,1,0.9792003043628691
1,1,0.92947977527851
0,0,0.05870402469771795
1,1,0.7765342641762396
1,1,0.9403901551327631
0,0,0.0010365782718456896
0,0,0.007986068643824052
0,0,0.018144828189143994
1,1,0.9015107819067986
0,0,0.04550164021617973
0,0,0.3754747712552115
1,1,0.8358453349743319
0,0,0.0025415276123318207
1,1,0.6765974293132568
0,0,0.002712336530357837
0,0,0.007868807032754539
0,0,0.0019268165295997857
0,0,0.11670674356507249
0,0,0.04810763244210631
0,0,0.12112863136318194
1,1,0.9874591824684016
0,0,0.014867253994443492
1,1,0.9637944879995037
0,0,0.0029268424403185544
0,0,0.09037545674837522
0,0,0.356449568060281
0,0,0.04072767492624176
1,0,0.40678792426536753
1,1,0.6684541403746388
0,0,0.001901246999542021
0,0,0.002257210553695156
0,1,0.6693808814711106
0,0,0.0015490512740104472
1,1,0.9332111556090252
1,1,0.9805278788636153
0,0,0.253884187934665
0,0,0.33483800399559976
0,0,0.0028495490602079266
0,0,0.001360259872112471
1,1,0.6813991583880159
1,1,0.9548946322404279
0,0,0.04998585286193209
0,0,0.10373749685633032
1,0,0.3574954075718749
0,0,0.00879994430496984
0,0,0.025380677810364263
0,0,0.0015218741802937585
1,1,0.9784806813282475
0,0,0.005292158046430312
1,1,0.6389328897813108
0,0,0.0018525477677360032
0,0,0.4088933134907755
0,0,0.02308175834276068
1,1,0.9889795523634043
0,0,0.0364829659112215
1,1,0.7676926769831006
1,1,0.916976355763595
1,0,0.3085721415062904
0,0,0.2801446606999768
0,0,0.005766709806983454
0,1,0.7234837016652187
0,0,0.023395002966556885
1,1,0.5969580911403637
0,0,0.004583837208032422
0,0,0.3817752318315204
0,0,0.009583744567928326
0,1,0.9478626901604137
0,0,0.0018095188215880972
1,1,0.9761188046503408
0,0,0.001579416918574577
0,0,0.008330804260279177
0,0,0.3222115753979949
0,0,0.0028725726539654403
0,0,0.05533613871714621
0,0,0.013572999994264428
0,0,0.03584938415465936
1,1,0.9942551218622127
1,1,0.8682940477368543
0,0,0.01967767354668067
0,0,0.005683144091448283
1,1,0.9465061198355197
1,0,0.32626177685920643
0,0,0.001345276617725688
0,0,0.0039359032325580814
0,0,0.0018438226205036812
0,0,0.0016418671379253614
1,1,0.7424571253476566
0,0,0.008908595228495807
1,0,0.4485227617047201
0,0,0.015166702637314568
0,0,0.0022734192106953857
1,1,0.8418660809881278
1,1,0.7062474558700582
0,0,0.0031262688225660354
0,0,0.002837965602637515
0,1,0.7989570035650104
0,0,0.1773902479818469
0,0,0.01471287152796379
0,0,0.2808100356306502
0,0,0.05317566453642843
1,0,0.4639877766198405
0,0,0.0023705333653025553
1,0,0.31151110160898626
0,0,0.0019176590751549696
1,1,0.7249646317201821
1,1,0.9831950389995584
0,0,0.1602047296534924
0,1,0.6989712212622601
1,1,0.8902367564133958
0,0,0.001922404831953988
0,0,0.14319527248054717
0,0,0.003472490490683189
1,1,0.9825672578646454
1,0,0.26912427733039807
0,0,0.043393161536561385
0,0,0.004097705861055528
1,1,0.6495580235555595
0,0,0.019667288593957853
0,0,0.0019472324478808636
1,1,0.6424344546042301
1,0,0.31088027072376406
0,0,0.22171979200134753
0,0,0.02063484495450175
0,0,0.00242046786086391
0,0,0.0014508546109099547
1,1,0.6900782160103038
0,0,0.004076054430642255
0,1,0.5035293771638726
0,0,0.0008658073813017084
0,0,0.10032134915963846
0,0,0.048774676452894045
0,0,0.279100263313058
0,1,0.6395147757054559
0,0,0.004293598779676824
1,1,0.9972082148683887
1,1,0.7343465758519941
0,0,0.0018234766428938426
0,0,0.20137969591610771
1,1,0.5762243504819505
1,1,0.6174502160764936
1,1,0.8637469434185363
0,0,0.0014925550383871869
0,0,0.010896484488922243
1,0,0.4992534361164828
0,0,0.0016539420090241701
1,1,0.9499956043006987
1,1,0.7211194622117094
1,0,0.2940552201237229
1,1,0.6013640741284809
0,0,0.0011965724871538567
0,0,0.06478142776191899
1,1,0.8708349861465599
0,0,0.0015714088919250465
0,0,0.002058488839325579
0,0,0.0023913733060257803
0,0,0.010752606453511811
0,0,0.00540146596438378
1,1,0.7114873870979744
1,1,0.5733865442975765
1,0,0.47270730019288154
0,0,0.0027178688511639
1,0,0.23088230044795247
0,0,0.13226544739970125
1,1,0.9961955587937199
0,0,0.04335362810369822
0,0,0.004860768209911788
0,0,0.0025866199509888064
1,1,0.9946217479711729
1,1,0.9930527211775261
0,0,0.0018124495851092794
0,0,0.010332781185028006
1,1,0.9706759518046266
0,0,0.001770560546959969
1,1,0.5674485091444059
1,1,0.5554976445510407
1,1,0.8886514878286776
0,0,0.0014359758876907717
1,1,0.8703764308546499
0,0,0.003045937465597912
0,0,0.22886087617121983
1,0,0.25064309835169696
1,1,0.7278156302661001
1,1,0.5584565734286614
0,0,0.009482538066191403
0,0,0.0050362695121217585
0,0,0.08736307215162738
0,0,0.002141521719537265
1,0,0.33007634321919677
0,0,0.0018490928570652628
0,0,0.001717744207342039
1,1,0.7451342582241383
1,1,0.8784585801619235
0,0,0.09530322715863652
0,0,0.2524200364205624
1,1,0.9859666128510773
0,0,0.44359069399172035
0,0,0.0018438981050750154
0,0,0.02423808160824732
0,0,0.008043092702408433
1,1,0.5102286972995143
1,1,0.7147344742934634
0,0,0.013133071678852871
0,0,0.019873475654850817
0,0,0.0021016780804714854
0,1,0.6036117915519077
0,0,0.0013602722568212488
1,0,0.49613314267988295
0,0,0.0016188627559675273
1,1,0.8589635108201883
0,0,0.33278953957610735
1,1,0.884915926932957
0,1,0.5815532992357992
0,0,0.004097667652473461
0,1,0.6634332403897236
1,0,0.19982152931459837
0,0,0.010318818386656993
0,0,0.004902327046511796
0,0,0.0041646395974626145
1,1,0.9864467399568957
1,1,0.9901969852069571
0,0,0.0018407500158218982
1,1,0.8167565192398591
0,0,0.015962696204054487
0,0,0.0016188627559675273
0,0,0.0009045562461265204
0,0,0.0012747758067302305
0,0,0.4331718968149041
0,0,0.0017131872861230087
0,0,0.009754926089172928
0,0,0.0010838156027044527
0,0,0.006250242926009196
0,0,0.0009895183895301818
0,0,0.005378650304070968
1,1,0.9425355103125299
0,0,0.0065636123890946965
0,0,0.007766092875251249
0,0,0.002935666465802923
0,0,0.18235210523895878
0,0,0.0026844852934935458
0,0,0.0037513968281445795
0,0,0.002838777709831949
0,0,0.005459605971118578
0,0,0.0022490307991937485
0,0,0.0019949109438643854
0,0,0.07280023562951017
0,0,0.16950017596405798
1,1,0.9578212086481775
1,1,0.8039136879326986
1,1,0.8733709016645387
0,0,0.0024614577911867127
0,0,0.017084578478961675
1,1,0.6495801011290807
0,0,0.0018438226205036812
1,0,0.24801392106521927
0,0,0.00863858488787112
0,0,0.0015245755586869392
1,1,0.9625001565333824
0,0,0.00456485682639421
1,1,0.9792758362667664
0,0,0.037774428168907255
0,0,0.012321552062056493
0,0,0.0015973599000549
0,0,0.00829709614669512
0,1,0.6044739108798921
0,0,0.0778505302643118
0,0,0.0018190411116999975
0,0,0.028613457621529316
1,1,0.9184745044924423
0,0,0.030571542854086763
0,0,0.37046938080994707
0,0,0.08317310000118666
0,0,0.03608561664018923
1,1,0.9898112391499763
1,1,0.6152122705585475
0,0,0.07833424525604774
1,1,0.9707111730182897
0,0,0.0038138958618641194
1,0,0.34999579216976123
1,1,0.9805240711419051
0,0,0.029377405824130228
1,1,0.92947977527851
0,0,0.2842308620052034
0,0,0.06231631337257939
1,1,0.7942123216238793
1,1,0.6245616602160611
1,1,0.9965820074203823
0,0,0.11060926065237575
1,1,0.7918340907044717
0,0,0.018062387981073003
1,1,0.8225643783813346
0,0,0.42366926386477416
0,0,0.0016188627559675273
0,0,0.001658712711064837
0,0,0.027641909135793896
1,1,0.9904009699603977
0,0,0.020302131984515297
0,0,0.008262772932975632
0,0,0.31487822674024424
0,0,0.051450878578561246
1,1,0.9884144172678327
0,0,0.008986214493899634
0,0,0.0012280457719652086
0,0,0.0009690076702979033
0,0,0.029180307383540088
0,0,0.0018617876710222622
0,0,0.03075369087923788
0,1,0.5253758800740115
0,0,0.002295777504069149
0,0,0.0028423479087100927
0,0,0.22224036186604135
0,0,0.00739200467651616
1,1,0.9960242874002502
0,0,0.004986142360682336
0,0,0.0012943212850556796
0,0,0.0017586626840337446
0,0,0.188146963838122
0,0,0.005459834705525768
0,0,0.032847644407283584
0,0,0.40563736709970055
1,0,0.49731722761347785
1,1,0.9863723807914447
0,0,0.1527204158485928
0,0,0.0009861137195932767
0,0,0.07678286822826089
1,0,0.42350251999691435
1,1,0.9870426975424322
0,0,0.001914961076450145
0,0,0.0016245250134581063
0,0,0.0012654988295609758
0,0,0.37396810207009923
0,0,0.31390379784722466
1,0,0.1987735584620581
1,1,0.9217617011199118
0,0,0.0024764512599019703
0,0,0.03083661556388455
0,0,0.0042778210108316665
0,0,0.28479244235396733
0,0,0.06857059307394932
1,1,0.8003998845175054
1,1,0.8778953844454421
0,0,0.4622568334760021
0,0,0.10694031774487832
0,0,0.001287060521006208
1,1,0.9671607862462696
0,0,0.12600844583259466
1,1,0.7417873746863021
0,0,0.0036580931489266335
1,1,0.9946009825833748
0,0,0.018985777252843082
1,1,0.8287461788473386
0,0,0.049899243274832014
1,1,0.9617172259533906
1,1,0.5132179709673077
1,1,0.8990154624503784
0,0,0.0007588312023783653
1,1,0.9551467722754378
1,1,0.8698724853465823
0,0,0.4549139078134746
0,0,0.3846919898051625
0,0,0.003028276408728058
0,0,0.030112641864758687
0,0,0.006605591312940492
0,0,0.0022106377664324935
1,1,0.5863988732981887
0,0,0.0012870326299467497
0,0,0.002121915931539853
0,0,0.0023582194126197946
0,0,0.005216081418163752
0,0,0.004103495063204517
0,0,0.011703470409097272
0,0,0.04487240016891596
0,0,0.002414760813482816
0,0,0.01334149799543657
0,0,0.008064188693889232
1,0,0.43249055299458783
1,1,0.9878042477443261
1,1,0.9884882881138096
0,0,0.37720331156878273
1,1,0.9859027874752151
1,1,0.8222903876998696
0,0,0.10030190013339327
0,0,0.03071328068355422
1,1,0.5492420968393845
0,0,0.005960018192840867
1,1,0.9872107219081712
0,0,0.26569111822180097
0,1,0.647400616505583
0,0,0.008841603225343542
0,0,0.004615094676605904
1,1,0.5515851130559122
0,0,0.004830737821129835
0,0,0.07453876270554011
0,0,0.0021016780804714854
0,0,0.01833041188076981
0,0,0.05215741020071551
1,1,0.6736185110632109
0,1,0.6835980808182555
0,0,0.0013786226263861334
0,0,0.0019880318188827705
1,1,0.8282664055618333
0,0,0.0018017811324326748
1,1,0.9710698444196959
1,0,0.4006646177149315
1,1,0.9558495769704215
1,1,0.9782062458845133
0,0,0.20160190877840067
0,0,0.10373910134926612
1,0,0.2480105307783453
1,0,0.44110231364019475
1,1,0.9591754260805703
0,0,0.0018404494216805556
1,1,0.8898603805439514
0,0,0.003919539729921055
1,1,0.904322377643468
1,1,0.6561254889248197
1,1,0.8453506627484481
0,0,0.2435184597026166
0,0,0.0009610784186523001
0,0,0.005826087847145714
0,0,0.003039275399959324
0,0,0.002103708501017331
0,0,0.046402031977285756
1,0,0.35002502356824006
0,1,0.6033596666291025
0,0,0.0012128059718219193
0,0,0.0052266353998066594
0,0,0.002078112401008139
1,1,0.9622060758881689
0,0,0.0013974947050267798
1,1,0.9508548387386883
1,0,0.02632049036956741
0,0,0.007835537824899947
0,0,0.0011677317161965788
0,0,0.05937844616996534
0,0,0.002885573260672719
0,0,0.0010239782988291696
1,1,0.9127689228638663
1,1,0.9894069725587693
0,0,0.005150185871834371
0,0,0.4201723213976716
0,0,0.01634614821353344
0,0,0.0025120535293039043
1,0,0.19982152931459837
0,0,0.002473443927220436
0,0,0.00340995503348346
1,1,0.9944172565059926
1,1,0.9568577967477143
1,1,0.8694397735473154
1,1,0.9191675039875036
0,0,0.015648191746789195
1,0,0.3943635226462748
1,1,0.9869441857987724
0,0,0.0016769317776159744
0,0,0.0011791161811022738
0,0,0.16962726537668935
0,0,0.0044199917479819896
1,0,0.4431300050179576
1,1,0.8048654808184215
0,0,0.00397546991484749
1,1,0.7438696896849166
1,0,0.35767069713533634
0,0,0.06000325180108557
0,0,0.11070948950453004
1,1,0.9707443122431436
0,0,0.03608561664018923
0,0,0.2859753788751454
0,0,0.0020655913542505077
1,0,0.48727040036236663
0,0,0.04702996768755651
0,0,0.2896274633488041
0,0,0.017846968123491805
1,1,0.8732255894689311
1,1,0.8012368460936958
0,0,0.08271321796671897
0,0,0.005530566402244029
1,1,0.9303343292379381
0,0,0.1177356503227237
0,0,0.01936483705144358
1,1,0.8954691008499862
1,1,0.9874591824684016
0,0,0.10225311356068097
1,1,0.9390419277103915
0,0,0.036530648638021274
0,0,0.0068795529531498955
0,0,0.0012794441853750612
1,1,0.9120694468659141
1,1,0.6710754795022357
1,0,0.08507291772414691
1,1,0.9756343956305928
1,1,0.7322978671031065
0,0,0.025177509153005387
0,0,0.0019026991817038133
0,0,0.1391939187765343
0,0,0.0011721198061415694
0,0,0.002123211516346311
0,0,0.003424433395020458
1,1,0.8112800313981204
0,0,0.014548656585295014
0,0,0.004174218923123613
0,0,0.04358976629393407
0,0,0.4752454963466009
0,0,0.001876743115795114
0,0,0.11625457676510274
1,1,0.7693891235062703
1,1,0.8774258092368864
1,1,0.8078280530980914
0,0,0.0019967045741351146
0,0,0.0031940288617381273
0,1,0.963279386103761
0,1,0.5425850809917443
1,0,0.16603697520231164
0,0,0.0032267393452471487
0,0,0.010368943425741614
0,0,0.002119879624524747
1,1,0.9205690743276645
1,1,0.6545068178587277
0,0,0.004648580226543084
1,0,0.35749723963761665
1,0,0.02872164652267684
0,0,0.0010664639361301566
1,1,0.9652680328999783
1,1,0.9925615522734881
0,0,0.001243192238161693
0,0,0.003495199634014345
1,1,0.6678326502444841
0,0,0.000955138401082598
1,0,0.1030076053254449
0,0,0.006076705010684754
0,0,0.009605317209550799
1,1,0.9961206437981008
0,0,0.009560644696396113
0,0,0.0028142228176751996
0,0,0.002544587640079279
0,1,0.6076971554427606
1,1,0.9745164287422217
1,1,0.9088818646003884
0,0,0.008227146668654624
0,0,0.13604519600516463
1,1,0.97382674804535
0,0,0.0026897206524762476
0,0,0.16449807172226638
0,0,0.00792256025225859
1,1,0.9226645475229126
0,0,0.2527639090512988
0,0,0.009482538066191403
0,0,0.014268664831413725
1,1,0.6700229329614059
1,1,0.9413106351444611
0,0,0.0008959952775559152
1,0,0.4327898808037022
0,0,0.003124190198005982
1,1,0.8129562622228929
0,0,0.0013791672612058128
1,1,0.8505697492749015
0,0,0.0031744799593680074
1,1,0.610527042390278
0,0,0.003653017819196086
0,0,0.21437371161238483
0,0,0.0018260583791990857
1,1,0.8214146803284282
1,1,0.6899039955961679
1,1,0.9263835931158363
0,0,0.003015956744048906
0,0,0.000825745952885353
0,0,0.0026443396929724536
1,1,0.9756331375335456
0,0,0.006164135690148704
0,0,0.003712703117269368
1,1,0.9899951695603512
0,0,0.003640856879846906
0,0,0.02176276185591402
1,0,0.12521218268914075
0,0,0.002871022411592754
0,1,0.5616488294149737
0,0,0.31517796154146244
0,0,0.010675438171698222
1,1,0.6729450570087908
0,0,0.0010757671662561554
0,0,0.04720933696455729
0,0,0.004182320113744198
0,0,0.003154032902055556
1,1,0.9838823333263172
1,1,0.9880831041482452
1,0,0.46480842190868704
0,0,0.0011387297155722332
1,1,0.9889839741425697
0,0,0.16570546911177345
0,0,0.0012490014127408723
1,1,0.9863723807914447
1,1,0.9012053130448859
1,1,0.9945247752359428
0,0,0.0017191871818638365
0,0,0.007380383469025413
0,0,0.003377984648797391
0,0,0.003621052153732739
1,1,0.9779769183451571
0,0,0.0018869110837261896
0,0,0.0019058887192467885
0,0,0.0045974379985865175
0,0,0.16211482971972618
1,0,0.26415771867985893
0,0,0.001865336577969819
0,0,0.0016001714550732576
1,1,0.7571322611756831
0,0,0.011798268824785938
0,1,0.9563946747518488
1,0,0.371462967128106
0,0,0.033683887452142236
1,1,0.7808844466416641
1,1,0.91909685901123
1,1,0.9945010858474601
1,1,0.5294706775930348
1,0,0.44321770499830165
0,0,0.00347838493556032
1,1,0.7730434522274398
0,0,0.002054084217260998
0,1,0.7056228800973355
1,1,0.8186622665611916
0,0,0.422415285296868
0,0,0.0017917736170029051
0,0,0.35619615623464324
0,0,0.0019424153284148308
1,1,0.5392522798252104
0,0,0.0014603942675364251
0,0,0.0020936333690080174
1,1,0.9220842346239079
0,0,0.0041509903394085805
1,1,0.6369014850060829
1,0,0.15869922486826704
0,0,0.0015367259273372253
0,0,0.0027327489019336893
1,1,0.5343619213444813
0,0,0.18418194314109296
1,1,0.5607516955401471
1,0,0.179197708645692
0,0,0.001177559361215733
1,1,0.9949564561130627
0,0,0.22029636732411484
0,0,0.022433357721862356
0,0,0.004979095429138983
0,0,0.36283628125100925
0,0,0.05353007412593211
0,0,0.0013067853409739092
0,0,0.09017631253365505
0,0,0.0015051704598671497
0,0,0.2610730877262204
1,1,0.703025824844799
0,0,0.0021073173798307537
0,0,0.004635517728204299
0,0,0.14471689739039725
0,0,0.3759042783035826
1,1,0.8555377304658421
0,0,0.0013482742870255082
0,0,0.13683617600470124
1,1,0.9296559190793413
0,0,0.0015346102065286794
0,0,0.008139537160237464
0,0,0.001300798511213902
1,1,0.6149014845102403
1,1,0.7708396271286866
0,0,0.0016058686851479938
1,1,0.9773352732314533
1,1,0.9907818355586666
0,1,0.6040531921343028
1,1,0.9893911858469715
0,0,0.0021628009650809157
0,0,0.0035326058089791812
0,0,0.0015392349898732526
0,0,0.0032633430309119125
1,0,0.18485532118804124
0,0,0.002286530836099616
1,1,0.983536594879525
0,0,0.032580062998927795
0,0,0.0014506179052743214
0,1,0.6826819532698105
1,1,0.5441578985324679
0,0,0.1957494339703322
0,0,0.0016769272423378919
0,0,0.4424322416846133
1,0,0.4886509388085529
0,1,0.8139370335706346
0,0,0.0016889119493213572
0,0,0.02260482526229451
0,0,0.002588673086799567
0,0,0.23383476938938555
1,1,0.5764371846363798
0,0,0.48021369313250134
0,0,0.0028124722815325337
0,0,0.004002151276462177
0,0,0.0039624982514309785
1,1,0.5617037827030574
0,0,0.0016925475187085503
0,0,0.011352546843161436
0,0,0.2453367837133652
0,0,0.023088125801172164
1,1,0.9772777493130613
0,0,0.006634068008401938
0,0,0.0244221741215075
0,0,0.00561472274092144
0,0,0.002206615836772491
0,0,0.0009400996483769403
0,0,0.002039827477243139
1,1,0.6904201153008183
0,1,0.970845664142492
1,1,0.9265748875209704
1,0,0.3150392456723077
0,1,0.5379293995044939
1,0,0.1594444205837988
1,1,0.8304474290635809
1,1,0.99479410574151
0,0,0.0036243263511930015
0,0,0.0007475262421326321
0,0,0.01398058103649447
0,0,0.009054801364439213
0,1,0.6823609301347594
1,1,0.8261343813572022
1,0,0.14776668166698145
0,0,0.0013621629675008755
0,0,0.10657660970551949
1,1,0.6269310965090437
0,0,0.002601323602117653
0,0,0.004485196173272997
1,0,0.47581532893437833
1,0,0.22511144689120982
0,0,0.01790938696134122
1,1,0.9627643407546146
1,1,0.614788902304594
1,0,0.3546558122137505
0,0,0.2912453602246891
0,0,0.19481713378633422
1,1,0.780066230001849
0,0,0.002250463838087193
0,0,0.0013131296897028208
1,1,0.7436283302203299
0,0,0.0035838481595637807
0,0,0.002913957942215504
0,0,0.006206729236793243
0,0,0.001714235405611788
0,0,0.0018164500859784688
0,0,0.0051849497017672375
0,0,0.0014918629617123604
0,0,0.003594068322610961
0,0,0.003603620975541247
0,0,0.004573911964406251
1,1,0.5426227558122019
0,0,0.002746628466329711
0,0,0.0027845926800132057
0,0,0.025897097085141433
0,0,0.009719291604704227
0,0,0.16783138895701039
1,1,0.9858300971387184
0,0,0.0017270157135997049
0,1,0.5531204176750766
0,0,0.005136307090030705
1,1,0.5246343171779213
0,0,0.0020878405143765467
0,0,0.008684826678403831
0,0,0.4612015297385906
0,0,0.005783497070682598
0,0,0.004709128490380903
0,0,0.011511325334406953
1,0,0.25028065118595494
0,0,0.002353131005769499
0,0,0.006149839324244031
1,1,0.7224181246917772
1,1,0.6245440823184144
1,1,0.9024612808203833
0,0,0.00697090994393731
0,0,0.0016188627559675273
0,0,0.04433407724294756
1,1,0.7281397864382003
1,0,0.47752349541209593
0,1,0.6648648832131642
0,0,0.0013949452226306419
0,0,0.045921672199136586
1,1,0.5864957926323674
0,0,0.0014829626945718393
0,0,0.11620423735678498
0,0,0.004191784581108346
0,0,0.10878303493310502
1,1,0.6002283227250135
0,0,0.009504816556975047
0,0,0.0018143686851887588
0,0,0.0031149198134727864
1,1,0.9223046581936555
1,1,0.8007104541647793
0,0,0.0014610861097682016
0,0,0.002801324528472132
0,0,0.03825623378063366
0,0,0.005376166544889273
0,1,0.8013659115964177
0,0,0.2345981204474941
0,0,0.0030175445400726615
0,0,0.0016188627559675273
0,0,0.2144422802492685
0,0,0.4097096874452024
1,1,0.5376949889150986
1,1,0.9687666071021542
0,0,0.0027880622856906985
1,0,0.19004379030637183
0,0,0.0022734192106953857
1,1,0.6964742466369965
1,1,0.8208135519991416
1,1,0.9948805899266744
0,1,0.5363735403948883
0,0,0.16164772713694983
0,0,0.0022359737871112256
0,0,0.004485513740837477
0,0,0.022793047343077036
1,1,0.7630954569622125
1,1,0.7096265896298007
1,1,0.8151283808762202
0,0,0.23994775426342116
0,0,0.002020322376535885
0,0,0.41503595815288574
0,0,0.0016188627559675273
0,0,0.005448635446270456
1,1,0.5843793406731463
0,0,0.0018139086921286902
0,0,0.002769064414056618
0,0,0.003300827560030115
1,0,0.31938919450875297
0,0,0.0010030811238726177
1,1,0.7511266815840636
0,0,0.48693316700244343
0,0,0.002320894497622229
1,1,0.546988164067731
0,0,0.04910678415067448
0,1,0.9694714223169937
1,1,0.8752820141983159
1,1,0.5839056683381287
1,0,0.44034864408487384
0,0,0.03203320797613174
0,0,0.3641433960781133
0,0,0.0015108089163328518
1,0,0.34616802809394126
0,0,0.011277314943355522
0,1,0.7045927486116565
0,0,0.2289163473509013
1,1,0.972062018003911
1,1,0.9918804300195591
0,0,0.1660687825363303
1,1,0.9954206749181213
0,0,0.002357728339444659
0,0,0.0998229006281036
1,1,0.9389207824387653
0,0,0.002425291388297484
0,0,0.16717748570923133
0,0,0.0038138958618641194
0,0,0.0020621350485635665
1,1,0.8129562622228929
0,0,0.0016188627559675273
0,0,0.11227087621996429
1,0,0.3782829919773666
0,0,0.34269486533725924
0,0,0.0868531924446795
0,0,0.001480658544647406
0,0,0.01296590923555255
0,0,0.41432310013361207
0,0,0.0018555439754645167
0,1,0.7015058922278825
0,0,0.0016937615584305136
0,0,0.0011308344799001344
0,1,0.5949921849339327
0,0,0.007806733965637841
0,0,0.002066690419911968
0,0,0.04072322588219122
1,1,0.7168340239297235
0,0,0.0020776791019031715
0,0,0.20735234398301816
0,0,0.0018698658381703823
0,0,0.07638234334617228
0,1,0.6024428669327332
0,0,0.1804239057908017
0,0,0.012561886586629515
0,0,0.001970805226796438
1,0,0.3015791977425215
0,0,0.0015912622500350803
0,0,0.016348717338712355
0,0,0.11702812442095528
0,0,0.0031849225807996547
0,0,0.006654992646264384
0,0,0.04263690906005255
0,0,0.0018751392364618903
0,1,0.5915937054298437
0,0,0.0034518744568038094
0,0,0.0026242726009225036
0,0,0.20372580326737283
1,1,0.9651260751255047
0,0,0.0013420558993079842
0,0,0.022950768063639427
0,0,0.0016441513260366729
0,0,0.2523809323243827
1,1,0.9930136986716005
0,0,0.3028732219818648
1,1,0.9918566490234261
1,1,0.9968327604230208
0,0,0.0027351885016351435
0,0,0.006735414074060386
0,0,0.0016188627559675273
1,1,0.9150928793647787
0,0,0.006135398773543288
0,0,0.1527163358530738
0,0,0.001145144768964027
0,0,0.4729362847392348
0,0,0.0024346291634062826
0,0,0.005969661724743364
1,1,0.9679995581600644
1,0,0.19086932790200492
0,0,0.00226744523180301
0,0,0.008633521788660493
0,0,0.05370593588556266
0,0,0.005101518594697541
1,1,0.993687625396218
0,0,0.013593619222683564
0,0,0.2841056256470687
0,0,0.007108980082355231
0,1,0.8507491167952701
0,0,0.0013950905103922735
0,0,0.12143559441277552
1,0,0.47765780874790187
0,0,0.0014341308112760006
0,0,0.2628226919963546
1,1,0.9761979486999641
0,0,0.04592053710739651
1,1,0.8531459925349356
1,1,0.9942753119830007
0,0,0.019137917591108295
1,1,0.9864102754305303
0,0,0.17110201689847387
0,0,0.00360730951655942
1,1,0.9889768911508335
0,0,0.0015108089163328518
0,0,0.013778008381046166
1,1,0.9887790823566801
0,0,0.009718078668987178
0,0,0.010093165312272155
0,0,0.48099649335779926
1,1,0.9553185296080011
0,0,0.005739489254912487
0,0,0.002444053425898179
0,0,0.0012082183071391232
0,0,0.008901228048274026
0,0,0.17782564588326008
0,0,0.23704002801805663
0,0,0.0032459546585235297
0,0,0.009155704717473283
1,1,0.9903322380489664
0,0,0.0020746050800024055
0,0,0.0030746730080540748
1,0,0.4626026870822975
0,0,0.3500176560108505
0,0,0.005469486655447362
0,1,0.7461252788514344
1,0,0.40769245068239507
0,0,0.0023503038959183853
0,1,0.6693006246878461
0,0,0.0010159624726483406
0,1,0.5721127538678108
0,0,0.19485034624688866
0,0,0.001837363962605322
0,0,0.0061408100908432375
0,0,0.0014285625727392462
1,1,0.5811800634257555
1,1,0.9529518201854675
0,0,0.26569111822180097
0,0,0.012070303860262973
0,0,0.036252729320988705
0,0,0.0016669310031814741
0,0,0.005150185871834371
0,0,0.03594671293232828
1,1,0.7882067644857376
0,0,0.013307347034140202
0,0,0.0025627757311130223
0,0,0.0016904268844668247
1,1,0.7519475423072384
0,0,0.13873078639516623
0,0,0.001180260837816321
1,1,0.9130108558607665
0,0,0.004513185337347587
0,0,0.010264532579355286
0,0,0.0014972452086060145
1,0,0.4972999352397306
0,0,0.2577669634874274
0,0,0.014724673274119455
1,0,0.036699158361824774
0,0,0.12442532719356035
0,0,0.002735352043232947
1,1,0.5327663351873341
0,0,0.02136379111377443
0,0,0.02024418509549365
0,0,0.07991220189720206
1,1,0.9878256072276282
0,0,0.23905750874313625
0,0,0.020888593311072824
0,0,0.0021115010722932027
0,0,0.20894088103953698
0,0,0.023253118116426916
0,0,0.04250069575490115
1,1,0.5579307826014305
1,1,0.9692340972336985
0,0,0.0016160093566020368
0,0,0.0401664964761144
0,0,0.0017603992360348988
0,0,0.0035865744916815695
1,1,0.6889407755478383
1,0,0.18861876915129977
0,0,0.0017564211070060284
1,1,0.9594318442574844
0,0,0.3883199447488616
1,1,0.9880893584517262
1,1,0.9185790302721744
0,0,0.0035354837273947944
0,0,0.0030013968278453907
0,0,0.0024367708763764345
0,0,0.013572999994264428
0,1,0.6987470621681233
1,1,0.8461369957680877
0,0,0.1326657490160993
0,0,0.0022325583410915725
1,1,0.8716972169698425
0,0,0.0026909188209651297
0,0,0.001802106461709487
0,0,0.010782656701594789
0,0,0.003336678976911359
0,0,0.10026634806766142
0,0,0.28402038610687286
0,0,0.007102174277043492
0,0,0.004289575468218077
1,1,0.686093349938808
0,0,0.00509695028372906
0,0,0.3737631222705176
0,0,0.0016188627559675273
1,1,0.7287476349755303
1,1,0.6339352439139652
1,0,0.42301241219042457
0,0,0.0032572903902733236
0,0,0.4552393248420521
1,0,0.11541647685976435
0,0,0.0020088065088928304
0,0,0.046889912020932935
0,0,0.009729264533557058
1,1,0.563496305301514
1,1,0.9922072030278044
0,0,0.15666035349400442
0,0,0.0015883424900423745
0,0,0.008265357671993163
0,0,0.3028727538863454
0,1,0.6060282596160174
1,1,0.6309600981721719
0,1,0.580858049164595
0,0,0.05794563401343517
0,1,0.7617806464248477
0,0,0.004909526676751503
0,0,0.013615676880695189
0,0,0.41502852642438776
0,0,0.08363796566952382
0,0,0.31972465225762525
1,1,0.8083618939484932
0,0,0.0018122319976731787
1,1,0.6275220278315942
0,0,0.041934968746053396
0,0,0.007815232804769916
0,0,0.002295777504069149
0,0,0.001914961076450145
0,0,0.005872406645436274
0,0,0.0025702620320863516
1,1,0.6388258333827012
0,0,0.00510058772573315
1,1,0.7190420202840423
0,0,0.0022254138378065913
1,0,0.4400253045886953
1,1,0.5497902594557874
0,0,0.0032459546585235297
0,0,0.004679098954161768
0,0,0.0012592227523373868
1,1,0.7988476788660314
1,0,0.2176853388803253
0,0,0.005443795813261554
1,1,0.9292748376019183
0,0,0.009232822355884034
0,0,0.17400989540433173
0,0,0.015622429038298684
0,0,0.05740380416598562
0,0,0.003246422626328574
0,0,0.009299499567290414
0,0,0.3585681616809843
0,0,0.0021807397420707197
0,0,0.019974223207863146
0,0,0.001425243119376674
0,1,0.6247021427075073
0,0,0.007806733965637841
1,1,0.9880710443076782
1,0,0.2005243603027722
0,0,0.005617935154111786
0,0,0.0017366371674879175
0,0,0.009621908387630827
1,1,0.8735023990993679
0,0,0.24355543077014075
0,0,0.0016300691776248823
1,1,0.6643877001532249
0,0,0.0018639149470514932
1,0,0.3971192292909518
1,1,0.9583141495647621
0,0,0.010540856602161709
1,1,0.9950000620870816
0,0,0.027382042560974686
0,0,0.48927394896172743
1,1,0.8696485480281685
0,0,0.0019445849239410522
0,0,0.0019584078278976785
1,0,0.4805055475295054
1,1,0.7972514803735157
1,1,0.9921117769667178
1,1,0.6797101426345521
1,0,0.48160218827813384
1,1,0.7258716232541389
0,0,0.02359586697687759
0,0,0.0019332807235163147
1,1,0.7992486413883615
0,0,0.002618445790032261
0,0,0.40240320959616976
0,0,0.010136944347559775
0,0,0.03926710927339057
0,0,0.0017062870135241615
1,1,0.9721368766240726
0,0,0.4603883956951512
1,0,0.19308953616057514
1,0,0.34246471455253547
1,1,0.7575772917721495
0,0,0.026686553417416735
0,0,0.11465938730826744
0,0,0.002268677806856146
1,1,0.9760264785761981
0,0,0.406131980705642
0,0,0.39335194748396424
0,0,0.07052659402157054
0,0,0.004661752583325667
0,0,0.43283888228023115
0,0,0.0021468191635003533
0,0,0.0023972433413430414
0,0,0.0018355593995101134
0,0,0.01520261833044309
0,0,0.11005659760329306
1,1,0.8402532921760356
0,0,0.1650077652825419
0,0,0.04038783018473492
1,0,0.19736483942745667
0,0,0.052851385996750246
1,1,0.621588187772364
0,0,0.001117296980002893
1,1,0.9930377311072117
0,1,0.6906605500903716
0,0,0.08965329788609429
1,1,0.7012434679833446
0,0,0.0073959263372869255
0,1,0.8979437779617613
0,0,0.0020435901528167
0,0,0.07775548923968528
1,1,0.967342307552101
0,0,0.010714724111247761
0,0,0.05665956113063752
1,1,0.7721892162797692
1,1,0.9702167492882294
0,0,0.005822880148896885
1,1,0.8914457217834996
0,0,0.002436551886619066
1,1,0.8115504706433889
0,0,0.0032421759945322707
0,0,0.0017510681454819463
1,1,0.9477434392164616
0,0,0.21227555834512504
1,1,0.9654474767261383
0,0,0.002729702950740104
0,0,0.3244111728076695
0,0,0.1440819899194349
1,1,0.9065778754953093
1,0,0.31882579881730627
0,0,0.0019020632031132422
0,0,0.06126971858027823
1,1,0.9648596942291147
0,0,0.003023125658526672
0,0,0.004180417970595749
0,0,0.00658180766966792
0,0,0.004638609374711319
0,0,0.003932395209519092
1,1,0.5579307826014305
0,0,0.0032525261780990376
1,1,0.8839510962647479
1,1,0.8895968390629361
1,1,0.9512870431574612
0,0,0.0010308933897606508
0,0,0.0012430569449930257
0,0,0.00279309576604194
0,0,0.0019575882050546765
0,0,0.2861405796665012
0,0,0.001499935331329301
0,0,0.0009529149702603579
0,1,0.604127536054815
1,1,0.9664650892615254
0,0,0.012414382069268324
0,0,0.002268677806856146
1,1,0.8733709016645387
0,0,0.002360087807227004
1,1,0.5680483970506661
0,0,0.021330890654948177
1,1,0.9856830924031019
0,0,0.1815784400664502
1,0,0.47326119396650457
0,0,0.0041855471372687905
0,0,0.0012943212850556796
0,0,0.08268725930179498
0,0,0.0010475432207736773
1,0,0.10383550412452935
0,0,0.004485513740837477
1,1,0.9660783848181018
0,1,0.9013019994934086
1,0,0.4362804999912225
0,0,0.006127973797220856
0,0,0.002257318189191383
0,0,0.0012674165123791094
0,0,0.01378825275073861
0,0,0.0255214716792334
1,1,0.7415361406591917
0,0,0.02418557352483245
1,1,0.9825425643917131
1,1,0.8785786768855579
0,0,0.03372879107034382
0,0,0.003477601136885221
0,0,0.0018260583791990857
1,1,0.9878421658257619
0,0,0.006795212919895876
0,0,0.010767329240939764
0,1,0.5186887324614482
1,1,0.9753763790782762
0,0,0.01506566442136309
0,0,0.0838041880466744
1,1,0.9951166601882294
1,1,0.6683627112126066
0,0,0.001175502068664639
0,0,0.0017728407435249436
0,0,0.006553274021039081
0,0,0.40563736709970055
1,0,0.3648965193658507
0,0,0.0010608535790220374
0,0,0.0031876542636651256
1,1,0.6988001403279402
0,0,0.15088828474371876
0,0,0.0019076039003354992
0,0,0.002066690419911968
0,0,0.007588794781410435
0,0,0.001452231288326655
0,1,0.5110940090476844
0,0,0.0019774117639176614
0,0,0.0013896685028887625
0,0,0.04992355988054471
1,1,0.9929029644913909
0,0,0.01667842477522752
0,0,0.028731431559177453
0,1,0.5077322358061996
0,0,0.017256019262573224
0,0,0.006542235556138181
0,0,0.009294324745213361
0,1,0.7506171327274763
1,1,0.9115227477949985
0,1,0.5259572948791791
0,0,0.03963458239579263
1,1,0.8693990448728379
1,1,0.9964047136429719
1,0,0.2884367338499076
0,1,0.7700606903282583
0,1,0.5495518055135736
0,0,0.16658500551523817
0,0,0.030478564833831125
0,0,0.0009911664007645783
0,0,0.013358865571262148
0,0,0.008106309589154533
0,0,0.00900407145167613
0,0,0.10235556554899398
1,1,0.9783989939646326
1,1,0.595381387969978
0,0,0.049066294319832955
0,0,0.13276037592354079
0,1,0.6932115474728658
0,0,0.002227025460338048
1,1,0.9326246634296568
0,0,0.0010365782718456896
1,1,0.8377331985957505
1,1,0.892245738037704
0,0,0.03474049996447179
1,1,0.9561746579108918
0,0,0.001808068261111695
1,1,0.6457547260930563
0,0,0.0017966108448881383
0,0,0.0516210039292105
1,1,0.996208892122427
0,0,0.0016075116890896923
1,0,0.35963950467521916
0,1,0.604334845142302
0,0,0.05667417047228388
0,0,0.061150111831790865
0,0,0.17503400838610836
1,1,0.973308666241409
0,1,0.5343949602094806
0,0,0.004516626772853824
1,1,0.8093546009540554
1,1,0.9873167402274052
0,0,0.011207980654569343
1,1,0.840087831530766
0,0,0.17964510550130153
0,0,0.24565850990805393
1,1,0.9894069725587693
0,0,0.09723281718905472
0,0,0.11015983840470632
0,0,0.008525041221951454
0,1,0.7473023629946622
0,0,0.001180840132895328
0,0,0.0013974589635282382
1,1,0.9812273623614974
1,1,0.9949231032881696
0,1,0.5897084049206903
0,0,0.02155515167645367
0,0,0.0019612681853531516
0,0,0.4093638002005089
1,1,0.9887572493793896
0,0,0.025331988047094224
1,1,0.5201220994288275
0,0,0.001429997838356642
1,1,0.9819099091039533
0,0,0.0021398411434635336
0,1,0.5681677912466663
0,0,0.09579038345672393
0,0,0.3404514433167449
0,1,0.6473449852977214
1,1,0.7672546415734393
0,0,0.004973958120542083
0,0,0.06291085703856028
0,0,0.0063726013156935055
0,0,0.004929013801980379
1,1,0.7090071687553716
0,0,0.13328081479732357
1,1,0.8499598785461652
0,0,0.0023985769813745055
1,1,0.8325598255958252
1,1,0.9936854480348878
0,0,0.017190263699194092
0,1,0.841120410456551
0,0,0.03556617972480529
0,0,0.027099326993094475
0,0,0.0034675372130816185
0,0,0.0012118686300705496
0,0,0.3804708701456281
1,1,0.6835543037037731
0,0,0.07664502118867748
1,1,0.9883925296352275
0,0,0.003080623529222681
0,0,0.15444934702979124
0,0,0.4865507418756428
0,0,0.07013761431745195
0,0,0.4525553388166675
0,0,0.004008480023825064
0,0,0.029592457549792932
0,0,0.0012654988295609758
0,1,0.7295275844594195
0,1,0.6035259031966406
0,0,0.0040992527777476175
0,0,0.03237448541278684
1,1,0.885207557168865
0,0,0.0051120094095855485
0,0,0.042772644825171686
0,0,0.08145619009127877
0,0,0.06336137726943242
0,0,0.13949584371882806
1,1,0.5660158333014017
0,0,0.0025665869420164766
1,0,0.1687268830150077
1,1,0.9830395696585699
0,0,0.21290428935282973
0,0,0.005197168094126108
0,0,0.010771187347180808
0,0,0.007245529233020678
1,1,0.9505691602571912
0,1,0.5027850965790868
1,1,0.9881907021906721
1,1,0.9278725273724472
0,0,0.16870311116651546
1,1,0.9969472446443065
0,0,0.041386556836937455
0,0,0.020519174027827505
1,1,0.7573314286388443
0,0,0.004584698590388929
0,0,0.001420176414108919
1,1,0.6472417695172296
0,0,0.0013685010448344973
0,0,0.0018153842150318137
0,1,0.6619970360967337
0,0,0.0013399646707009064
0,0,0.007747235031523233
0,0,0.11006149587670142
0,0,0.21847585888156235
0,0,0.00761996932147972
0,0,0.001685236899579084
0,0,0.0017516913514058258
1,1,0.5472178588431138
1,1,0.886029023470749
0,0,0.0018873924683082365
0,0,0.003927742496674785
1,0,0.465895127497791
0,0,0.001310219114250126
0,1,0.6620804174941542
0,1,0.5326236498042635
1,1,0.9930878017808047
0,0,0.0013347538314493752
1,1,0.9948081311024796
0,0,0.008612232764029932
0,0,0.004648574658144385
0,0,0.00127314199400017
1,1,0.8667719033256541
1,1,0.8921043176006205
0,0,0.010812242419216469
0,0,0.07063096468295593
1,1,0.769073132156343
0,0,0.0014578112404931341
0,0,0.04261659390318256
1,1,0.7449946842539948
1,1,0.9527160218531407
0,0,0.0052262345474090215
0,0,0.0020287588571640076
0,0,0.019866201714954297
1,1,0.9938075757038202
0,0,0.055460071968657154
0,0,0.007761447575102329
1,1,0.6939586114489055
0,0,0.13915116584447407
0,0,0.005493140762572347
0,0,0.0011283993800082792
0,0,0.016999474632294
0,0,0.03462125021986465
1,1,0.9557824051783055
0,0,0.008248845901648328
0,0,0.008408238350663918
0,0,0.23515577620378944
0,0,0.002314620545489404
1,1,0.6720604915532133
0,0,0.03960143536504146
0,1,0.7094767035127438
1,0,0.3146159697479086
1,1,0.8128976758645284
1,1,0.9620847640198549
0,0,0.002380684949911313
1,1,0.9774560487567051
0,0,0.001390355150866564
0,0,0.42416813688224303
0,0,0.008956147677819047
0,0,0.0015902863707518895
0,0,0.0019907516062559185
0,0,0.07863833142448418
0,0,0.00489455748496029
1,1,0.9391785107465105
0,0,0.008640240402882532
0,0,0.16444902453520638
1,1,0.9924826172696262
0,0,0.0737486552897849
1,0,0.07063096468295593
0,0,0.0011727127977812217
0,0,0.15482105662982212
0,0,0.010891731380116971
0,0,0.004012184077400793
1,1,0.9347356869232724
0,0,0.04679006996237112
0,0,0.02107271106313659
1,1,0.5827535729237817
1,1,0.9663001106203821
1,0,0.4400253045886953
0,0,0.18909107487428176
0,0,0.35448463847722106
0,0,0.08908880971617718
1,1,0.5444714949155978
0,0,0.0018371910610590892
0,0,0.014263506763106231
1,1,0.9585381330350964
0,0,0.004065231066679556
0,0,0.006046205978836134
1,0,0.23800546082812238
1,1,0.9204027200636409
0,0,0.04213958734820591
0,0,0.0027236352852492447
0,0,0.004642626833115249
0,0,0.187243451766331
0,1,0.711324198480259
1,0,0.09107212465055063
1,1,0.8128754314682848
1,1,0.987890347625367
1,1,0.9024746975949278
0,0,0.0013949452226306419
0,0,0.21267734395486657
0,0,0.016956241681958355
0,0,0.008117570658561713
0,0,0.006658978583441914
0,0,0.010024340507886417
1,0,0.1973746311039608
1,0,0.28941236457133507
0,0,0.023294669052553542
1,1,0.639470087860325
0,0,0.0086056505718244
0,0,0.0015015800816345823
0,0,0.02398136657636397
0,0,0.02390462533361293
0,0,0.009754121560178661
0,0,0.006323401847976413
0,0,0.002759820634404981
0,0,0.014190013507664233
1,1,0.9945409636536952
1,1,0.5793683325630291
0,0,0.46245132326978416
1,1,0.7581449831367041
1,0,0.3305683162285732
1,1,0.9498966256218089
1,1,0.8895968390629361
0,0,0.001713373222311477
1,0,0.378352502933834
0,0,0.13273704443272483
0,1,0.5813025163704323
0,1,0.8894170352887701
1,1,0.5212967861604292
0,0,0.22187701837918714
0,0,0.36722015770704364
1,1,0.8991649431176567
1,1,0.9809893080916304
0,1,0.6246759919297198
0,0,0.2974434924149411
1,1,0.9339035641075739
0,0,0.0016928724846650704
1,1,0.5406687841658671
1,1,0.8127999320661639
0,0,0.001579416918574577
0,0,0.00555468347024061
1,1,0.574289556603007
0,0,0.019523269563824143
0,0,0.22032690469041719
0,0,0.003985924979883257
0,0,0.16387628020741188
0,0,0.004755783497003318
0,0,0.010369150988638757
0,0,0.07960047040826398
0,0,0.29912652767300385
0,0,0.0025321590468226286
0,0,0.0009999317393350866
0,0,0.0014949203312031947
0,0,0.0019882739318994344
0,1,0.563512709007244
1,1,0.9016268319879737
0,0,0.42619692968647693
0,0,0.004458879701968748
0,0,0.21043642449018526
0,0,0.0014938241042467112
1,1,0.9931909151924271
0,0,0.008746794230040857
0,0,0.002506941742675688
1,1,0.6663687437844166
0,0,0.005620290556641094
0,0,0.005376166544889273
0,0,0.019523269563824143
0,0,0.1957494339703322
0,1,0.6152122705585475
0,0,0.015890563989742045
0,0,0.4683595398824672
0,0,0.07695364986647127
0,0,0.23575165935204753
1,1,0.9514840507112581
0,0,0.04612806494947344
0,0,0.4339388298083177
0,0,0.0011524112795905526
0,0,0.0008683936002104828
1,1,0.995828964105631
1,0,0.18186794908355428
0,0,0.47278867371444266
0,0,0.004141946586559202
0,0,0.420241219339312
0,0,0.0019186127986119137
1,1,0.7820749936572426
0,0,0.008617259506571412
0,0,0.005486013057344377
0,0,0.009082538080142517
0,0,0.0018209270221605587
0,0,0.12262774714007531
0,1,0.5433950268548606
0,0,0.05413433484418796
0,0,0.0014804941626980369
1,1,0.895148054555313
0,1,0.6478265380815539
0,1,0.7857608030902706
0,0,0.008399565257927746
0,0,0.002947631091586982
0,0,0.005710505488444069
0,0,0.002256324485067432
0,0,0.0011386070349688675
1,1,0.9325380002038383
1,0,0.41556608264509554
0,1,0.8214632940618224
0,0,0.2755066857759571
1,0,0.41745708548314553
1,1,0.9640842166183762
0,0,0.2075366508989551
0,0,0.008148086200174362
0,0,0.06948320935188963
0,0,0.28171112519305314
1,1,0.593710441220675
0,0,0.042669468593644955
0,0,0.0007251489237137628
1,1,0.8269207602658221
1,0,0.06609819276560297
1,1,0.9505620710673813
0,0,0.20907643653723554
0,0,0.25829268859823196
1,1,0.9761151225684709
0,0,0.3310353915985863
0,0,0.001980940917672584
1,0,0.4199228265414946
1,0,0.3386410527109183
0,0,0.09641195255253981
0,0,0.0012129315240523614
0,0,0.3785859588340653
1,1,0.9226683388582266
0,0,0.3623115305573031
1,1,0.7774093822684914
0,0,0.04011605064921427
1,1,0.9600721598694361
1,1,0.9826681082357701
0,0,0.3949096423092106
0,0,0.00460507614620892
1,1,0.9933901255689797
0,0,0.009412169403876392
1,1,0.9545834960680859
0,0,0.0009861137195932767
0,0,0.003734098705269678
0,0,0.006782460066977088
0,0,0.24208145090559868
0,0,0.0419332697061718
1,1,0.918220444181857
0,0,0.061585643976196924
0,0,0.0013896685028887625
0,0,0.004024196359806912
1,1,0.7218246897644491
0,0,0.13682688345724522
1,1,0.9962680735177636
1,1,0.8732809282040241
0,0,0.0064150134278611335
0,1,0.8228838566232305
0,1,0.8611776156563404
0,0,0.0013945789987685148
0,0,0.0038541113520083234
0,0,0.0038492309015274893
1,0,0.47557062916972
1,1,0.9912004611724673
1,1,0.8121653818720198
0,0,0.0035186786610464124
0,0,0.08086057664094481
0,0,0.046402031977285756
0,0,0.013397591444887584
0,0,0.004732357060220284
0,1,0.6555962657616193
1,1,0.9689193814837844
0,0,0.0014607585763215876
1,1,0.6960662233956235
0,0,0.005141176331874822
0,0,0.07194980755928575
0,0,0.002748947345762061
0,0,0.014658294524776114
0,0,0.4669593271612526
0,0,0.0015346102065286794
1,1,0.9842729291347613
0,0,0.0016156425149573463
0,0,0.0011607342702647982
1,1,0.8089626537494556
0,0,0.030826196125314037
0,0,0.002943340812113678
0,0,0.34182186849310175
1,1,0.741791641379565
1,1,0.9157906749927895
1,1,0.6937779621587283
0,0,0.3654284920863294
0,0,0.010296302131573279
0,0,0.001674207228225923
0,0,0.0057782321333227395
1,1,0.6617911230152282
1,0,0.4297202868276836
1,1,0.809036643860518
1,0,0.49718203159919505
0,1,0.624131625560239
0,0,0.0019450509487826779
0,0,0.0032318700478741833
0,0,0.433545025588676
1,1,0.9750424560569448
0,0,0.3924183946475548
0,0,0.0014492672389815671
0,1,0.5077322358061996
0,0,0.18722731974387116
0,0,0.002685000462109667
0,0,0.001630853227909418
0,0,0.05668676294857885
1,1,0.6702053813856502
0,0,0.49675521832441677
0,0,0.11098755793166656
0,0,0.0022810359736033852
0,0,0.002232231260691958
0,0,0.0018080946287105787
1,1,0.6728295244998892
0,0,0.004425414846182974
0,1,0.5087633946241037
0,0,0.00535309814742143
0,0,0.23971688395665727
0,0,0.0016935266530011856
0,0,0.002989398162162757
0,0,0.001134165170497201
0,0,0.03041145293664949
0,0,0.0407649449707161
0,0,0.13593235105326779
0,0,0.007231420990168508
0,0,0.012186829536246164
0,1,0.5772511825479696
1,0,0.4362804999912225
0,0,0.0018979142188421307
0,0,0.3688397212879047
0,0,0.3770888929514057
0,0,0.006783546238457932
1,1,0.9886033076562643
1,1,0.9738304990281399
0,0,0.0026473437951426253
0,0,0.0013103235153305189
0,0,0.0012985259996451284
0,0,0.0032681954440344227
1,1,0.9833820125013671
0,0,0.20406357314682058
1,0,0.30750600417325635
1,1,0.8987173720357352
0,0,0.07570564386507028
0,0,0.0023796937330766797
0,0,0.0015753337300109024
0,0,0.0015747863369940894
0,1,0.5663692491236619
0,0,0.003503783243408125
0,0,0.012585296900612521
1,1,0.5104413471487761
0,1,0.8540483554652609
1,1,0.8924374123618156
0,1,0.9615960331682075
0,0,0.0048418807032088165
0,1,0.7838440815123958
1,1,0.5946777425807478
0,0,0.1860337968456359
1,1,0.9391342319096416
0,0,0.0012170764222730983
1,1,0.9818890771625971
0,0,0.012675947774570057
0,0,0.0011745097412878096
0,0,0.0051473246885937905
0,0,0.02683344422849749
0,0,0.07126115575389608
0,0,0.37061064790106574
0,0,0.01552539557894898
1,1,0.7758589217563515
1,1,0.8646034946228615
0,0,0.002555593003009989
0,0,0.36987394209573504
0,0,0.0019571585245356203
0,0,0.15460294399902627
0,0,0.002649551072125684
1,0,0.3270454837200414
1,1,0.9796113255928541
1,1,0.8612884042507112
0,0,0.001556442337771876
0,0,0.029356996085359962
0,0,0.1376447391196579
0,0,0.0025086023794019625
0,0,0.039535760208116784
0,0,0.010791197738146475
0,0,0.0012589804763032714
1,1,0.6641745771612452
0,0,0.036441367012712673
0,0,0.004111369174763439
0,0,0.0014471881124350314
0,0,0.04648324568119854
0,0,0.0019173992233889174
1,0,0.38083271581276573
1,0,0.1818478436718207
0,0,0.09348709758047508
1,1,0.9812383398982096
1,1,0.9870999495038166
0,0,0.0015956608216347256
0,0,0.0011415913105882146
1,1,0.9866078435215312
1,1,0.9431841385945107
1,1,0.9979712613087275
0,0,0.007775754949894269
1,1,0.985758921883844
1,0,0.05592982150324565
0,1,0.890884355299303
1,1,0.9858082051261091
0,0,0.03145692976724947
0,0,0.004975707884055401
0,0,0.0014544013632457977
1,1,0.8698837169561936
1,1,0.9476660601457536
1,1,0.9414488461318657
0,0,0.002575906559579093
1,1,0.9752986829056521
0,0,0.0016611133424897298
0,1,0.7814115191641433
0,0,0.062117152977709915
0,0,0.0017661989531345278
1,1,0.6469715353658274
0,0,0.004044081752072651
1,1,0.7122815371190709
0,0,0.19257784773672806
0,0,0.005960018192840867
0,0,0.0023530064047786953
1,1,0.758649642589013
0,0,0.009862352530978011
0,0,0.003266980371141615
0,0,0.005410728885649459
0,0,0.0035587551564680692
1,1,0.970998184182123
1,1,0.5499413493248788
1,0,0.35319991765884723
0,0,0.004224658932553915
0,0,0.0016499007248523022
1,1,0.9959796190913142
0,0,0.0038345743176472
0,0,0.0012391562302959533
1,1,0.7291635027418383
0,0,0.0072197371962813344
0,0,0.030689133141329247
0,0,0.00400052262312891
0,0,0.1924043551455355
0,0,0.0012707619172067622
1,1,0.7483305786109237
0,0,0.0016636633820512775
0,0,0.0062635523755893655
0,0,0.00708088244436356
0,0,0.0401664964761144
0,0,0.002898822793665129
0,0,0.003225718542322401
0,0,0.002184401921654876
0,0,0.0026005713628530452
0,0,0.001821413921349176
0,0,0.01156489488208689
0,0,0.4978713581391847
1,0,0.15541617842493435
0,0,0.0019531849838070863
1,1,0.5289972187810289
0,0,0.05825231650469879
0,0,0.008104134259968478
1,1,0.9885913788818401
1,1,0.9549304714362439
1,0,0.37859040731687027
0,0,0.31203293307604685
0,0,0.10961629072973542
0,0,0.005736138754287624
1,1,0.9384087472739215
0,0,0.39946006574192977
0,0,0.03493819544514468
0,0,0.0026513468934927097
0,0,0.0018245372491918325
0,0,0.005396141974349833
0,0,0.4200462102161937
1,1,0.9521653020130819
0,0,0.0022117913602976835
0,0,0.40674806215578957
0,0,0.023859568551608597
1,1,0.6664435716511906
1,1,0.9661847679464312
1,1,0.9786022326099467
0,0,0.040228570149881
0,0,0.023088125801172164
1,1,0.9698631444754543
0,0,0.1822885853078899
0,0,0.006851096975604949
0,0,0.2678941145113577
0,0,0.010636989825176258
0,1,0.5482097271090854
0,0,0.002268677806856146
1,1,0.9297058687523251
0,0,0.01282514138686117
1,1,0.9952886321632732
0,0,0.002366467366794062
0,0,0.00767015620237017
0,0,0.14479830612014763
0,0,0.0017194748897408733
1,1,0.6769976530181258
0,0,0.01236591531898939
1,1,0.9932528955496657
0,1,0.5612087680705223
0,0,0.0014338153744186909
1,1,0.8458924632986089
0,0,0.43071219788612236
1,1,0.6417669298040549
0,0,0.0021529373856267573
0,0,0.0017420971379632025
0,0,0.0051700747027528735
0,0,0.0062635523755893655
0,0,0.002310607305494696
0,0,0.0023258098729672847
0,0,0.0019022912829272708
1,1,0.9544626055900853
1,1,0.9032314299284594
1,1,0.9871789842085474
0,0,0.03099048982585675
0,0,0.06255485405053222
0,0,0.41163964835977407
1,1,0.7865797446040949
0,0,0.03359352213203446
0,0,0.0011686650392073352
1,1,0.8662297044024092
0,0,0.02031044004705239
0,0,0.09129258263416007
0,0,0.0012945643633559285
0,0,0.008386249855307839
0,0,0.003110084382405891
0,0,0.3250977419706454
1,1,0.9879900792227382
0,0,0.03461824578697305
0,0,0.002628176316674956
0,0,0.004204350313506429
0,0,0.005918192572948148
0,0,0.0014709184912634276
0,0,0.0037895068232899785
0,0,0.2830596725100143
0,0,0.0017050316464183306
0,0,0.001751748276567053
1,1,0.9680103813735801
1,1,0.7960964366302233
0,0,0.0025584674411570233
0,0,0.002724954607458208
0,0,0.01296397010254396
0,0,0.016530020661230105
1,1,0.5326487960779843
1,0,0.11103564595449408
0,0,0.002651847195062218
1,1,0.8611509635427581
0,0,0.0015773182962880946
0,1,0.5080039850183653
0,0,0.004580252772617622
0,0,0.029356996085359962
1,1,0.5432103618061225
0,0,0.0036174029536169407
0,0,0.0028541113033594707
0,0,0.0021289853809830016
1,1,0.9556949806098217
0,0,0.07198201974114334
0,0,0.006832370020860993
0,0,0.0019119642701784275
1,1,0.6012648457101266
0,0,0.0015414525955562313
0,0,0.11911029997452112
0,0,0.2453367837133652
0,0,0.0047834671078975
1,0,0.06314055307079841
0,0,0.27007962162576077
1,1,0.7640347203020698
0,0,0.00145163375246648
1,1,0.97382674804535
1,1,0.9942125478907837
0,0,0.0017360763500982323
0,0,0.008259403614332505
0,0,0.010527797947821186
0,0,0.41295173783668887
0,0,0.0038697367456663407
0,0,0.08305285518433807
1,1,0.9458296552364502
0,1,0.8627011551118376
0,0,0.0013482742870255082
0,0,0.0014000293333327996
1,1,0.7899928863088455
1,1,0.9924524943876057
1,0,0.35065388291831295
0,1,0.6245585604429174
0,0,0.00602676616140626
0,0,0.03018515922247456
0,0,0.0021043208947095367
0,0,0.002343234840132707
0,0,0.0014925482194619241
1,0,0.26924984953097614
1,1,0.6787137393777214
1,0,0.4598303795113567
0,0,0.02242287596903857
0,0,0.1466614392935926
0,0,0.002044495058285335
0,0,0.38638140945520066
0,0,0.002072876036706118
0,0,0.02390595347421485
0,1,0.5527279410863206
0,1,0.6115453841199963
0,0,0.0019691486935761587
1,1,0.715370848541665
0,0,0.0015898588348182093
0,0,0.03264409994629887
0,0,0.02456150655342109
1,1,0.5165192201412654
1,1,0.9429619899232715
0,0,0.4470190363635681
0,0,0.0774556959464176
1,1,0.8996434562535544
0,0,0.07755389443148039
1,1,0.8639734314207727
1,1,0.5757060097299797
0,0,0.010036696909749378
0,0,0.09152302538048143
1,0,0.3774557851515552
0,0,0.0032177204309858354
0,0,0.00315058425744
0,0,0.046623374603687116
0,0,0.13915350838832966
0,1,0.654184355707141
0,0,0.0021975895022949155
1,1,0.7994932162456053
0,0,0.38592535018867
0,0,0.0033810994698069844
1,1,0.8834113615353382
0,0,0.0915079175553203
1,1,0.9917700746596558
0,0,0.0018699252545076278
1,0,0.19905722102012463
1,1,0.8347981429819149
1,0,0.38858923468888235
0,0,0.302982457496587
1,1,0.9850148163654183
0,0,0.004613421472922596
0,0,0.0038549598440386123
0,0,0.48286245909578085
0,0,0.018656620907227982
1,1,0.8279119078144871
0,0,0.0015979956114277039
0,0,0.0032857785762085037
0,0,0.010842471270174544
0,0,0.384990711062934
0,0,0.009332594350595967
1,0,0.21165095037698653
0,0,0.0038497014291235124
1,1,0.9954073410357975
0,0,0.008273999573859806
0,0,0.002907886473067164
1,1,0.979551727874403
1,1,0.8005816164603365
0,0,0.0019916416899131294
0,1,0.5771243040607331
0,0,0.0022239682226888905
1,1,0.6913307409687408
0,0,0.025863890465001756
0,0,0.09335889508553806
0,0,0.004639796138286366
0,0,0.003273226815749221
1,1,0.7940355870248217
1,1,0.9677429675199671
0,0,0.0013013789545959918
0,0,0.0017220540355200218
0,0,0.004983263393239016
0,0,0.008486417056813461
0,0,0.004115804528629005
1,1,0.9796594315826068
0,0,0.02883643657099991
0,0,0.002108392723460499
0,0,0.3981772076140808
0,0,0.001996054786786742
0,0,0.0032936282710062286
1,1,0.9836692763279361
0,0,0.04493971119623606
0,0,0.0011452919971042977
1,0,0.0728479182262394
0,0,0.001378341648200744
0,0,0.0022087787684235203
0,0,0.10730691459740019
1,1,0.9863203857080572
1,1,0.8052668607443353
0,0,0.00788131206250229
0,0,0.0014285625727392462
0,0,0.0029047831922147083
1,1,0.5342397046366506
0,0,0.0014761834618629238
0,0,0.0034877254472105777
1,1,0.8959515324054026
0,0,0.2547254946141593
1,1,0.9947792524756436
0,0,0.025064597724044634
0,1,0.8515740649429001
1,1,0.8679489598997303
1,1,0.9785981089055519
0,0,0.427162246656213
0,0,0.012976633938152179
0,0,0.274324673276072
0,0,0.0019779274657587545
0,0,0.002681936121506628
1,1,0.587301063935258
0,0,0.013275806847572168
0,0,0.016207388185567898
1,0,0.15001610073857344
0,0,0.30617281136112223
1,0,0.3219272058345034
1,1,0.9947685221060917
0,0,0.0025636065860829326
1,1,0.995834986671878
0,0,0.09123858599878278
0,0,0.004749506008840069
1,0,0.05453798675581182
1,1,0.6460554789636603
1,1,0.6683364454079702
0,0,0.005046834687033032
0,0,0.004162779168626565
0,0,0.3644990434863168
0,0,0.0026475115871573557
1,1,0.8198197713343477
0,0,0.0014724076020963762
1,1,0.67038745273745
1,1,0.5844417289215706
0,0,0.009919040160049108
1,1,0.7752792075506793
0,0,0.2590223078734371
1,1,0.9010604882351694
0,0,0.003447450275651416
0,0,0.0017334034136247806
1,1,0.8910468575577509
0,0,0.14054408367342197
1,0,0.3646420794448821
0,0,0.09521317343596365
0,0,0.021920643550132058
0,0,0.0014876374069872787
0,0,0.0019189565996391672
0,0,0.0014359089911862909
1,1,0.8967202197512023
1,1,0.7314799807089795
0,0,0.0014739253908853957
1,1,0.7791045986062438
1,1,0.9939906764285369
1,0,0.13659642565884134
0,0,0.13276676914787564
1,1,0.8473700416102166
0,0,0.0037200472034099414
1,1,0.9978431377761942
1,1,0.662457653533262
0,0,0.2963701076155768
1,1,0.6019659956661862
0,0,0.2073227997962122
0,0,0.1163021413275554
0,0,0.01782684919165707
1,1,0.9531648395365827
0,0,0.0035495952249168894
1,1,0.9955678761292405
0,0,0.07543142601628448
1,1,0.9871036815406733
0,1,0.8174451969369
0,1,0.6194248930236266
1,1,0.834856257207202
0,0,0.0013295289422824048
1,1,0.627222144605561
0,0,0.002130278115735946
1,1,0.8416165950045578
1,1,0.9029745617445645
1,1,0.5504579587237836
0,0,0.027546433357449076
0,1,0.6071595644501003
0,0,0.0018431427556451336
0,0,0.001472956500036405
0,1,0.5622521824814936
0,0,0.002810452275597392
0,0,0.03959194594915601
0,0,0.018325425845611757
0,0,0.41085118613099453
0,0,0.005580905475191424
0,0,0.06359449743982097
1,1,0.9698702018832168
0,0,0.0015475709442247705
0,0,0.006860122957206459
1,1,0.8299442236267344
1,0,0.44460872481181557
1,0,0.44535889919736404
0,0,0.027300366511235234
0,0,0.03788908237079253
1,1,0.901976348000188
0,0,0.0023913733060257803
0,0,0.46653735329195845
1,0,0.2988767847682312
0,0,0.2846150149511859
1,0,0.2120761577998148
0,0,0.005238386728155935
1,1,0.6722392871280269
1,0,0.2005659345023065
0,0,0.01816378878438089
0,0,0.002091206337777866
0,0,0.00185037485776502
0,0,0.001391851280340531
0,0,0.02854902954698288
0,0,0.0016882707362180557
0,1,0.6028388559936468
1,1,0.9359543056267712
0,0,0.0035326058089791812
0,0,0.1452503988584828
1,1,0.880097625762095
1,1,0.5777465877899681
0,0,0.11986851437209224
0,0,0.004234524772736089
0,0,0.00510335439540111
1,1,0.9715163828437015
0,0,0.0010458734523248196
0,0,0.013757834526424446
0,0,0.004990421020320574
0,0,0.0015108089163328518
1,1,0.8861408432811951
1,1,0.6648000377648503
0,0,0.0025680807324111416
1,1,0.9018686671777496
0,0,0.03448462912633829
0,1,0.877821354388599
1,1,0.9882694844046656
0,0,0.002233451611821842
1,1,0.6280507941922576
0,0,0.0025355330418748183
0,1,0.6803598422111465
0,0,0.07626644006029126
1,1,0.9824264793184944
0,0,0.019833898611915708
0,0,0.12746255672078372
0,0,0.007947102569039534
0,0,0.03363505206524572
0,0,0.0034897341209863537
0,1,0.6580931374547153
1,1,0.9344049123520377
0,0,0.13683617600470124
1,0,0.05753776216719954
0,1,0.6408953680939795
1,1,0.6921669166883608
0,0,0.009411016335706736
0,0,0.013787643151634157
0,0,0.19170365531374897
0,0,0.004800581799573158
0,0,0.001341145455776857
0,0,0.0008488867563681417
0,0,0.0018922029902750748
0,0,0.0035674418380765224
0,0,0.00324584282665696
1,1,0.6613169222635854
0,0,0.0017647334102175952
0,0,0.0038345743176472
1,1,0.782348628249639
1,1,0.9674198769448187
0,0,0.03518301229070593
1,1,0.9840963783832767
0,0,0.005968536725108461
0,0,0.04182967951813977
0,0,0.0023308054271240636
0,0,0.0029485049726763433
0,0,0.2778539740243017
0,0,0.06798592505755252
0,0,0.0015954207512201995
0,0,0.004642660900896658
1,1,0.9843624959045337
0,0,0.19753195653973
0,0,0.001979339601009637
0,0,0.2519876732728512
1,1,0.7505201101776973
1,1,0.9636478444376284
0,0,0.004877087883556921
1,0,0.3506962961042589
0,0,0.00921126037718299
1,1,0.980564412491071
0,0,0.005862474966824889
0,0,0.1773902479818469
0,0,0.006391200716732002
0,0,0.001226325885231678
1,1,0.8827173371222832
0,1,0.6697006817832685
0,0,0.1873933297471547
0,0,0.0018237415120707708
1,1,0.9772985601811808
0,1,0.752332087534234
0,0,0.0027843938939737366
0,0,0.0018793871055853594
0,0,0.02730826828856213
0,0,0.14172378874946262
0,0,0.007738143163215032
0,0,0.30694624242861496
1,1,0.7735159816865574
0,1,0.8454969113271372
1,0,0.21531232341991208
0,0,0.006980361076287736
0,0,0.17801898291195545
1,1,0.9084210597528288
0,1,0.5918143186123411
1,1,0.8885968893638657
0,0,0.002421942134877599
1,0,0.24559670289728883
1,1,0.8930400785521575
0,0,0.001173113836841246
1,1,0.9219083521007071
0,0,0.0071952541261819
0,0,0.0011740908682275621
0,0,0.04795996922632129
0,0,0.0010346529851978773
0,0,0.08570933010033603
1,1,0.7545551964129692
0,0,0.12848370595923025
1,0,0.3272696762745978
0,1,0.5928850946022597
0,1,0.655033319488578
1,1,0.9941025765276531
0,0,0.0029520924378203315
0,0,0.041185076002016624
1,1,0.930187337415419
1,1,0.8946874244930834
1,1,0.9051737891372437
1,1,0.9410848520456849
0,0,0.02165638287995813
0,0,0.0022734192106953857
0,0,0.20887612438088207
1,1,0.7734889611780299
1,0,0.41971879138251605
0,0,0.011173753258187683
0,0,0.0012033624939335947
0,0,0.4035909117397411
0,0,0.15831699830709492
0,0,0.0016188627559675273
0,0,0.0621886989050512
0,0,0.01866078488433407
0,0,0.001135469036311976
0,0,0.24538162714140177
0,0,0.010269461981910307
0,0,0.07906896967213081
0,0,0.001913403204785476
0,0,0.005293750851202943
0,0,0.0029268424403185544
0,0,0.006033112623306839
0,0,0.0038278571612171625
0,0,0.0032339093216805555
1,1,0.9404868871075298
0,0,0.11612441020469805
0,0,0.019847638311739857
0,0,0.023713339979792213
1,1,0.6696848382284667
0,0,0.002420278340086267
0,0,0.0013521398143522276
0,0,0.039646708358893765
0,0,0.037817544800843136
1,1,0.9768717444591677
0,0,0.008427707087837497
0,0,0.47388167781838614
0,0,0.0011699105580314114
0,0,0.3232630547546915
0,1,0.6377133579150345
0,0,0.025519096163843173
0,0,0.001378341648200744
0,0,0.0033794629591125287
0,0,0.0048969101655426915
0,0,0.008028214589150758
0,0,0.0034872059617267947
0,0,0.14746030677475125
1,1,0.7102609907476368
0,0,0.20963611735121723
1,1,0.9916551568533595
0,0,0.06225005141887889
0,1,0.875495052594481
0,0,0.0013609423457841407
0,0,0.2025757682837847
0,0,0.0016554165338411116
0,0,0.0017633175665206003
1,1,0.7305476271819192
0,0,0.007560285368665851
0,1,0.5017130820655574
0,1,0.7840834739990027
0,0,0.0029973086923610554
0,0,0.0034339400634941916
0,0,0.004645675247638442
0,0,0.1430467290433784
0,0,0.39470429026145665
0,0,0.17222181989994773
0,0,0.0015793727466191494
1,0,0.2152014192181382
0,1,0.5537998012147881
1,1,0.9469243045851707
0,0,0.001131152927948864
0,0,0.20947542773651626
0,0,0.0022559839857171486
0,0,0.001802592569093014
0,0,0.008218068948755063
0,0,0.01927300937258976
1,1,0.5300305984423834
0,0,0.0015916734251690972
0,0,0.0030408969895880395
1,1,0.9354296109379526
1,1,0.7108060004424384
0,0,0.03451510147387613
1,1,0.7315646392724146
0,0,0.005197168094126108
0,0,0.053071119960557384
0,1,0.7473103122497831
1,1,0.5600054725757734
0,0,0.017411991207895782
0,0,0.11704645995628277
0,0,0.007235955488063005
0,1,0.527371068693465
0,0,0.005971268356166213
1,0,0.2683028939323276
0,0,0.022589041043432102
0,0,0.24587916657471187
1,1,0.9950554517545146
0,0,0.0014896368787491111
0,0,0.0161233268626352
1,1,0.7378905264618699
0,0,0.001679235026059903
0,0,0.06651158671828267
0,0,0.25254011615938027
1,0,0.3349945733156793
0,0,0.24538162714140177
0,0,0.019523269563824143
1,0,0.32668577531056137
0,0,0.4638411554546189
0,0,0.020725932009870152
0,1,0.5313418212849514
0,0,0.0009968893301542981
0,0,0.11111079097082102
0,0,0.004596877268817289
0,0,0.14093039358372217
1,1,0.9953510753027617
0,0,0.010714584452643307
1,1,0.9156672175535376
1,1,0.982995366200187
0,0,0.2128488432798671
1,1,0.9391469145123921
0,0,0.4298272066719413
1,1,0.9617307244541441
0,0,0.0015531054904967122
0,0,0.029556450751020775
1,1,0.9803292906887295
1,1,0.9929097455346788
0,0,0.028119287473340616
0,0,0.00652631321737246
0,0,0.3686612510737185
1,1,0.9372024119744485
1,1,0.9859805173050435
0,0,0.10671585434081031
0,0,0.008588589361620866
0,0,0.03632852288242461
1,1,0.9902776710541351
1,1,0.800332776824978
1,1,0.9944172565059926
0,0,0.12430254121848902
0,0,0.0026852600892482924
1,1,0.6660371021606465
0,0,0.002564087284524623
0,0,0.25058162701979286
0,0,0.007868567695717489
0,0,0.003125855993881653
0,0,0.00393249964597147
1,1,0.9353954673918157
1,0,0.3969393394812489
0,0,0.20118570145566317
1,0,0.4613942855773037
0,0,0.0025546633345839612
1,0,0.2901643589634339
0,0,0.02868242447762573
0,0,0.47608826921174713
0,0,0.001522586009893256
1,1,0.8467369625414438
1,1,0.9767655390043789
0,0,0.0026242726009225036
0,0,0.022066298652795174
0,0,0.23285376256612308
1,1,0.7597634744494384
0,0,0.0030124418739922356
1,0,0.32652110073360036
1,1,0.8915699918275042
0,1,0.5135068901693082
0,0,0.03288198319828646
0,1,0.9805805466868954
0,0,0.0038138958618641194
1,1,0.9887423414801567
0,0,0.001197133093033738
1,0,0.4211026042946473
0,0,0.002230015351176894
1,1,0.5406481111648838
0,0,0.0018440446757739346
1,0,0.4679000320851201
0,1,0.9358369061325311
0,0,0.01243282897243776
0,0,0.0035443387034957362
0,0,0.28003581455001
1,1,0.8568547840588719
0,0,0.1707744383750077
0,0,0.004584698590388929
0,0,0.008028214589150758
0,0,0.001686899280057497
0,0,0.03376291550736521
0,0,0.0010423019869609813
0,0,0.009330947529335302
1,1,0.9493184376807722
1,1,0.5279447756911594
1,0,0.0753957956903149
0,0,0.0017200060688899153
1,0,0.37170615829990966
0,0,0.006019099823647804
1,1,0.994169943704781
1,1,0.9738304990281399
0,0,0.004806438159204299
0,0,0.0013900981993785655
0,0,0.21124065750984278
0,0,0.004024196359806912
0,0,0.08934553905312248
0,0,0.3803762649549603
0,0,0.04647750378358289
0,0,0.10672382132594108
1,1,0.7643658022407895
0,0,0.18484946796536728
1,1,0.9190541500330112
1,1,0.9752454019626106
0,0,0.03015702223138514
0,0,0.3032367010853564
0,0,0.2589031712428283
0,0,0.002891476321110862
0,0,0.008316143906823076
0,0,0.0031530362804591283
1,1,0.9877014249297833
1,1,0.8635235948258234
0,0,0.003257972879373353
0,0,0.03892507383811338
0,1,0.7750467718327584
0,0,0.015023106215770288
0,1,0.6860994583238474
0,0,0.013735757919361938
0,0,0.0017562566776052858
0,0,0.0021203813378794685
0,0,0.004953467770168619
0,0,0.0008537681822233284
1,1,0.8957555970330561
1,1,0.827121874362579
0,0,0.017706438244919315
0,0,0.005482706183590627
0,0,0.010714724111247761
0,1,0.8415501898363413
0,0,0.0018680454823301257
1,0,0.39155159701707326
0,0,0.0017019676506511666
1,1,0.9730399341891487
0,0,0.08970658354762888
0,0,0.04211114022355288
0,0,0.02762994261557804
1,1,0.930104984303185
0,1,0.8330926053991078
0,1,0.5533484700849927
0,1,0.6813895480756889
0,0,0.48405426986716604
1,1,0.9187970103996183
0,0,0.0034448239162162774
0,0,0.08580216273834469
0,0,0.03437086696866948
0,0,0.4597666995305686
0,0,0.032847644407283584
0,0,0.0175368332368646
0,0,0.0032351869063310524
0,0,0.265829979752693
0,0,0.002458613426350676
0,0,0.014426589952007329
0,0,0.05019176870603641
0,0,0.25160269430552756
0,0,0.047884769308910495
0,0,0.002149792335640892
1,1,0.8893666669159084
0,0,0.03846106777648394
0,0,0.00253839480309291
0,0,0.00868690752544126
1,1,0.8347668663627184
0,0,0.007615235190209686
0,0,0.001836212684498343
1,1,0.7301288454138644
0,1,0.7269638295719535
1,0,0.21183415893095575
0,0,0.008028214589150758
0,0,0.0016440455545739337
1,1,0.8725988230934064
0,0,0.157731952222613
0,0,0.06856218548645197
0,0,0.00213034933504504
0,0,0.0018651634392666126
0,0,0.00535309814742143
0,0,0.0036719444451284882
0,0,0.0020730868774687045
1,1,0.9594400091534399
0,0,0.00555468347024061
1,0,0.2027147888238762
0,0,0.002726711147234577
0,0,0.48990815857935893
0,0,0.008334275183409333
0,0,0.005658687830595034
0,0,0.0031040390897100444
1,1,0.9939580132310146
0,0,0.0014015063949193046
0,0,0.0015088125288384854
1,0,0.12918339541500293
1,1,0.6681016373031884
0,0,0.1691990243976446
0,0,0.0036579332130281723
1,1,0.6334493665124677
0,0,0.0038888359422027527
0,0,0.0011791161811022738
0,0,0.005578837742586867
0,0,0.03717359589303542
0,1,0.5140588748860412
1,1,0.6186829208593112
0,0,0.0010608535790220374
1,1,0.6942086422085255
0,1,0.5129207669880453
0,0,0.021062071833028183
0,0,0.24121686577861953
1,1,0.5077322358061996
0,0,0.0026502173253926723
0,0,0.001589141910732032
0,0,0.047926118055263645
1,1,0.9970862796825911
0,0,0.4407521065561098
0,0,0.002507499055529773
0,0,0.001662971392119886
0,0,0.030873191988004506
0,0,0.013764904626194294
0,1,0.7771894286508714
0,0,0.015708202665918186
0,0,0.044661432565968336
1,1,0.9876167437984207
0,0,0.004490727823805692
1,1,0.991211641657108
0,0,0.006421885637359903
0,0,0.47763672988057854
0,0,0.00111316823935967
1,1,0.8991858369951498
1,1,0.9923354694445429
1,1,0.617382019497207
0,0,0.03760509734657629
0,0,0.43297019644932067
0,0,0.03422546872167529
0,0,0.02940155775576694
1,1,0.7043165599186042
0,0,0.0075853438278521606
0,0,0.023945842325498002
1,1,0.9946149529638657
0,0,0.22771193958928945
1,1,0.9670336986895288
1,1,0.6773593959812497
0,0,0.006709172280540257
0,0,0.28113630263711764
1,1,0.8436965187380805
0,0,0.3122892215572984
0,0,0.08543142770737824
1,1,0.7718018881654567
1,0,0.4894979857724026
0,0,0.048709167226436326
1,0,0.4044065307532288
0,0,0.003059073331290304
0,0,0.005730151967281069
1,1,0.9390302625643409
0,0,0.010830917855093604
0,0,0.0014859011174044134
0,1,0.6877666262376185
0,0,0.004670091580679611
1,1,0.7220499387033338
0,0,0.030077165142662593
1,1,0.9811416085299344
0,0,0.002167472711720563
0,0,0.15682141467436314
0,0,0.10807750880289631
1,0,0.39749553637565055
0,0,0.004934862479576691
0,0,0.006624901203573724
1,1,0.7319485864043768
1,1,0.78367559482481
1,1,0.9970097051757084
1,1,0.7887230696298456
0,0,0.003025127418177911
0,0,0.01002649490332032
1,1,0.9870929394862726
0,1,0.7034969412495631
0,0,0.0015338814983983692
0,0,0.0022325583410915725
0,0,0.007910475544635087
0,0,0.294852977282942
0,0,0.3960597834682839
1,1,0.5712888471037985
0,0,0.00541601757108466
0,0,0.0043076151902930624
0,0,0.18595556026634566
0,0,0.03725294170545663
1,1,0.5807343666850344
1,1,0.77497659351659
0,0,0.006244445554824882
1,1,0.9871977501871355
1,1,0.9949564561130627
0,0,0.029356996085359962
1,0,0.4664865663277651
0,1,0.5228392878704801
0,0,0.008443221540700497
0,0,0.003197131373180663
0,0,0.0020378814529613725
1,1,0.9491864183583911
1,1,0.8121653818720198
1,1,0.9384087472739215
0,0,0.0018261343213156883
0,0,0.030826196125314037
1,0,0.31987167693439345
1,1,0.9767482696517699
0,0,0.0019201361195679484
1,1,0.831862758289585
0,0,0.0013241399389918131
0,0,0.0014094519817691284
1,0,0.385619591766282
1,1,0.8725067955247898
1,0,0.49567809252372397
0,0,0.019684321428016523
1,1,0.6055742229146741
0,0,0.40486579649073506
0,0,0.002870928182272234
0,0,0.0032177204309858354
1,1,0.6798760270566128
0,0,0.0034817652441678517
0,0,0.17795543746958706
1,1,0.5660301871716237
1,1,0.9284064748542884
1,1,0.8026798562976454
0,0,0.3537419905940701
0,0,0.0014396527628376548
0,0,0.39385848372348004
0,0,0.05392531561645781
0,0,0.02624124309999655
0,0,0.44900788366823413
0,0,0.001548764276501127
0,0,0.3889993745468875
0,0,0.017959033063742028
0,0,0.0031842788354735038
0,0,0.046442868240572914
0,0,0.0012241400134490237
0,0,0.004877087883556921
1,0,0.3706469665963775
0,0,0.0016010040089014129
0,0,0.0010219362813926262
0,0,0.028097068098719105
1,1,0.7473511974950052
0,0,0.002273940146622824
0,0,0.022414811036676127
0,1,0.7512493304808369
0,0,0.021069855281988414
0,0,0.028525317301822554
1,1,0.8854077992890074
0,0,0.0017397893955058731
0,0,0.03394253106741733
0,1,0.6384945395188069
0,0,0.0024041490902827704
1,0,0.38667625038435854
0,0,0.0015278486019296774
0,0,0.015235381510735136
1,1,0.9630614773229879
1,1,0.9358278900388681
0,0,0.15960584467544872
1,1,0.6581511184586678
0,0,0.002466318322855529
0,0,0.42629139183411807
1,1,0.7600735894141336
1,0,0.4404618680672357
0,0,0.13612768718503454
1,1,0.9939496489465073
0,0,0.002537277636552447
0,1,0.8364098068458631
1,1,0.8681746292207648
0,0,0.0014596645604465545
0,0,0.4102641789159913
1,1,0.7958333159237108
0,0,0.0024366797621175737
0,0,0.002794069765545975
1,1,0.7696543285506644
0,0,0.17630644625492745
0,0,0.0010072035957370076
0,0,0.0017936033265402037
1,1,0.803788122405142
1,1,0.9470106441092644
0,0,0.0017131872861230087
1,1,0.8807570582029632
0,0,0.0012842553083590128
0,0,0.001979339601009637
0,0,0.006870687238860415
0,0,0.008649353985232254
0,0,0.12541799261199452
0,0,0.07493526757130017
1,0,0.02765321790731386
0,0,0.28726488869329664
0,0,0.0011081568209421353
0,0,0.03034045489499387
1,0,0.05867094830685159
1,1,0.9977015934292546
0,0,0.001273181516161517
1,0,0.10654245768122718
0,0,0.00955500921117675
1,1,0.8925056083588099
1,1,0.9645479403982112
0,0,0.0022099108976969158
1,1,0.9918571168274973
0,0,0.0020221633236085453
0,0,0.0038318022468527453
1,1,0.8022459297174098
0,0,0.0014083609008902491
0,0,0.001177480496826412
1,1,0.9899854149515466
0,0,0.009424162200673127
0,1,0.5145763258944317
0,0,0.0011925764203364175
0,0,0.003628913937542762
0,0,0.007051302496348034
0,0,0.17345614099583423
0,0,0.3324376673486917
0,0,0.455663692946757
0,0,0.0020429965425012163
0,0,0.01425259513036326
0,0,0.0017366654094250335
0,1,0.7441529735716448
1,1,0.9600638261502172
0,0,0.0034108100682923915
0,0,0.0014360399646157881
0,0,0.021774979412549623
0,0,0.00868261176115377
0,0,0.033352346023188865
0,0,0.02327897195987833
1,1,0.900966710906601
0,0,0.15720712771194661
0,1,0.9129191630397574
0,0,0.034821888485583784
0,1,0.8687322022947673
0,0,0.005924466203529262
0,0,0.0014401760054077388
0,0,0.012712501451267465
0,0,0.002333368944454846
0,0,0.0008362976541088129
0,0,0.0013482742870255082
1,1,0.5028446780187872
1,0,0.06375951697006427
0,0,0.04452324549901071
1,1,0.9297494754169874
0,0,0.010657878080642664
0,1,0.5231046252167066
1,1,0.9903924996422062
1,1,0.9487045066187976
1,1,0.8687397266375911
1,1,0.9904920237537457
0,1,0.600402425787603
0,0,0.001354189898026224
1,1,0.9556518501585163
0,0,0.019926295080467733
0,1,0.7111236908106547
0,0,0.017622371551933223
0,0,0.0011780314102299387
1,0,0.47006846009282943
0,0,0.4627235271815233
1,1,0.9933443690417953
1,1,0.8254881156748101
1,1,0.9581581640843037
0,0,0.0032519698764429668
1,1,0.7041959591803748
0,0,0.24458507347520514
0,0,0.0019777208421716307
0,0,0.0031396287416885003
0,0,0.0016009115781588682
1,1,0.9963436714311433
1,1,0.967155126257216
0,0,0.0020447740501771086
0,0,0.007190262127518612
0,0,0.006833025953397559
0,0,0.18749887262851186
0,1,0.5322167536829937
0,0,0.005107469595145324
0,0,0.008816532718228357
0,0,0.004266725918717375
0,0,0.0012654988295609758
0,0,0.002303115567362654
0,0,0.01838048438636064
0,1,0.5795402721018085
1,1,0.5864102018362994
1,1,0.8799485480846219
0,0,0.04493831219409025
0,0,0.19802412064816843
0,0,0.0009764912171973341
1,0,0.2727878900018313
0,0,0.001415437902793559
1,1,0.9954256674243038
0,0,0.06812234510562833
0,0,0.1683496532857028
0,0,0.010136944347559775
0,1,0.6057016705803373
0,1,0.7120834016350611
0,0,0.4342289632288464
0,0,0.0020231378165765125
0,0,0.012152857426244081
0,1,0.5008279037372324
0,0,0.0028861321814539075
0,1,0.5730852854484096
0,1,0.5745437042829048
1,1,0.9425977472382758
0,0,0.018822291190455767
0,0,0.0022530574507635816
0,0,0.005709472904948251
1,0,0.4471657215477132
1,1,0.6859225557307822
0,0,0.0038491182063227335
0,0,0.002148761916217083
1,1,0.8998149133264949
1,1,0.9656276924764182
0,0,0.0010072035957370076
1,0,0.3921112565895805
0,0,0.0061608612718068
0,0,0.07408502884303854
1,0,0.36286370035406884
0,1,0.5077322358061996
1,1,0.9952632180005134
0,0,0.0016302605790133166
1,1,0.9810557016339021
0,0,0.0372747686883945
1,1,0.9555469696986502
0,0,0.24679606284710978
0,0,0.002135762095136763
1,1,0.9210416628477393
0,0,0.028815082004565052
0,0,0.029733918597805057
1,0,0.05024829811069054
0,0,0.0019586723054098917
1,1,0.9738304990281399
0,0,0.013397591444887584
0,0,0.0038896078467200623
0,0,0.007140455066323722
0,0,0.005378650304070968
0,0,0.22011843284305424
1,1,0.7393887122921783
1,1,0.9941039148626559
0,0,0.49633426637132555
0,0,0.0017174922589023138
0,0,0.040886442116291326
0,0,0.19170365531374897
1,1,0.9737510237203643
0,0,0.0024876607484707568
0,0,0.003664717640470479
1,1,0.6219300735893313
0,1,0.8828560358340265
1,1,0.7459882012790887
0,0,0.002109422314217157
1,1,0.9880341783035057
0,0,0.26745443179667605
0,0,0.11202205655755751
1,1,0.5731693987366158
1,1,0.9685216346538534
0,0,0.0021054313121693377
0,0,0.0029973086923610554
1,0,0.08905050527649082
1,1,0.577181539143676
1,0,0.10383180640217413
0,0,0.022144232946095826
0,1,0.5954857492953707
0,1,0.5414167967736161
0,0,0.0021540915031006713
0,0,0.050744661724747515
1,1,0.9755444041657634
0,0,0.0027178688511639
0,0,0.36337774081866475
1,1,0.6290203595065166
0,0,0.009092645961354538
1,1,0.7265229604726833
0,0,0.10271285952760291
0,0,0.3754432736379335
1,1,0.6200048052851364
0,0,0.005721337329620922
0,0,0.02058969788825398
1,1,0.987799533293862
0,0,0.04456720828714452
0,0,0.001631598155752702
1,0,0.4944275091194635
0,0,0.003431013874376782
0,0,0.028776249002931506
0,0,0.004785272792915909
0,0,0.0012490014127408723
0,1,0.7837969584036277
0,0,0.0017677370804771763
1,1,0.997393372850413
0,0,0.47410907495670107
0,0,0.005095983710549196
0,1,0.5853917747479359
0,0,0.008935285478031978
0,0,0.3411367315534266
0,0,0.006484786219004979
0,0,0.020006636387643027
0,0,0.37198731975756233
1,1,0.972823418616405
0,0,0.03314884656378443
0,0,0.0022977223829594826
0,0,0.001605275476072398
0,0,0.004077994470479833
1,1,0.9767990145010046
0,0,0.0015290130272269107
1,1,0.8206612618922602
0,0,0.002537277636552447
1,1,0.7991496413243465
0,1,0.9252114064367497
0,0,0.001126507684365825
1,0,0.26149706411606305
0,0,0.002418611706572502
1,1,0.8902391401972533
0,0,0.17899990274456737
0,0,0.00601397138355682
0,1,0.6300662804125995
1,1,0.8236420116724418
0,0,0.004903448201300194
0,0,0.0013896685028887625
1,1,0.9402963912075997
1,1,0.7381723915333327
0,1,0.5746710391623475
0,0,0.008999041617508438
1,1,0.9892799979961256
1,1,0.9899164110419204
0,0,0.014979475081313854
1,1,0.7136904248430773
0,0,0.0015199024237046966
0,0,0.04657212058069815
0,0,0.29028532157912096
1,1,0.9910584603368479
1,1,0.988203358209491
0,0,0.002147517604915547
0,0,0.0022072971828741984
0,0,0.02807377327509117
0,0,0.4676103840374148
0,0,0.10542423690042267
0,0,0.21158567676029535
1,1,0.9865772390460881
0,0,0.0009848074587926398
1,0,0.43595330855181047
0,0,0.0027808671751954348
0,0,0.3902459029231141
1,1,0.7033700745127905
1,0,0.24582345594412727
1,1,0.9201800615281748
1,0,0.05735171781460553
0,0,0.0033223907568951604
0,0,0.004097667652473461
0,0,0.014008636473507804
1,1,0.5077322358061996
0,0,0.04720933696455729
0,0,0.0019372968477860016
1,1,0.8861993514716058
1,1,0.9966580947496756
0,1,0.5835013875194409
0,0,0.0017618031335936623
0,0,0.013377457140197587
0,0,0.005173713225602537
0,0,0.06034986147864472
0,0,0.0020390617435437864
0,0,0.003406836555287673
1,1,0.993280231822099
0,0,0.00502423408907806
0,0,0.0038219491041684723
0,0,0.0020863870618396804
0,0,0.49524134934642955
0,0,0.002641554342275038
1,1,0.6978073458992186
0,0,0.0037945545783810448
0,0,0.005960883570742022
0,0,0.0015593987660669328
0,0,0.01272499472845025
0,1,0.5713852702306746
0,0,0.0034607404080774173
0,0,0.0017663395241267845
1,1,0.9946044740853207
1,1,0.9738304990281399
0,1,0.8768361919067821
0,0,0.006726798395118103
0,0,0.0020529388173818877
0,0,0.26499236638303086
0,0,0.38127317145554296
0,1,0.8039825163710425
0,0,0.05339584162681035
0,0,0.14928671730942322
0,0,0.002035075719074316
0,0,0.0031498442933830064
0,0,0.2789628950875694
0,0,0.026894334551091383
0,0,0.002132255070262725
1,0,0.38927801970552356
1,1,0.8144263366497252
1,1,0.8307848854892641
0,0,0.0037137025742772782
0,0,0.003305574688930823
0,0,0.0017582736618981063
1,1,0.9631620554937848
1,1,0.6479862962365781
0,0,0.001566779811355324
0,0,0.006303710414692379
0,0,0.00184003713696272
0,0,0.049929148881613296
0,0,0.0028585870904835127
1,1,0.5006921176539303
0,0,0.007075030612224916
0,0,0.008408238350663918
0,0,0.002705470883946735
0,0,0.060492823641639666
0,0,0.04089032040912179
1,0,0.443087101000556
1,1,0.7296598275997813
1,1,0.9532342188681946
0,0,0.001984900741835881
0,0,0.00220229193362167
0,0,0.0028563443318044535
1,1,0.976709233511115
1,1,0.9967561938343015
0,0,0.02979252917080301
0,0,0.0015605315798873829
0,0,0.04226233864288592
0,0,0.0023687638585907136
1,0,0.3045209854029035
0,0,0.4005135275909926
1,1,0.9490574152894138
0,0,0.0014936198207571646
0,0,0.0007531270788495891
0,0,0.006417662975763706
0,0,0.01599944484144228
0,0,0.012365611131029911
0,0,0.008609585837124822
0,0,0.007950174508335963
0,0,0.2405669692983635
0,0,0.0013351384726710948
0,0,0.0012157949484425752
0,0,0.013523305313352035
1,1,0.9758659280513282
0,0,0.020006636387643027
0,0,0.01026461186017982
1,1,0.7888639225714946
0,0,0.0017117049434892872
0,0,0.006263887502142228
1,1,0.9151712160757566
1,0,0.384030855810121
1,1,0.9873338913608523
1,0,0.19170365531374897
0,0,0.0027245845096286977
0,0,0.21838222671422433
0,0,0.06454409583614468
0,0,0.2330310797767239
0,0,0.0015566808940250959
1,1,0.7311532632033156
1,1,0.9800727108229208
0,0,0.013820630156565088
0,1,0.5386293107023207
1,1,0.8868810384164625
0,0,0.003902524746048984
1,1,0.7563402562578015
0,0,0.0016075116890896923
1,1,0.8368766918147688
1,1,0.9908957852033851
1,0,0.31404339173519163
0,0,0.006512559637057515
0,0,0.0018237415120707708
0,0,0.001772713069909116
0,0,0.005682692893459647
0,0,0.18858892983831188
0,0,0.2287632349395639
0,0,0.0019287493933085422
0,0,0.07396818659678693
1,0,0.3907585258116737
1,1,0.8120124523795007
1,1,0.9157480311660612
0,0,0.01552539557894898
1,1,0.79732621056994
1,1,0.9693243168483548
1,1,0.9232321431123937
0,0,0.0014083609008902491
0,1,0.6682301367957073
0,0,0.009427719747150525
1,1,0.71907182298711
0,0,0.010136944347559775
1,1,0.9083099366779198
0,0,0.0013945789987685148
0,0,0.004496155129882561
0,0,0.2132963324492163
0,0,0.0018162959431507566
0,0,0.010650384795287758
0,0,0.016916106190865227
0,0,0.4267584726870412
0,0,0.001359773531787395
1,1,0.8238601437091828
0,0,0.002880343709739303
0,0,0.005608831768840348
0,1,0.5434089321219009
0,0,0.0019983925816893008
0,0,0.0012594154034107719
1,0,0.23682769467429568
1,1,0.5000555688031874
0,0,0.003083044166039274
1,1,0.5293786972918898
0,0,0.16311690328762388
1,1,0.78677255069978
0,0,0.0022413099075646505
0,0,0.002366467366794062
1,1,0.5894767714946427
0,0,0.0025545845665223103
1,1,0.8761329558803552
1,1,0.9904410002648579
0,0,0.10293408995670611
0,0,0.0016046856500257444
1,1,0.9519088998964832
0,0,0.10993862022992798
1,1,0.7939269873784918
0,0,0.0020328097704784805
1,1,0.8321412135182141
0,0,0.0013521398143522276
0,0,0.24206141939698492
0,0,0.1698269944778456
1,1,0.6883055435881011
0,0,0.0015918918654262953
1,1,0.6381174011926847
0,0,0.001840345083506217
0,1,0.5293936575647605
0,0,0.0016197182702702697
1,1,0.6049052056050613
0,1,0.8580464348465967
0,0,0.005196145292356377
1,1,0.7964281067639559
0,0,0.053094096514155
0,0,0.004298626324182623
1,1,0.9060592872212078
0,0,0.02041663880740896
1,0,0.10754956199068468
1,0,0.17669828997923737
0,0,0.025606365666290796
1,1,0.9944172565059926
1,1,0.504582096700535
1,1,0.5883003072059138
0,0,0.015463880677164504
1,1,0.624492540598656
1,0,0.417446264983613
0,0,0.001571800259770808
1,1,0.8246786077773913
0,0,0.42782675512751883
1,1,0.833485304321639
0,0,0.0060470397329881725
0,0,0.005148631005832293
0,0,0.002351227009444284
0,0,0.00471614669297953
1,1,0.6192023087208803
0,0,0.043790529810028164
0,0,0.05628945523890916
1,1,0.8776033156440307
1,1,0.6785860815667771
0,0,0.007354636555562902
1,1,0.9830200809470723
0,0,0.03591988538440021
1,1,0.8864861556737303
0,0,0.002010601360321552
0,0,0.015594094746722915
0,0,0.017867411875344283
1,1,0.6621234913005185
1,1,0.8007384999090366
1,1,0.9792196014351251
1,0,0.38807374968251007
0,0,0.002108392723460499
0,0,0.0018594294061821347
0,0,0.0015108089163328518
1,0,0.23028375395801812
0,1,0.7382833148372778
0,0,0.0021034243672572715
0,0,0.15165853445021737
0,0,0.004670420028429133
1,1,0.9818499689045864
0,0,0.001503735008036616
1,0,0.4001259061306973
0,0,0.11497628040381472
0,0,0.0037688169296663672
1,1,0.9444497461509099
1,1,0.9279125596976927
1,0,0.027320231712631492
0,0,0.12350961459096849
0,0,0.002695620092804222
1,1,0.9911120136882999
0,0,0.010962188985112675
0,0,0.03067118555460556
0,0,0.0035198431985939108
1,1,0.7985442690775634
1,1,0.7980259573224103
0,1,0.824669397067449
0,0,0.0011387297155722332
0,0,0.24978537505700302
0,0,0.13137227250250272
1,0,0.44078605421654293
0,0,0.0018440023955233675
0,1,0.7167997430659165
0,0,0.2624538907933328
0,1,0.5153263668555087
0,0,0.021774979412549623
0,0,0.0384309347294725
0,0,0.02854740783469394
1,0,0.4860949497173722
0,0,0.0015185342802581298
1,1,0.9962227252056709
0,0,0.10792587789122403
0,1,0.6757122291556384
0,0,0.0034384512092107363
0,0,0.34282749400942897
0,0,0.24125963934778158
0,0,0.02969473027193255
0,0,0.006184771848354285
0,0,0.02328966853792238
0,0,0.00401483141220271
0,0,0.0025357966357629747
0,0,0.2756170536521318
1,1,0.8868586687768142
0,0,0.2530823101940238
0,0,0.002237751044436385
1,0,0.43655354920549183
0,0,0.07906896967213081
0,0,0.0024187254999042543
1,1,0.9596953800888895
1,1,0.7512136752040594
1,1,0.6263989873529044
0,0,0.014389931520991644
0,0,0.0015628867589600323
1,1,0.9833205064657241
1,1,0.6102878666303321
1,1,0.513117028990234
0,0,0.35065388291831295
0,0,0.11373339402350871
0,0,0.06917572600455542
0,1,0.7145494192097054
0,0,0.025327956135852772
1,1,0.9968390786679228
1,1,0.9588700482719176
1,1,0.7843901153325079
0,0,0.003156575133289451
0,0,0.2088487230422428
0,1,0.6754627933189837
0,0,0.0012168740784582414
0,0,0.020100921155908485
0,0,0.0011482914434958595
0,0,0.004980197427799524
1,1,0.992341694754001
0,0,0.002668480453937578
0,0,0.07386952789497961
0,0,0.0018642364828664632
1,0,0.37514962571116
0,0,0.0077100823177156655
0,0,0.26316784910302343
0,0,0.008805395304046136
0,0,0.003763588009167919
0,0,0.007692896952286067
0,0,0.0012014611743283766
0,0,0.19709262362684155
0,0,0.0012589804763032714
0,1,0.7449939850785364
1,1,0.9601923355429242
0,0,0.003252069165681957
0,0,0.006156228057424216
0,0,0.374724759640908
1,1,0.9717367264016736
0,1,0.5913208217929333
0,0,0.0049901749148148315
0,0,0.005686005621491288
1,0,0.38066720371864915
0,0,0.0018152748987578812
0,0,0.003335021788558535
0,0,0.001991060925874639
1,1,0.9260333251157741
1,1,0.6790342848647325
0,0,0.06864696389516586
0,0,0.06756783757303761
0,0,0.01587936364472694
0,0,0.004826303541997254
1,0,0.4021326935181946
1,1,0.8323611042557438
0,0,0.057892368732989426
0,0,0.021363040527268007
0,0,0.008408238350663918
0,0,0.0016190497609725365
1,1,0.5077322358061996
0,0,0.001657577837405313
1,1,0.6167715663383062
0,0,0.0035706881953275022
0,0,0.19114796849477164
0,0,0.07200156392518149
1,1,0.8322705209378412
0,0,0.01657012685083851
0,0,0.0015325321432266175
0,0,0.0033416792902136523
0,0,0.02196042405011261
1,1,0.8952257842482616
0,0,0.012397153292434787
0,1,0.6765301940865869
1,0,0.21720706194609002
0,0,0.011145312316175035
1,1,0.7524696970548513
0,0,0.003519291825598186
1,1,0.8963516116630588
0,0,0.004467341827907483
0,0,0.0058054425137875655
1,1,0.8321996650451755
0,1,0.6218657144371449
1,1,0.6977131462952723
1,1,0.5765687619024997
0,0,0.002687811008186351
0,1,0.7252710133164927
1,0,0.09706331528871433
0,0,0.29339073320699804
0,0,0.001736756043478888
1,1,0.5812516504363919
0,0,0.0013607812125628082
0,0,0.0017971949663036875
0,0,0.4966613196328689
0,0,0.015328852890165078
0,0,0.08508464252254325
0,0,0.009597636680552813
1,1,0.8045606473950696
0,0,0.009681653344768648
0,0,0.003119020204516538
0,0,0.031426913237837084
0,0,0.033258122018857604
0,0,0.24676656861117038
1,1,0.9054027183355475
0,0,0.01804566761090833
1,1,0.6663701274917612
1,1,0.7954689585328655
0,0,0.09609177851135987
0,0,0.0028517260792854195
0,0,0.4451462059623179
1,1,0.5251709396988509
0,0,0.03742393295073568
0,0,0.0329781815455659
0,0,0.41828723479624325
1,1,0.9518785993813883
1,0,0.06451742801641167
0,0,0.03273149924947775
1,0,0.38523831742187153
1,1,0.9387299986871234
1,1,0.7757710058219529
0,0,0.026528734317478105
0,0,0.004926333745992858
0,0,0.20928431609318415
0,0,0.000989234574509218
0,0,0.0022804884988843963
1,0,0.29287986259816523
0,0,0.009232822355884034
0,0,0.004344320973436141
0,0,0.25018676818401747
0,1,0.8927742678154623
0,0,0.0031042740525793013
0,0,0.024921075320137938
0,0,0.00847011242356132
0,0,0.0027843938939737366
0,0,0.011039125981336707
0,0,0.01730204062481299
1,1,0.8770866693422282
0,0,0.05716449062619142
0,0,0.003078056967035855
0,0,0.029151625065286964
0,0,0.0031678670915664463
0,0,0.31597143385908255
1,1,0.9973114616825255
0,0,0.027685721569507462
0,0,0.002455943690169365
0,0,0.00606198028852708
0,0,0.013253864996140917
0,0,0.04192682740229794
0,0,0.006692602765422884
0,0,0.14510396347258833
0,0,0.16919116284538102
0,0,0.2199230602479611
0,0,0.00245073151083688
1,1,0.5366513345961164
0,0,0.035817198510802055
1,1,0.9416762775370947
1,1,0.9368495961810763
0,0,0.03933562756012759
0,0,0.09992072868309068
0,0,0.008157821473471166
0,0,0.07334927498354304
0,0,0.006413898355518763
0,0,0.000989234574509218
0,0,0.2080721992173213
0,0,0.0013482742870255082
1,1,0.9579825237223574
0,0,0.2573951421572016
0,0,0.372848003642264
1,1,0.9968086768179526
1,1,0.8104045568752228
1,0,0.3248110273002775
0,0,0.10410874907596619
1,1,0.9567972961259933
0,0,0.10583480045363364
0,0,0.002808097457297869
1,1,0.9767201552051626
1,1,0.967000672188748
0,0,0.005252628260626283
0,0,0.0013293676648391986
0,0,0.001804084169898964
1,1,0.9241465498508039
1,1,0.7448051209561352
0,0,0.0014269738447656754
0,0,0.0019309107635975295
1,1,0.9550088020207554
0,0,0.0016188627559675273
0,0,0.0031715181965233192
1,1,0.9975872682459122
0,0,0.0019285310211136937
1,1,0.9835364889715876
0,0,0.0018410309821280779
0,0,0.030876400867252803
0,0,0.18510850294953674
0,0,0.003622745072594939
1,1,0.8052668607443353
0,0,0.002419670353295867
0,0,0.03821898216310667
0,0,0.002051063167071265
0,0,0.0024974698733738663
1,1,0.9954839079400135
0,0,0.003036752095519237
0,0,0.06328865567955774
1,1,0.7905708456323612
0,0,0.3573434892907386
0,1,0.7629964609156269
0,0,0.03876484275004626
0,0,0.006978035298074108
1,1,0.9938860181009727
1,1,0.8443910009797855
0,0,0.017636255027726942
1,1,0.9496744312564954
0,1,0.5885151685512208
1,1,0.9178693154763649
0,0,0.002167576344940146
0,0,0.27033924212250954
0,1,0.7010516839039972
0,0,0.00540883331910031
0,0,0.157731952222613
0,0,0.0018305472915797457
1,1,0.6545421755375013
0,0,0.003470947360610502
0,1,0.5237791094015832
1,1,0.5728883822293634
0,0,0.22479129237375378
0,0,0.06850517116902666
1,1,0.9733717336971647
0,0,0.10778963517099362
1,1,0.9735800723022819
0,1,0.8381988239014831
1,1,0.5490769301542844
1,1,0.7997207455997191
1,1,0.735458153001028
0,0,0.0033737776729174025
0,0,0.0019167319823264
0,1,0.7121138711400847
1,1,0.536881453185949
1,1,0.9967912322466562
1,1,0.9370261406062539
0,0,0.0034026211156473777
1,1,0.9896865306882561
1,0,0.33888927429511184
0,0,0.07906896967213081
0,0,0.008640574823575746
0,0,0.1679192215632668
0,0,0.001718350800537857
0,1,0.5981730442689163
1,1,0.92947977527851
1,1,0.9751584315774771
1,1,0.8911764805931419
1,1,0.9763820109826687
0,0,0.004290461285840034
1,1,0.921884561061855
1,1,0.9291171451345019
1,1,0.8753772628568985
0,0,0.17533835517218185
0,0,0.0019203233137622697
1,1,0.7382486249640512
0,0,0.01438616285227546
1,1,0.9766770117221567
1,1,0.7360635482051745
0,0,0.0033254671035313154
1,1,0.565261003622299
0,0,0.0010072035957370076
1,1,0.9636091990680501
0,0,0.0011054415406418349
0,0,0.3482850671664565
0,0,0.0024261004686325265
0,0,0.00312212254333592
0,0,0.0875628682814562
0,0,0.002985759084943547
0,0,0.10380692331945242
0,0,0.0018170994541094096
1,0,0.3504234869546647
1,1,0.9889221076348353
0,0,0.0014524475719960254
0,0,0.02980467117577397
0,1,0.6280276005543312
1,0,0.4086682366441251
1,0,0.24081704320497443
0,0,0.0021757825979111284
0,0,0.013393987155345045
1,1,0.7771911519828734
1,1,0.6660958101842758
0,0,0.007127187870857292
1,1,0.920960795657101
1,1,0.9519163084975901
0,0,0.0970898339086829
1,1,0.9874060317910663
0,0,0.019157064290259943
0,0,0.0027843938939737366
0,0,0.14194184374751795
0,0,0.2152014192181382
0,0,0.012120922550781593
0,0,0.00256840572420579
0,1,0.5408774995371955
0,0,0.09912400548129743
1,1,0.9964611210661058
0,0,0.011125003702960412
1,1,0.9849609426928427
0,0,0.00357184669985797
0,0,0.36678691820222736
0,0,0.002121550196260201
0,0,0.0015235608144996734
0,0,0.0010219512972064772
0,0,0.2658951249333197
0,0,0.0025770737567897537
0,0,0.001996073544095769
0,0,0.003110084382405891
1,1,0.5433396858754886
0,0,0.08972294142566814
0,0,0.003912846617749777
0,0,0.00595216104122998
1,0,0.09036375838874576
0,0,0.005665161471840943
0,0,0.010083006027396077
0,0,0.008432773833703201
0,0,0.004191784581108346
0,0,0.2112363738848297
0,0,0.03075369087923788
0,0,0.009395734369281275
0,0,0.006583242444475277
0,0,0.001365722379074365
1,0,0.2989949334462608
0,0,0.044576965256686286
1,1,0.608295398004488
0,0,0.03221136008221364
0,0,0.1777321000264418
1,0,0.3836150843725778
0,0,0.005970311557920312
0,0,0.03662638988154877
0,0,0.012373130149011934
1,0,0.4110178164607296
0,0,0.0017722307461580293
0,0,0.038726923155405865
0,0,0.041934968746053396
0,0,0.015384826259178497
1,0,0.2685087135465255
0,0,0.0051016819859099035
0,0,0.1672851262866107
0,0,0.0012680299199743757
0,0,0.001320282342615976
0,1,0.6151619219988312
1,1,0.9625189224933764
1,1,0.9265052726747316
1,1,0.6242833938925525
0,0,0.009049663182247036
1,1,0.9834070428602338
1,0,0.41039224595889967
0,0,0.034848644372918736
0,0,0.003957024252449141
0,0,0.0032857785762085037
0,0,0.017523303455685976
1,1,0.8281725409296921
0,0,0.001174382121111385
0,0,0.004471742936734818
1,1,0.6613381415579526
0,0,0.003131370413241104
0,0,0.0016944951626396633
1,1,0.6447891780838805
0,0,0.0077271950719625575
1,1,0.8423832028567492
0,0,0.32495502866807535
0,0,0.24763599228009056
0,0,0.003553066294785829
1,1,0.9908456531920782
0,0,0.0026154042932040765
0,0,0.024052752032170405
0,0,0.37401487210372825
0,0,0.002903470048207264
1,1,0.9950578930781406
0,0,0.00597774795085374
1,1,0.8596847906508792
0,0,0.03365744354752056
1,1,0.9842737326980338
1,1,0.9844614128845969
1,1,0.8554777032235308
1,0,0.18766145415852103
0,0,0.0054400204056740875
0,0,0.06655696897772896
0,0,0.002132117202722946
0,0,0.0019447192726670293
0,0,0.0805399086361418
0,0,0.0016188627559675273
0,0,0.1418367292187527
1,1,0.8507492797504781
0,0,0.048240546463906325
0,0,0.08420915726624256
0,0,0.0036064739654541656
1,1,0.9965471556008608
0,0,0.0007531605200526886
0,0,0.007378211417092187
1,1,0.9744591866266463
0,0,0.0022023768614337137
1,0,0.053452632609294046
1,1,0.9552070903210029
0,0,0.007737258801862492
0,0,0.010633050037336625
0,1,0.8907573838644195
0,0,0.023448513552560595
0,0,0.003626340084582426
0,0,0.017783005557073992
0,0,0.24827132382100622
0,0,0.14375426401393346
0,0,0.003083044166039274
0,0,0.26004659763765964
0,1,0.5449605019720626
0,0,0.05960674104549873
0,0,0.12862497901725753
0,1,0.6309893762003776
1,1,0.9782341686227659
1,1,0.9837496087392283
0,0,0.0017965249364467186
0,1,0.6248054293784201
0,0,0.022144232946095826
0,1,0.6223357804791241
0,0,0.3460764523884655
1,1,0.5173153375374346
1,1,0.9826283596023238
0,0,0.22733067700475473
1,1,0.9431841385945107
0,1,0.5255579454000273
0,0,0.03965253865578357
1,1,0.967698843426935
1,1,0.9738304990281399
0,0,0.0016011287521089693
0,0,0.06219273817240681
0,0,0.008092196907925694
0,0,0.01964310592932794
0,0,0.0019022912829272708
0,0,0.024813399917545043
1,1,0.8369870683952878
0,0,0.002132744649612532
1,1,0.9923208073671766
1,1,0.9411579087631123
1,0,0.009482538066191403
1,1,0.9684405052803934
0,0,0.10948941627433201
0,0,0.1440819899194349
0,0,0.012782617976608986
1,1,0.7253176890975865
0,0,0.0016715254901947501
0,0,0.2636578961752603
0,0,0.0025192786316515126
0,0,0.046402031977285756
0,0,0.036019008982804045
0,0,0.010188277006031735
0,0,0.2846350430497867
0,0,0.002716683331444436
0,0,0.2672543577037952
0,0,0.0024366797621175737
0,0,0.037211146260484974
1,1,0.6537203232440651
0,0,0.0009768407155207259
0,0,0.006184185403566145
1,1,0.7336198322413209
0,0,0.34330450911557836
0,0,0.0053420509248965934
0,0,0.001899795668985032
1,1,0.8103209665795745
0,0,0.004726450944012254
0,0,0.00540883331910031
0,0,0.26547153514337934
0,0,0.0048005353010865635
0,0,0.007483482092735774
0,0,0.0303279688687598
0,0,0.0017678593782796037
0,0,0.017728679858551682
1,1,0.777999897351431
0,0,0.0016787549666785184
1,1,0.991308862822512
0,0,0.09511424637888938
0,0,0.003869060135629997
0,0,0.002149337367378169
0,0,0.007635366492131273
1,1,0.7530261707530485
0,0,0.08316240214655184
0,0,0.07916498556081779
0,0,0.008203879203825358
0,0,0.3777490959605564
1,0,0.09899202117656168
0,0,0.0012791926733895379
1,1,0.8621882055670814
0,0,0.0034901237385564165
1,1,0.5341991379582794
1,1,0.5918143186123411
0,0,0.00793926796168623
1,0,0.37339841227606113
0,0,0.14838513354035818
0,0,0.0012286612823031679
0,1,0.7700769239115542
0,1,0.7552666154156946
1,1,0.8989336459748658
0,0,0.0010624122046556106
0,0,0.0018429017511697628
1,1,0.9160219822367842
0,0,0.007866845823887842
0,1,0.8694455490085529
0,0,0.0010246944204176035
0,0,0.0028060214158948183
0,0,0.008246591583477389
0,0,0.002750889330701465
1,1,0.9067205405893292
0,0,0.005667911728061579
1,1,0.7571054383063466
0,0,0.0014968482870987027
0,0,0.0013834054600698484
0,0,0.13487371769762563
1,0,0.4037306909712631
0,0,0.14686022134273383
0,0,0.012280720287558866
0,0,0.002748815523075431
0,0,0.003289801005582478
1,1,0.6512904524513164
0,0,0.001434818660368735
0,0,0.10828231235364132
0,0,0.001012138738687338
1,1,0.980995011966808
0,0,0.08027510055045745
0,0,0.19170365531374897
1,1,0.8066772344109123
1,1,0.9948706955838349
1,1,0.7372047245369024
0,1,0.7965316703423714
0,0,0.0013172906675484111
0,0,0.0065843042659056985
0,0,0.023143555373954884
1,1,0.9895396554080276
1,0,0.45359332962893745
0,0,0.047248874202111275
0,0,0.040925112904653824
0,0,0.08169765931387048
0,0,0.0037662039060315415
1,0,0.3378539989030042
0,0,0.058295048974853436
1,1,0.9525127187129848
1,1,0.8989336459748658
0,0,0.02267549366435624
1,1,0.9369933054603753
0,0,0.0984629410400864
0,1,0.6641720611528861
1,1,0.7126561576698945
0,0,0.04423225007568334
0,0,0.3212725546916873
1,1,0.9644599570579125
0,0,0.07461434935658265
0,0,0.04388745988786772
0,0,0.004031357546280171
0,1,0.8538117328742024
0,0,0.2603690140759778
0,0,0.0029753183822301406
1,1,0.5603175888976132
0,0,0.014252011972976923
0,0,0.0015356353305640152
0,0,0.0012346698805728708
1,1,0.9772269577414266
0,0,0.23140178293263566
0,0,0.1320692720757899
0,0,0.00805445089931041
0,0,0.04501463706640011
0,0,0.006381954189632454
1,1,0.6257845738779172
0,0,0.006724460072153673
0,1,0.5611503692908867
1,1,0.9966249616621291
0,1,0.6834661704808983
0,0,0.0017330341776295476
0,1,0.6517480830311806
0,0,0.06857059307394932
0,0,0.009635881779382217
0,0,0.03679807348624589
0,0,0.0018869110837261896
0,0,0.0014144232838799863
0,0,0.24264332934782748
0,1,0.7715373635477636
0,0,0.10120104808988248
1,1,0.788514640202354
0,0,0.19787038296760404
1,1,0.752401289904683
0,0,0.00397546991484749
0,0,0.025282145543010334
0,0,0.0031953378565409076
0,0,0.33141352524972534
0,1,0.5827152870699516
0,0,0.0022628819530163954
0,0,0.2792866590979822
1,0,0.1507286640948646
0,1,0.621711355284539
1,1,0.9963811962561853
1,1,0.9654078431506262
0,0,0.002177693701065512
0,0,0.0015768044509134344
0,0,0.02265132189493371
0,0,0.0011698963701848534
0,0,0.41061379329268843
0,0,0.06017122975925006
1,0,0.4935619204294694
1,1,0.7467972677830861
0,0,0.19953745870295175
0,0,0.0022628819530163954
1,1,0.6180939247622619
0,0,0.0038345743176472
0,1,0.8624825305302504
0,0,0.001802106461709487
0,1,0.6057194899760402
0,0,0.004411023340989872
1,1,0.9791008852533296
0,0,0.2599575238875798
0,0,0.0022874856340257457
1,1,0.6858598494345151
1,1,0.907909437006751
0,0,0.0017663395241267845
0,0,0.001754113938997118
0,0,0.0016188627559675273
0,0,0.14177889098890156
0,0,0.12583130292662606
0,0,0.0027255176176192303
1,0,0.3778661959584679
1,1,0.770366198653754
1,1,0.5224626041983658
0,0,0.0016938012678000172
0,1,0.9469557864917336
0,0,0.003922830210251879
0,0,0.07276069681896495
0,0,0.013645893271953227
0,0,0.003344362789331818
0,0,0.1735495371440848
1,1,0.9896591914531044
0,1,0.7757743971812223
0,0,0.0191736471944343
0,0,0.005883911469649947
0,0,0.005573120848313969
0,0,0.051310020976799334
0,0,0.001318027124511417
0,0,0.007871686020313247
0,0,0.10828772148572063
0,0,0.035144848865572835
0,0,0.0017719102055134962
1,1,0.9812195693918787
1,1,0.9901508531436208
0,0,0.05030136653635321
0,0,0.06708977979893369
1,1,0.9757066447211742
0,0,0.0075156147562548655
0,0,0.010752002809947153
1,1,0.7840022117327642
1,1,0.9778619745410639
0,0,0.008338025911637825
0,0,0.0017315200695629618
0,0,0.31379964534637717
0,0,0.2006965543491786
0,0,0.4413005028683892
1,0,0.35660904231379786
0,0,0.009321288040035298
1,0,0.09930196804523966
0,0,0.001662971392119886
1,0,0.4053039706148894
1,1,0.7822392704132674
0,0,0.002737189013544095
0,0,0.0016570378011666602
0,0,0.052179210736944495
0,0,0.044142646867308954
0,0,0.10810046055948025
0,0,0.06669530249369285
0,0,0.07718756489638824
1,0,0.008338025911637825
0,0,0.004648574658144385
1,1,0.9719573480418618
0,0,0.041214852049974805
0,0,0.07118175295390534
0,0,0.001042157813031805
1,1,0.6999109217793982
1,1,0.7325730588626813
0,0,0.007352171198381906
1,1,0.9703259764163211
1,1,0.9121683091297192
1,1,0.9801002008556812
0,0,0.0032267393452471487
0,0,0.010068149576131067
1,1,0.9929864825144799
0,0,0.0018656001771327636
1,0,0.44643925400553697
0,0,0.08074922237540652
1,1,0.6384420497111993
1,1,0.6641698315017734
0,0,0.009947999416150837
0,0,0.002268677806856146
1,1,0.8933696107183268
0,0,0.08010502021574721
1,1,0.9948405195098385
1,1,0.6530978980594044
0,0,0.4039699264475014
0,0,0.0014638816047762605
0,0,0.001764961395557075
0,0,0.1335762019581134
0,0,0.001710342997347463
0,0,0.0023725911035142257
0,0,0.0017673226453343615
1,1,0.6140879240015291
0,0,0.007746531557641115
0,0,0.0030875403447717773
0,0,0.2188810603019945
0,0,0.01861637283086874
0,0,0.007582541449310278
0,0,0.003910581570489954
1,1,0.5448521172094343
1,0,0.4796585321441475
1,1,0.8898217163039434
0,1,0.5091882094840893
0,0,0.39964911770134987
0,0,0.0026239864514709895
1,1,0.8732459397471969
0,0,0.02637836329668281
0,1,0.9708872802979641
0,0,0.07465634312692306
0,0,0.0021789989979165807
0,0,0.0011691254457217922
0,0,0.007354691124171155
0,0,0.05791388975409734
0,1,0.5895278196428548
0,0,0.00365892297588681
1,0,0.1969581444855671
0,0,0.14928671730942322
0,1,0.7467972677830861
1,1,0.9792683948366445
0,0,0.0018523506123909437
0,0,0.009821336059237473
0,0,0.13740957981790203
1,1,0.7457457878880173
0,1,0.530784648317173
1,1,0.9943291464574435
0,0,0.02487353388713595
0,0,0.4524529574625958
1,1,0.6048316845972295
0,0,0.0013731352160979956
0,0,0.34329716543974614
0,1,0.5575393191197124
1,1,0.9874313490784191
1,1,0.6977518901764528
0,0,0.010376354986095295
1,1,0.9653380130653219
0,0,0.0010349573328996876
0,0,0.2970531464742036
0,0,0.013335193536987273
0,0,0.0572526532478261
1,1,0.909576448097195
0,0,0.02019560502552175
0,0,0.004400520428075127
0,0,0.0021498311617209895
1,1,0.6084017254529428
1,1,0.9764024475372817
1,1,0.7047764703161168
0,0,0.019636178957620654
0,0,0.0022696782315457026
1,1,0.9945057736301134
0,0,0.0009593070408032393
0,0,0.020075972731303026
1,1,0.9877864179784386
0,1,0.7828620885856609
0,0,0.0013157689934642249
0,0,0.4507752988096559
0,0,0.12893200441487984
0,0,0.042314155726571115
0,0,0.010874440637181303
0,0,0.12552198880359494
1,0,0.4654338833420332
0,0,0.003292018241773835
0,0,0.0014664870908657494
1,1,0.8459605098629734
0,0,0.0016374465341582052
0,0,0.002729702950740104
1,1,0.819835830724839
1,1,0.8333021041489181
0,0,0.2500387999144926
0,0,0.00258573494499708
1,1,0.7948350021999983
0,0,0.022957154747778298
0,0,0.0014971255930224987
0,0,0.019609761535581093
1,1,0.9851671489574106
0,0,0.00945373784255443
0,0,0.001988176131367056
0,0,0.005799057765633616
0,0,0.0014222694398192538
0,0,0.013772043591840965
1,1,0.9862014789792131
1,1,0.8829901724861668
0,0,0.0021594798551694537
0,0,0.005367386291015609
0,0,0.006803476636053449
0,0,0.0027751815919635457
0,0,0.0016554257392495369
0,0,0.18145601079459178
0,0,0.10356309845538399
1,1,0.9923765383767318
0,0,0.39612017868878513
1,0,0.43316015865769253
0,0,0.033553678310609084
1,1,0.97382674804535
0,0,0.0720584585335851
1,1,0.8401862976824903
0,0,0.002273623113336611
0,1,0.5712628678681578
0,0,0.1940639084898663
1,1,0.9804295455019311
1,1,0.7965921834822245
0,0,0.0023108199800612912
0,0,0.0007475262421326321
1,1,0.927057637974511
1,1,0.805410369670536
1,1,0.8513570004272869
1,1,0.7939623839051497
1,1,0.9176590332332577
0,0,0.001783491084994982
0,0,0.00555468347024061
1,1,0.9974534981105095
1,1,0.9034091941263064
0,0,0.021538836875679757
0,0,0.14403867277586063
0,0,0.010977923130348318
0,0,0.19485034624688866
1,1,0.990912661255557
0,0,0.001998750142160988
0,0,0.0015624917072265267
0,0,0.05148482654093312
1,1,0.9525045610566282
1,0,0.3776253645132526
0,0,0.0019022912829272708
0,1,0.5003220118719581
0,0,0.007486582248615967
0,0,0.010924954546357018
0,0,0.007380383469025413
1,1,0.862646568788975
0,0,0.0010408698309702805
0,0,0.002039032729570313
0,0,0.003561393424501559
1,1,0.5801234770055999
1,1,0.8896380495840737
0,0,0.0033714080785260925
1,1,0.734366123200481
0,0,0.24743286839763662
0,0,0.001654758284017393
1,0,0.16950017596405798
0,0,0.002558439397247838
0,0,0.0034577336757686955
0,0,0.08417263042028542
0,0,0.00647525981605654
0,0,0.001643633842755291
0,0,0.002839391171711326
0,0,0.005785369456627895
0,0,0.002096179864777161
0,0,0.23544913155863567
0,0,0.0014413077138903637
1,1,0.8121653818720198
0,0,0.016024947179227395
0,0,0.10240444161309462
1,1,0.6231054456484371
0,0,0.059579229888404604
0,0,0.001116370622895128
1,0,0.4201183224708375
0,1,0.9711487706604776
0,1,0.6818563050668504
0,0,0.0038633065752785244
0,1,0.8277406706269801
0,0,0.0024875058437309333
1,1,0.7275490800699741
0,0,0.046529647380204396
0,0,0.004448518758499248
0,0,0.0023657762247132294
0,0,0.05045910265605034
0,0,0.002140241063159356
0,0,0.09896726443651871
0,0,0.008901228048274026
1,0,0.26721159078685236
0,0,0.027561394938196086
1,1,0.8370414165572276
0,0,0.004960026286947082
0,0,0.002082554216773589
0,0,0.010358315720917673
0,0,0.25037960923986446
0,0,0.0012432168230721292
0,0,0.0014024686556892495
0,0,0.0009966720594002797
1,1,0.8962381103945615
0,0,0.022144232946095826
1,1,0.9919452073563678
0,0,0.254627222239543
0,0,0.0017490084997070954
0,0,0.010908515399587084
1,1,0.9940776866316561
0,0,0.009454721632390185
0,0,0.17288873286406767
0,0,0.003039443510984167
0,0,0.021277341116828493
1,0,0.32058099591688183
0,0,0.018033396505632886
1,1,0.9842294228044888
0,0,0.3377323567946451
1,1,0.9708717424884756
0,0,0.0016232550128192271
1,1,0.6574415019597099
1,1,0.5289943186431834
0,0,0.48176417560580054
1,1,0.7872315778508115
0,0,0.001660726654793763
1,1,0.9239887481105944
0,0,0.0022734192106953857
0,0,0.003929095568119462
1,1,0.9954103972625523
1,1,0.8222836884022579
1,1,0.828732256944554
0,0,0.0024232012159448365
0,1,0.7026717728378009
1,0,0.3201712817981436
0,0,0.0027327489019336893
0,1,0.6694858553293178
1,0,0.0483298863033152
0,0,0.0018201360578263743
0,0,0.001749059283742482
0,0,0.007326323035206176
0,1,0.6346783696860258
0,0,0.002053919077436539
0,0,0.0011565253644016012
0,0,0.19170365531374897
0,0,0.015190556360870827
0,0,0.025331988047094224
0,0,0.030586006812309725
1,1,0.9489477342291606
0,0,0.028589680310859063
1,1,0.7375382385556637
1,0,0.237745889062444
0,1,0.5386641525808792
0,0,0.030263195951506353
0,0,0.001608929974041769
0,0,0.1612552591733025
0,0,0.0021018464773165115
1,0,0.33372268633147983
0,0,0.004950088354037438
0,0,0.03579225246313008
0,1,0.6741889603909204
0,0,0.018660426812850475
0,0,0.002679713821962582
0,0,0.0028770947080548797
1,0,0.37573770077006313
0,0,0.0013737492918686367
1,1,0.9706312961328502
0,1,0.5511556330179969
0,0,0.010781071159901809
0,0,0.012976633938152179
0,0,0.0032060195913186044
1,1,0.8177543613794618
0,0,0.0021755672497534907
0,0,0.010668089301977726
0,0,0.11759406474051383
1,0,0.3800918951363835
0,0,0.26967830509054136
0,0,0.026701254045922055
0,0,0.020615355742584194
0,0,0.10438537256166014
0,0,0.001120883514131786
0,0,0.007725733951908223
0,0,0.0027738644609191145
0,0,0.04161513677289245
1,1,0.9484717418761192
1,1,0.8366996153185545
0,0,0.0020902350980797307
1,0,0.2923313113869474
0,0,0.010961944721613746
0,0,0.002299446574401482
1,1,0.8738012386109288
0,0,0.0012720125706708765
0,0,0.3743944550255757
0,0,0.0024217125607774483
1,1,0.9112004952687207
0,0,0.008843891470264265
0,0,0.00447607293560409
0,0,0.1716996811922722
0,0,0.0013256100544092515
1,0,0.3173927374258308
1,1,0.8716566424328003
1,1,0.6510667866886498
1,1,0.8685897289898638
0,0,0.08549241580956402
0,0,0.16593678848868104
0,1,0.868881854642157
0,0,0.0014641009218563101
0,0,0.04125026380756491
0,0,0.385619591766282
1,1,0.6610680945456862
0,0,0.002374138080805671
1,0,0.03446503125953109
1,1,0.8382595603104189
1,1,0.7220018343966429
1,1,0.7989706212687591
0,1,0.6365994678081902
1,1,0.8513443894948782
0,0,0.32629489022816777
0,0,0.0023885361321880176
0,0,0.0026666264836364933
0,0,0.0015563566088362092
0,0,0.0026339175413166932
0,0,0.009754201313705678
1,1,0.7693266686333149
0,1,0.7339343033753031
0,0,0.006415262787167551
0,0,0.0018972535681034178
1,1,0.9882259166265274
0,0,0.0029485049726763433
0,0,0.004764821195402383
1,1,0.7677672253070127
0,0,0.014281920180192921
0,0,0.004852351750756004
0,0,0.042000153851255044
0,0,0.000882123530252659
0,0,0.43226813769384426
1,1,0.9964373250287001
0,0,0.0046112046765239365
0,0,0.011364961758809208
0,0,0.024806129657451888
1,1,0.9166181442845821
1,1,0.8202174802880253
1,1,0.6739397929267389
0,0,0.01170142962927567
0,1,0.5827152870699516
0,0,0.2620002196835858
1,0,0.18159199708476673
1,1,0.5688639210815313
0,0,0.0023079588436372162
1,0,0.1667766461795747
1,1,0.7382289033192452
0,0,0.003346246024766767
0,1,0.8985957566875501
0,0,0.0016568291593633577
0,0,0.0017073588342858634
0,0,0.0023518252187735354
0,0,0.002217572101650885
0,0,0.0297198008596503
0,0,0.0026387248899058234
0,0,0.07997326364126578
1,1,0.9888121981807187
0,0,0.03653032763547407
0,0,0.0013950821080842743
0,1,0.640704052369884
0,0,0.3509561968070361
0,1,0.7240104577774696
1,1,0.8704795506579847
0,0,0.0014506179052743214
1,1,0.689045751216714
1,1,0.8282220033527794
1,1,0.7270502748391683
0,0,0.008005935477076556
0,0,0.4231403258501025
0,0,0.002614789494884823
0,0,0.0015760391371761277
0,0,0.001344542613800057
0,0,0.029022818682453756
0,0,0.00339364756033889
0,1,0.5481329120346471
1,0,0.4607520950398848
1,1,0.8340009977977401
1,1,0.9907387242934612
0,0,0.005206283126950151
1,0,0.4755998032915449
0,1,0.8226074191334026
0,0,0.013085286996485701
0,0,0.020725932009870152
0,0,0.09590050253952422
0,0,0.0013641696303186477
0,0,0.24050105129756558
1,0,0.42776965801423317
0,0,0.0019595029873510908
0,0,0.0022419792319774744
0,0,0.009635881779382217
0,0,0.004516626772853824
1,1,0.9692519922099005
1,1,0.7522782721749053
0,0,0.4755609300291528
0,0,0.0019022912829272708
0,0,0.0017996792230282968
1,1,0.7634261099619897
0,0,0.0288995638004114
0,0,0.02196491027981456
1,1,0.897890172337064
0,0,0.004804977470060293
1,0,0.3959358840409317
1,1,0.9827042001972102
0,0,0.0016487835564784352
0,0,0.019441522414110273
1,1,0.7843989442370773
0,0,0.02475887165167205
0,0,0.009504816556975047
0,0,0.002199481244518369
0,1,0.5290684949692287
1,1,0.9936021428331318
0,0,0.0020797458833103615
0,1,0.701923394143261
0,0,0.001141358146367596
0,1,0.6489423118576544
0,0,0.0014197883816796577
0,0,0.0014322883906967216
0,0,0.0016166728550462048
1,1,0.8963751860260583
0,0,0.0015918918654262953
0,0,0.2601147046340194
0,1,0.5038846306745772
0,0,0.002079369581606219
0,0,0.005707047080586167
0,0,0.006851690767621073
0,0,0.43321169149148103
1,1,0.9090258446456512
0,0,0.14568080141056736
0,0,0.33847442922228965
0,0,0.0021308595371803303
0,0,0.026461785550847692
0,0,0.003947855439155012
0,1,0.5133814745326173
0,0,0.002530056976361095
1,1,0.9601923355429242
0,0,0.0011358162663850711
1,1,0.9658740460844023
1,1,0.770088115920044
0,0,0.01281882533614195
0,0,0.12285665375510645
0,0,0.0020509285149733414
1,1,0.9920736157686485
1,1,0.8323611042557438
0,0,0.060865833092032105
0,0,0.1405320596728259
1,1,0.7575797643786294
0,0,0.03911425505664627
0,0,0.004748018306456997
0,0,0.23711319668673214
1,0,0.3753877853931832
1,1,0.7957086858056411
1,1,0.8762376441991485
0,0,0.23269384763501696
0,0,0.01698796560288702
0,0,0.09398017918004135
0,0,0.006191837924930213
0,0,0.06343255569213335
0,0,0.4329041114754283
1,1,0.8737313869403449
1,1,0.7413402812552164
0,0,0.2251003115838763
0,0,0.0030534828462429526
0,0,0.0008387174721042682
0,0,0.4716728602046954
0,0,0.004120517043787839
0,0,0.03092996596839158
1,1,0.9886710819056869
1,1,0.7050781514210028
1,1,0.5979372554223534
0,0,0.002825967468522738
0,0,0.007951715301880215
0,0,0.002078112401008139
0,0,0.0033046858528594887
0,0,0.0028253819227882218
0,0,0.003255895665559195
1,1,0.8364248991193821
0,1,0.9734123230899728
0,1,0.9008329667304596
0,0,0.29329370649066516
1,1,0.5600497401593497
1,1,0.6614117952698286
0,0,0.0010270790103972867
0,0,0.0016742296354296205
0,0,0.16776597812401042
0,0,0.10882062519198486
0,0,0.005103484089242604
0,0,0.001669495097026294
0,0,0.0016821114403671562
1,0,0.19213970147944742
0,0,0.002252920843154593
1,1,0.8533582262766899
0,1,0.5276479936074413
1,0,0.44751800907516814
0,0,0.0017280398385413293
0,0,0.06917572600455542
0,0,0.005350725001380461
1,1,0.9913297568963975
1,1,0.9878797592409898
1,1,0.9942794158216883
0,0,0.0010798565420467063
1,1,0.9933321268524646
1,0,0.2675668706259278
0,0,0.04999486935643045
0,0,0.0025109915190854723
0,0,0.0016188627559675273
1,1,0.5159193063190669
1,1,0.9812844314520119
0,0,0.0028665568454421335
0,0,0.20747022473109528
0,0,0.0018533743592480524
1,1,0.777251223438795
1,1,0.9650918782010883
0,0,0.3759042783035826
0,1,0.7199019557372826
0,0,0.049567046251744414
0,0,0.0030865000281959606
0,0,0.0037229671214702533
1,1,0.8295375224232346
0,0,0.07459705869872663
0,0,0.013821957316236947
0,0,0.009609417464291437
0,0,0.018504538827423492
0,0,0.11398070657551682
0,0,0.00851490158486039
1,1,0.6475604637770356
0,0,0.0032247342791330764
0,0,0.008927780310419395
0,0,0.004496327120854219
0,0,0.0050676334378746265
0,0,0.31337574962948067
1,1,0.976485671526093
0,0,0.005071625906336061
0,1,0.6445485277019422
1,0,0.06323439777506532
1,1,0.9701807620208465
0,1,0.7583209674944333
0,0,0.0762926252330443
0,0,0.2892392972713037
1,1,0.9974122808461053
1,0,0.4843882056593429
1,1,0.596732532759528
0,0,0.0581129105317332
0,1,0.6945849144059105
0,0,0.0036315281511265043
0,0,0.0025794486912418557
0,1,0.5635355179078071
1,0,0.2736723303787495
0,0,0.00360923719545535
1,1,0.8881901734792998
0,0,0.0016188627559675273
0,0,0.0015610683696428
0,0,0.10965838510280926
0,0,0.011653841828387761
0,0,0.03463437733422845
0,0,0.007076631382371209
0,0,0.028589680310859063
0,0,0.004795867036667128
1,1,0.7053984917301594
0,0,0.0014460398335662873
0,0,0.006131638212286275
1,1,0.5295772052585
1,1,0.7336018982500655
0,0,0.002607699533153392
1,0,0.11622084542082703
1,1,0.9905846965398445
0,0,0.0026260616195534266
1,0,0.485610623248969
0,0,0.019189859887085003
0,0,0.005103484089242604
0,0,0.007027053162375865
1,1,0.8937006648882942
1,1,0.9387200883633067
0,0,0.0026226090806984446
1,1,0.7713021060683776
0,0,0.0021314016567200085
1,1,0.9837069558478717
0,1,0.5984133483715323
0,0,0.0013288191712755744
0,0,0.001556496574756337
0,0,0.20394700598409415
0,0,0.2906898633795977
0,0,0.25746928895481197
0,0,0.001314596413092816
0,0,0.0027831758756979904
1,1,0.8914848618759147
1,1,0.901346844557127
0,0,0.010411650824256876
1,1,0.6444966019847486
1,1,0.8705040024842096
1,1,0.8612042711520211
0,0,0.023133339066740012
0,0,0.09104110657427608
0,0,0.03953893407484577
0,0,0.004096416996632798
0,0,0.006719708467276774
0,0,0.022832004814751936
0,0,0.004254039212588035
0,0,0.02085683433321441
0,0,0.018500980120057228
1,0,0.17126442019073423
1,1,0.5387023743941325
0,0,0.15979897168255855
0,0,0.061575511439215636
0,0,0.0025041982382510196
1,0,0.16199971237073008
0,0,0.46690167050116327
0,0,0.022231635605095453
0,0,0.011606291058275113
1,1,0.7413494703550572
0,0,0.02252407457920481
0,0,0.0013067853409739092
0,1,0.5817731393674184
0,0,0.06357004746847579
0,0,0.0012093928156490703
0,0,0.001156437224533681
0,0,0.011653841828387761
1,1,0.947256529580781
1,1,0.9869607303403124
0,0,0.49317731959510713
0,0,0.0022645389769330028
1,1,0.9589311700765322
0,0,0.001937582207533651
0,0,0.38638140945520066
0,0,0.002118357165101929
0,1,0.6284800247775705
0,0,0.001345569868678147
0,0,0.18970029079204886
0,1,0.6379094369562714
0,0,0.003011318370716549
0,0,0.0029832114919676814
0,0,0.0019705978691911255
1,1,0.9933146977106657
0,0,0.002111328621922069
1,1,0.7854700488903538
1,1,0.6454645963183785
0,0,0.04250327673586733
1,0,0.4782512744031075
0,0,0.001999047732606168
0,0,0.49674475497690906
1,1,0.9833962829648115
0,0,0.00311337797526193
0,0,0.03061091857106298
0,0,0.001682265425692561
0,1,0.6359959246979687
1,1,0.7503104356379273
0,0,0.001179337544511632
1,0,0.238033762801763
1,1,0.8613467419262636
1,0,0.3410708399219972
1,1,0.9877330370427383
1,1,0.9803758424213911
1,1,0.8820905267414879
0,1,0.8983833991791021
0,0,0.002166002029857981
0,0,0.0016061289111755275
0,0,0.028097383441526704
0,0,0.0014238281988797124
1,1,0.5087849837037405
0,0,0.007829310149854062
0,1,0.8210011734708674
0,0,0.1343711628828083
1,1,0.8740326979085712
0,0,0.002197210202560529
1,1,0.9723276382985016
1,0,0.10309191647278584
1,0,0.46490996397509926
1,1,0.6687498597541679
1,1,0.919839794402186
0,0,0.0013600333349568033
0,0,0.015874864870599043
1,1,0.6810580101471854
1,0,0.14352914854084375
0,0,0.008935285478031978
0,0,0.3302172983618431
0,0,0.36020617072543964
0,0,0.007104028283974315
0,0,0.0015551497335598533
0,0,0.0026121334068938077
0,0,0.012218952523102232
0,0,0.0033830746264463737
0,1,0.8671484505105558
0,0,0.10601604796114378
0,0,0.027749468396641247
0,0,0.36611681802762464
0,0,0.006945491250045281
0,0,0.0012074702151871784
0,1,0.6941548966928794
1,1,0.7119782905159527
1,1,0.7595450152077835
0,0,0.000799622879014416
0,0,0.002347369359469314
0,0,0.03146064101523959
0,1,0.7432725983090623
0,0,0.01753920155867609
0,0,0.0018373915658567478
0,0,0.0026521727216264487
1,1,0.9751239572283883
1,1,0.7310587921214936
0,0,0.0026070720892544426
0,0,0.04162687843069796
1,1,0.9952070689125667
0,0,0.4731253883504991
0,0,0.05248015000916559
0,0,0.09765098395379751
0,0,0.16668764923081333
0,0,0.0009951939040971753
0,1,0.7314799807089795
1,1,0.9737128482447679
0,0,0.0015553154905439874
0,0,0.07659342566696344
0,0,0.0025086023794019625
0,0,0.003490357060999124
0,0,0.017564187267618568
1,1,0.9445908807748407
0,0,0.040179342983344656
0,0,0.19102893870411106
0,0,0.0008440237822519628
0,1,0.6798760270566128
1,1,0.9734341609620913
1,1,0.6907134041923306
1,1,0.9960840285973114
0,0,0.0022936970837904797
1,1,0.7466118979982904
0,0,0.002242628579723897
0,0,0.0034001973903489396
0,0,0.03930919830817735
1,1,0.9706187286950628
0,0,0.20430660832647357
0,0,0.004902327046511796
1,1,0.7266281048198517
0,0,0.006956561687435039
0,0,0.4467096607865126
0,0,0.0023607167673561306
0,0,0.0052262345474090215
0,1,0.7667464219533114
1,1,0.9945494160492551
1,1,0.9787272525753183
1,0,0.21973486508931064
0,0,0.001344862224330889
0,0,0.0015884977600897703
1,1,0.8092734897814857
0,0,0.2259907283464763
1,1,0.9955745823709472
1,1,0.9916596032257693
0,0,0.002302911745056391
0,0,0.0031526010252063935
0,0,0.28381852026897814
0,0,0.20142300229512441
0,0,0.004287409229727996
0,0,0.0013646499875993585
1,1,0.9791008852533296
1,1,0.9611495232944814
0,0,0.031093906999798398
0,0,0.05282387160768426
0,0,0.11433210022672965
0,0,0.024505436114146493
1,1,0.9963648947540794
0,0,0.0016565771032858586
1,1,0.9511670809058212
1,0,0.494509836965851
1,0,0.3535255463347803
1,0,0.12488636625827507
0,0,0.1626637224386875
0,0,0.02435909662963301
0,0,0.006608068748841794
1,1,0.996447161448683
0,0,0.0015038482365539842
0,0,0.0020967118224449327
1,1,0.8674312236020871
0,0,0.0029028424054994575
1,1,0.9726193824350524
0,0,0.045347609049609605
0,0,0.012290801208313365
1,1,0.9493580836634012
0,0,0.006101882312702402
0,0,0.07755389443148039
0,1,0.6348437437229641
0,0,0.17463704261258833
1,1,0.9939792889575708
0,0,0.12117987946480308
0,0,0.11296170644353373
0,0,0.0054373753669078465
1,1,0.9600261582278308
0,0,0.0028635656272899216
0,0,0.029674935601354938
0,0,0.009300914435513275
1,1,0.9758710492275371
0,0,0.004379181185955415
0,0,0.0024235815578121205
1,1,0.9692426299644782
0,0,0.0030310500007969593
0,0,0.33189463749515963
0,0,0.0023892122428548776
1,1,0.8784578981487966
1,1,0.9926077105715716
0,0,0.03300995965113585
0,0,0.05057824225670564
0,0,0.004964413468601376
0,0,0.005787592518918971
0,0,0.035813414035797755
0,0,0.05744831667714417
0,0,0.002418611706572502
1,1,0.9957174849371458
1,1,0.958041528577545
0,0,0.0021510273965589556
0,0,0.004062557450236115
1,0,0.16722670139798892
0,0,0.0644570706773109
1,1,0.8494273452176998
0,0,0.019789741470458186
0,0,0.009537248762820513
1,1,0.9842718778601706
0,0,0.2825859533397553
0,0,0.06724981352245188
0,0,0.0020458538819663826
0,0,0.42782675512751883
0,0,0.0014912304783004059
0,0,0.0016475441850279644
0,0,0.001697992455192602
1,1,0.8989854885481254
0,1,0.5509974566798853
0,1,0.6168528047431114
1,1,0.5448774762705024
0,0,0.02583137568556121
0,0,0.0033414119908926985
1,1,0.6953860642846849
0,0,0.08732839380262308
1,1,0.764698264283727
1,1,0.9194362344175424
0,0,0.001336406033222002
1,1,0.898845385102157
0,0,0.0016188627559675273
0,0,0.2221722500628619
0,0,0.05741547517094955
0,1,0.8522387074154938
0,0,0.004279539921405575
0,0,0.019523269563824143
1,1,0.8282424654623423
0,0,0.0031325018613816706
0,0,0.0018927042459411301
0,0,0.0032777708221107932
0,0,0.14032109726689074
0,0,0.0015103640375417585
0,0,0.03911958186607489
0,0,0.0013046960564973714
1,1,0.9589007595214046
0,0,0.11622771627524402
0,0,0.364270565324732
1,1,0.9794800018614411
0,0,0.0016882707362180557
1,0,0.41079484019643636
0,0,0.014252011972976923
0,0,0.3133431802841535
0,0,0.004324586212489045
1,1,0.9920774511293811
1,0,0.3483294885844433
0,0,0.0031763536320626655
0,0,0.001568801454115316
0,0,0.015594094746722915
0,0,0.0023213900834477496
1,0,0.03951400363433127
1,1,0.9955745823709472
0,0,0.00535309814742143
0,1,0.724769451567075
0,0,0.015594094746722915
0,0,0.003673854604525714
0,0,0.15258285744451228
1,1,0.636149148044241
0,0,0.34874956998256035
0,0,0.014356880902586024
0,0,0.037248200879045665
0,0,0.0009200130626129619
0,0,0.35816293274991484
0,0,0.05663649260590103
1,1,0.9922374991817139
0,0,0.002618445790032261
0,0,0.0009237073028545815
1,0,0.4569671123679927
1,1,0.9615423101121796
0,0,0.20998468031119505
0,0,0.019251098354542487
0,0,0.0431985297205217
0,0,0.0022108689357937567
0,1,0.5593817911328751
1,1,0.9197957777646647
0,0,0.011957520854307051
0,0,0.26004659763765964
0,0,0.002266598741191774
0,0,0.3354321770494152
1,0,0.49391677528089917
1,0,0.005315260522998335
0,0,0.0043863955207147625
0,1,0.8182916553177052
0,0,0.048358541385108256
1,1,0.8720364652193034
0,0,0.003948172633596673
0,0,0.0032267393452471487
0,0,0.0043595569572676225
0,0,0.0025229372344380894
0,0,0.0321478975652054
0,0,0.0011491699209643436
0,0,0.008506616458947
1,1,0.8311583433041531
0,0,0.0018013880002690308
0,0,0.003015262450095914
1,1,0.6606408550610804
0,1,0.617669290034384
1,1,0.5539439803974797
1,1,0.8440405118403759
0,0,0.0014227496110835827
0,0,0.05958630786287332
1,1,0.9395540500314011
1,0,0.37626306962306333
0,0,0.008083062142313979
0,0,0.0009391344859145829
0,0,0.0025081077306751158
0,0,0.2597039564562031
0,0,0.26729332427667796
0,0,0.3157889659777639
1,0,0.30510438602725687
0,0,0.0029370668847652406
0,0,0.03632852288242461
0,0,0.08340140264827041
1,1,0.6632051153649089
0,0,0.33173967775542057
0,0,0.002473497390492085
0,1,0.5912360785775929
0,0,0.1400901973369972
0,0,0.14536353152796522
0,0,0.001958615482773549
0,0,0.0023543521113619063
0,0,0.008659796210600175
0,0,0.0022490307991937485
0,0,0.0027224756996858885
0,0,0.006603186419758126
1,1,0.9947728911058539
0,0,0.3736292175887783
0,0,0.11273941523662637
0,0,0.022910027392976262
0,0,0.20540516755692573
1,1,0.9871977501871355
1,0,0.4260865732728544
0,0,0.32365157347913953
0,0,0.010070948112666173
0,0,0.0017349375595530968
1,1,0.7335846487231592
0,1,0.6921083522663655
1,1,0.8868186764492735
0,0,0.11646993167670129
0,0,0.003902524746048984
1,1,0.929358685371995
0,0,0.012066394749009998
0,0,0.010714366813613136
0,0,0.16286087606051913
0,0,0.0020124909565536783
0,0,0.0027132238944694537
1,1,0.8312961021236477
1,1,0.8633283352452646
0,0,0.0018198431725490202
0,0,0.003797320880063561
0,0,0.04130016784310181
0,0,0.005573120848313969
0,1,0.6767170623907307
0,0,0.18484946796536728
0,0,0.006475890560818008
0,0,0.24695071554507084
0,0,0.4450391662888825
0,0,0.0021308595371803303
1,1,0.8580371046086773
1,1,0.8743619657553132
1,0,0.2408032395978686
0,1,0.7217526495183556
1,0,0.3755584824679114
0,1,0.7528994468055501
0,0,0.14750416927636376
0,0,0.0011791161811022738
0,0,0.00195474028085115
0,0,0.00564877777796488
1,1,0.7126815103186748
1,0,0.10826097690597039
1,1,0.9960687431646907
0,0,0.0020607905604750096
0,0,0.0011190182029482527
0,0,0.00398528636539359
0,0,0.002231549347116753
1,1,0.5403267902142362
0,0,0.0012820865524527702
0,0,0.0017990407005023488
0,0,0.003183072844811549
0,1,0.7398858160500891
1,0,0.26507011963135035
1,1,0.8604087445118986
0,0,0.0014832225887573
0,0,0.0009400996483769403
0,0,0.023538686871547365
0,1,0.675445796451211
0,0,0.00797628012791279
1,1,0.6905618282562594
1,1,0.9416623533846753
0,0,0.0031149198134727864
0,0,0.4750658811376023
0,0,0.001662971392119886
0,0,0.0031089529293218997
0,0,0.0036441200851995365
1,1,0.9548936520670365
0,0,0.007821969785465264
0,0,0.002058323649191586
0,0,0.002432021435089176
1,1,0.9908520087268521
0,0,0.021076051469522475
0,0,0.13594538767305736
0,0,0.006075222932012016
0,0,0.26836949172698266
1,1,0.9574750545624996
0,0,0.44947233136431125
0,0,0.0024367708763764345
0,0,0.014567421491423233
0,0,0.39480772306993545
1,0,0.3356779885943785
0,0,0.3150852274844043
0,0,0.0024904845081531158
0,0,0.13503586233875606
0,0,0.28487977713883106
0,0,0.013091622810407245
0,0,0.3932378216158596
1,1,0.9108414420339795
1,1,0.9903017942639233
0,0,0.0016054116714177896
1,1,0.9937263827725703
0,0,0.0014736371344677265
0,0,0.2413691684654818
1,1,0.8632346062136205
0,0,0.001588266735300057
1,0,0.14024574386499974
1,1,0.9946585110694841
0,0,0.2945678623941932
1,1,0.9963243195398331
0,0,0.002537277636552447
1,1,0.8846404658054062
0,0,0.4403248783224812
0,1,0.8905513838375381
0,0,0.042930395359041806
0,0,0.38951780197155034
1,1,0.7639365974178863
0,0,0.3761425588733845
1,1,0.5224665244734464
1,1,0.5646916584128289
0,0,0.012111274696996329
1,1,0.6693006246878461
0,0,0.14382978718925196
0,0,0.002041997972370321
0,0,0.3783643730071969
0,0,0.0028175056574052735
0,0,0.0017119145275315856
0,0,0.019490990135626142
0,0,0.004149644727737386
0,0,0.022985607140297192
0,0,0.002873101030438085
0,0,0.2559538109541171
0,0,0.0018858451732829422
0,0,0.01568808822780133
1,1,0.611325210595431
0,0,0.16814604088072369
0,0,0.0018847644439900072
0,0,0.0016239068561303468
0,0,0.005370789470652387
0,0,0.009250808712818092
0,0,0.004483594158460269
1,1,0.5059185794044324
0,0,0.001064059317332081
0,0,0.017935129691729577
1,0,0.380965901617989
1,1,0.6288450036773984
0,0,0.003368107545125924
1,1,0.7051911660955785
1,1,0.937394884501965
1,0,0.12583601062904679
0,0,0.0008384833537246393
1,0,0.16919116284538102
1,1,0.9892799979961256
0,0,0.0021462359543620094
0,0,0.022859180867952487
0,0,0.002487157440341058
0,0,0.23529269951242948
1,1,0.9951675415431687
0,0,0.11735012273313095
0,0,0.43093411292201267
1,1,0.9489353257660896
1,1,0.5579307826014305
1,1,0.9799592472662817
0,0,0.22063936523381295
1,1,0.9642585392790048
0,0,0.0016624819509832175
1,1,0.6292523131302513
0,0,0.0019137062646356936
0,0,0.0019531849838070863
0,1,0.6658801016023573
1,1,0.9723720699608029
0,0,0.1440819899194349
0,0,0.0024366797621175737
0,0,0.0029450180814933574
0,0,0.003338389659279425
0,0,0.003819948763316821
0,0,0.002355108167300274
0,0,0.028033089408751613
0,0,0.006635031779473475
0,0,0.00385663449842061
0,0,0.0020590686687959317
0,0,0.48718679728387265
0,0,0.021205978848928945
0,1,0.5707462773552984
0,0,0.041934968746053396
0,0,0.009265208563965488
0,0,0.00786596233525464
0,1,0.5847361261388284
1,1,0.8231182997096623
0,0,0.017952020533698355
1,1,0.9237227059141596
0,0,0.27036371634173545
0,1,0.5736948902875937
0,1,0.6418586680505918
0,0,0.40142367345167285
0,0,0.0016188627559675273
0,0,0.00962732255272089
1,0,0.41503595815288574
0,0,0.003341184313611765
0,0,0.04880655546840916
0,0,0.0028017172220846077
1,0,0.19816278277322294
0,0,0.0015947570107530651
1,1,0.7921137504500557
1,1,0.9965178009132942
0,0,0.38767443986819405
1,0,0.3576212036187769
0,0,0.010009586003516606
1,1,0.9936854480348878
0,0,0.010874440637181303
1,1,0.6630782537102116
0,0,0.002812139832230455
0,0,0.039324681612552426
0,0,0.014982470433916139
0,0,0.23580740607660006
0,0,0.007898106602365694
1,1,0.8584264203428804
0,0,0.001554836982022492
1,1,0.9490139640453072
0,0,0.004748874653981326
0,0,0.0029122493566905083
0,0,0.0022172356590929453
0,0,0.16182644387626755
1,1,0.9845913530883156
0,0,0.05002737633098523
1,1,0.7483306426010506
0,0,0.05946105987383622
1,1,0.9369029660305145
0,0,0.18159199708476673
1,0,0.4063147190120568
0,0,0.07678286822826089
1,1,0.8969477747472503
0,0,0.015029888721174386
0,0,0.005626614546883115
0,0,0.47429844128018345
1,1,0.9921224722088223
0,0,0.0013250370173439677
1,1,0.5803749951988385
0,0,0.19692001770171957
0,0,0.1338952673716652
1,1,0.9709537924509892
1,1,0.9944442197360891
0,0,0.015118741372215585
1,1,0.9949209493858889
0,0,0.0014310853716311997
0,0,0.0010842909827660635
0,0,0.015604250408429294
0,0,0.0023886957515450846
0,0,0.39694712313429364
0,0,0.44082652875073663
1,1,0.9960532805408142
0,0,0.003355822299954954
1,1,0.9516172908388036
1,1,0.9738304990281399
0,0,0.010675438171698222
1,1,0.9472247884872643
0,0,0.0022628819530163954
1,1,0.8899300617896563
0,0,0.0621886989050512
1,1,0.5077322358061996
0,0,0.3181676276614209
0,0,0.1440819899194349
0,0,0.0014931870015631005
0,0,0.09373613575858432
1,1,0.9898911078387274
0,0,0.005107469595145324
0,0,0.010136944347559775
0,0,0.41295173783668887
0,1,0.5938719250024614
1,1,0.7218087300163738
1,0,0.27074219857828663
0,0,0.02244548165213973
0,0,0.007310506095285172
0,0,0.4391263999757057
0,0,0.0010976885783194712
1,1,0.9573241215030525
1,1,0.8370901817169163
1,1,0.7301980714797661
0,0,0.0030055096713348245
0,0,0.002732949102328928
0,0,0.0013949452226306419
0,0,0.26793883895364307
1,1,0.9945231561177271
0,1,0.7031215178074255
0,0,0.0036695561776994745
1,1,0.7460235333528973
0,0,0.0730748972082581
0,0,0.001260553784425976
0,0,0.001643633842755291
0,0,0.013058266603343421
1,1,0.5642958096297287
1,1,0.9443436324479286
0,0,0.0012051183073317978
0,0,0.004113552096978385
1,0,0.3715986134465106
1,1,0.8523800033252801
0,0,0.0026990358459584884
0,0,0.02519957211773645
1,1,0.9738304990281399
1,1,0.8793848595309328
0,0,0.0015392349898732526
1,1,0.9467566570134611
0,0,0.002935319641631107
1,0,0.3976884340682685
0,0,0.023206637204742163
0,0,0.09638246136519342
0,0,0.012829674353653247
1,1,0.8958324147085239
0,0,0.3021526269597402
0,0,0.38584843441506583
0,0,0.006536718128665584
1,1,0.8974797129770873
1,1,0.8251542071175157
0,0,0.15168295518323685
1,1,0.9951817672033465
0,0,0.005536818672106636
1,0,0.2990827353442925
0,1,0.6856921255462647
0,0,0.08851438551658981
0,0,0.008986214493899634
0,0,0.007544986617266117
1,1,0.9022030996197754
0,0,0.06570589810406954
0,0,0.001606980009256664
0,0,0.0017332901187847743
0,0,0.008411436104371913
1,1,0.7846624912468042
0,0,0.0013156920455898993
0,0,0.4307035988876775
1,0,0.48831252373695655
0,0,0.0019752342562052456
0,0,0.0013123041176786728
0,0,0.05410255699155604
0,0,0.015279158542939228
0,0,0.022036731999122667
0,0,0.03997194189041451
0,0,0.002108392723460499
0,0,0.003125855993881653
1,1,0.9476660601457536
1,1,0.6570632160591824
0,0,0.007223400321782328
1,0,0.24582345594412727
0,0,0.2760639989422902
0,0,0.0027315677339102714
1,1,0.9964865788178686
1,1,0.9585255500719793
1,1,0.9767507605022503
1,1,0.6858648497848853
0,0,0.010515422323072083
0,0,0.002066860567044327
0,0,0.0013482742870255082
0,0,0.032233826318114084
0,0,0.010296246191509173
0,0,0.001883463322174278
1,1,0.9452026850255741
0,0,0.010440203880683868
0,0,0.02022750335491553
0,0,0.010586719022623607
0,0,0.2912453602246891
0,0,0.004185732149519727
0,0,0.002805360850870166
0,0,0.038457429738682825
0,0,0.003982978792011795
0,0,0.11999424958531192
0,0,0.0028043390486299324
0,0,0.020752838725212306
1,1,0.5201220994288275
1,1,0.6215169702501454
0,0,0.1416244007415367
1,1,0.9857877040978446
0,0,0.17500422140701652
1,1,0.9745160235972488
0,0,0.0015115690272817668
0,0,0.0018685700225896857
0,0,0.004143388816758531
0,0,0.0023455544970959123
0,0,0.0021929027834461036
0,0,0.0024209764841611873
0,0,0.003255895665559195
0,0,0.00437513041642139
0,0,0.08010502021574721
0,0,0.3348436231132718
1,1,0.8026433879010721
0,0,0.0010166350472881464
1,1,0.6293810925385834
0,0,0.0011474192547999335
0,0,0.07906896967213081
0,0,0.010636989825176258
0,0,0.00217869379231437
1,1,0.9508633308302269
1,1,0.9659883763469503
1,1,0.5342102581838957
1,1,0.9897540476798434
0,0,0.40240320959616976
1,0,0.31974647255338545
0,0,0.0028122734201860298
1,0,0.24494095978909672
0,1,0.6003670658145495
0,0,0.010105442733799751
0,0,0.01452141847711517
0,0,0.0013893482551377765
1,1,0.982078505978705
1,1,0.8136030078103547
0,0,0.0222728449505827
1,1,0.9944172565059926
0,0,0.003712703117269368
0,0,0.04382860022616708
1,1,0.7440431923651695
1,1,0.5026617144001628
0,0,0.024587197414230367
0,0,0.0643138287570799
0,0,0.3802146394785378
0,0,0.4489870380625935
0,0,0.002188549102391805
0,0,0.48680526357299014
0,0,0.2526301260294679
0,0,0.00390765783003972
1,0,0.4749090887308776
1,1,0.8996215302682016
0,0,0.002368245445488336
0,0,0.0652092438756011
0,0,0.0016198374025463477
0,0,0.06410605278863009
0,0,0.0013419124156029989
0,0,0.002119879624524747
0,0,0.1357131312678048
1,0,0.488727579197569
0,0,0.009754201313705678
0,0,0.10193647754980951
0,0,0.0023931637330565636
0,0,0.041934968746053396
1,1,0.8497438106849892
1,1,0.8509848625236517
1,0,0.2786476509811358
0,0,0.0024366797621175737
0,0,0.018581516194819864
0,0,0.13016616368449715
1,1,0.8973296070358977
1,0,0.12997454150854104
0,0,0.0035580679200672384
0,0,0.39791197084280355
0,0,0.0013461529454291221
0,0,0.005165280455950241
0,0,0.02380079173340392
0,0,0.0014748097928551638
1,1,0.6996397289425534
0,0,0.0025558736199176595
0,0,0.16097322637227016
1,0,0.11488115747183747
0,0,0.055510755119560364
0,0,0.0025177451604971772
0,0,0.11594058442381557
1,1,0.8882877495801718
0,0,0.06260827237746189
0,0,0.0018209270221605587
0,0,0.15620112030348648
0,0,0.0009870641518482889
1,1,0.7942888632540497
1,1,0.7892387625251469
0,0,0.0019064151555677675
1,1,0.9924524943876057
0,0,0.009964681191471637
0,0,0.018113936005584114
0,0,0.0014235808708625418
0,0,0.0029572856328747236
1,1,0.7106813017160065
1,0,0.15376316341300558
0,0,0.0015779549546102003
1,1,0.921524108190664
0,0,0.3381703765560976
0,0,0.015386060270327804
1,1,0.7642610268746725
0,0,0.0018575763204356176
0,0,0.0017080829841659992
1,1,0.9305573991941167
0,0,0.0036871698810132165
0,0,0.013296631322097808
1,1,0.6551506478549307
0,0,0.0013303101400754407
1,1,0.5292594402799937
1,1,0.951303816644047
1,1,0.6536986779302971
0,0,0.010947872528718353
1,0,0.4546701806869006
1,1,0.9888326313007865
0,0,0.005985679322028205
0,1,0.7417678321369954
1,1,0.9893544912692305
0,0,0.0014637816263729014
0,0,0.0012051229570170874
0,0,0.0023913733060257803
0,0,0.02540123124837126
0,0,0.0014898925108881712
0,0,0.12505582605390145
0,0,0.19243744775959787
0,0,0.02639104236102133
0,0,0.04032264805546525
0,0,0.0017149570991424903
0,0,0.07774223364783152
1,0,0.09282245396898735
0,0,0.001388430267246764
0,0,0.04784853731845731
0,0,0.027842078303895224
0,0,0.00612469933334591
1,1,0.9967623586688404
0,0,0.005621892562401428
1,1,0.9130671763948032
0,0,0.0015913173122963557
0,0,0.0020371025744647265
0,0,0.12158685029012092
0,0,0.20099887576999778
0,1,0.6207942096394305
0,1,0.6945141466459928
0,0,0.1884361682890291
0,0,0.17281034602756873
1,1,0.9155676510568678
1,0,0.44219674155913935
0,0,0.023188373828088943
0,0,0.006047432167697738
1,1,0.9964233058624082
0,0,0.027829309919706835
1,1,0.7330876520969866
0,0,0.14613650439664208
1,1,0.9838971661251775
1,1,0.7503055547492687
0,0,0.2349622610966346
1,1,0.7885492137020864
1,0,0.20902124396361602
1,1,0.546231542358652
1,1,0.5271245893030257
0,0,0.07898510084289798
0,0,0.005643576636858375
0,0,0.003244240289825449
1,1,0.9046351673288372
0,0,0.10291612964237878
0,0,0.0011991234250856508
0,0,0.14065860008695863
0,1,0.5813733756472942
1,1,0.8015249172061254
1,1,0.8926851207818175
0,0,0.001545861013463173
1,1,0.9469833789937464
1,1,0.7070871020500483
1,1,0.5721408430187869
0,0,0.1495240670257649
0,0,0.008408238350663918
1,1,0.6699226634244883
0,0,0.1521842288101579
1,1,0.9754941113597612
1,0,0.3048854102245199
1,1,0.9499934331677595
0,0,0.45628339608580387
1,0,0.3212778747600869
0,0,0.0022734192106953857
0,0,0.12314616559393318
0,0,0.0033462788553684218
0,0,0.020307092693162245
0,0,0.004348051178663991
1,1,0.7356247044881081
0,0,0.006463081534544297
0,0,0.4853340873130679
0,0,0.12897830859317824
0,0,0.23364437414600905
0,0,0.008822113349474548
1,1,0.9052447925868861
0,0,0.020667041792105652
0,0,0.003513777468274998
1,1,0.7351149267568519
1,0,0.1445120288790615
0,0,0.000908373144676713
0,0,0.004397149975698957
0,0,0.004617457421020276
0,0,0.0033462788553684218
0,0,0.013325818543882467
0,0,0.0030221656273518617
0,0,0.31602111511651776
1,1,0.9232495163122879
0,0,0.4405174639471868
1,1,0.9327065497034351
0,0,0.001892834684709397
1,1,0.8143937076561262
0,0,0.0018390227692820426
0,0,0.0025478677814425635
1,1,0.9947404619382202
0,0,0.12738425126293948
0,0,0.0015330309014272695
0,0,0.4199228265414946
1,1,0.7955288832105497
0,0,0.19869687765254043
1,1,0.6190649647650754
1,0,0.3175943859074846
0,0,0.16563532148654603
0,1,0.6103908192624448
1,1,0.988878662265853
1,1,0.9120178346868115
0,0,0.00240240493292301
0,0,0.0013081311004970468
1,1,0.9281759413351831
0,0,0.0019362990729785412
0,0,0.26241504788741465
0,0,0.14984702717771523
1,0,0.39917040531233666
1,0,0.4806929360338388
0,0,0.13276037592354079
0,0,0.0018523323011531384
0,0,0.028868265009673637
1,1,0.9829807931878529
1,1,0.9775991510465272
0,0,0.0036802884657958232
1,1,0.8166755641078909
0,0,0.06301240221089044
0,0,0.006639011360844755
1,1,0.8512944571834725
0,0,0.0035516113335019705
0,0,0.0031509277910282815
0,0,0.004726450944012254
0,0,0.402732067693787
0,0,0.34499423415192837
1,0,0.3305319818359333
1,0,0.2674105879300352
0,0,0.010973751159907926
0,1,0.7759589846290661
1,1,0.9927575845384191
1,0,0.19170365531374897
0,0,0.47021656594477773
1,1,0.9970867908394628
1,1,0.995379698005774
1,1,0.9866677517849146
0,0,0.0031255082027886955
0,0,0.15162198217974968
0,0,0.08306072520324002
0,0,0.02435909662963301
0,0,0.051331157006669105
0,0,0.005159873616511043
1,1,0.9712735598880006
0,0,0.0019424153284148308
0,0,0.20330129702243555
0,0,0.0010308933897606508
0,0,0.1654834522531072
0,0,0.22327657274283969
1,1,0.5361747395184404
0,0,0.04336336948661137
0,0,0.003083044166039274
0,0,0.0017800083087324819
0,0,0.20920869768312028
0,0,0.0014045585798222089
1,0,0.49938468678224557
0,0,0.0018413665874401372
0,0,0.002088666593965895
1,1,0.5837492404478885
0,0,0.0037117385612953366
1,1,0.9809970085302074
1,1,0.8549016881725096
1,1,0.6749853419919458
0,0,0.006295762499078114
0,0,0.001814407948943629
0,0,0.030493225711547185
1,0,0.2990827353442925
0,0,0.007378211417092187
1,1,0.921036529246989
0,0,0.0013601365229288153
0,0,0.002465095385474743
0,0,0.0023547522840551773
1,1,0.9738304990281399
0,0,0.0716827359688839
0,0,0.0020779944736096113
0,0,0.0012096223079692827
0,0,0.0025540391943176866
1,1,0.5439252985640799
1,1,0.9835358789821077
1,1,0.8687008192149144
0,0,0.0038138958618641194
0,0,0.12469498629746971
1,1,0.9328752283057649
0,0,0.1580400674842451
0,1,0.7250430671496724
0,0,0.03525166639479708
0,0,0.009299499567290414
0,0,0.0850913998757993
0,0,0.1767435237506336
0,0,0.4759507365401164
0,0,0.19485034624688866
0,0,0.038595506040154146
0,0,0.08214609911131937
0,0,0.17014010642039837
0,0,0.008871806098549068
0,0,0.002172023423494129
0,0,0.0020779944736096113
0,0,0.007687565996201341
0,0,0.04784719896252257
1,1,0.6589447309402583
0,0,0.0021035864202733796
1,1,0.9962244529055287
0,0,0.20302975390503353
1,1,0.8968082013222992
0,0,0.39681481649678807
1,1,0.5870427072719461
0,0,0.00945474871504763
0,0,0.19892493921160195
0,0,0.10403966390851538
1,1,0.9974695762328837
0,0,0.1643092436006148
1,1,0.8527336279457529
1,0,0.3830442379194529
1,1,0.9344767167755408
1,1,0.5415361550606722
0,0,0.4833430853306286
1,1,0.6984844880911782
0,0,0.05171375890279782
1,1,0.9145563518527807
0,0,0.08071163627209942
0,0,0.0021929027834461036
1,0,0.14416726961939233
1,1,0.9174477762637162
0,0,0.14928671730942322
0,1,0.6451037894328407
0,0,0.011746081151780264
0,0,0.0037039339594904354
0,0,0.0037625264466900512
0,0,0.24982893900534123
0,0,0.019523269563824143
0,0,0.00181906376582201
1,0,0.2931262419466775
1,1,0.981390181655987
1,1,0.9256337565936014
0,0,0.3943269317954219
0,1,0.8022300662611576
0,0,0.00476922733825696
1,1,0.5278214877763051
0,0,0.31767233967915726
0,0,0.001480255740502977
0,1,0.6040296716938938
0,0,0.2661719029586054
0,0,0.001951062676581541
0,0,0.003341561140010748
1,1,0.841120410456551
1,0,0.25274162292270824
0,1,0.8334307216130525
0,1,0.7688059775501183
0,0,0.039445759924655384
0,0,0.2067437603798726
0,0,0.01443150967546416
0,0,0.0022194356674235466
0,0,0.0024035759063676734
0,0,0.003923052978268185
1,1,0.9090489181712631
1,0,0.15869922486826704
0,0,0.3343165572600753
1,1,0.649959954366562
0,0,0.00908295690901884
1,1,0.5885649644931306
1,1,0.893098149778789
0,1,0.5962672904378199
0,0,0.006213261807241578
0,0,0.00788131206250229
0,0,0.0015108089163328518
0,0,0.2772937826945226
1,0,0.3804492053249898
0,0,0.07491740123439493
0,1,0.5031250325400195
0,0,0.4926696453225325
0,0,0.0016171981727163035
0,0,0.001776580814042332
0,0,0.40011044198236795
1,0,0.04618758915698912
0,0,0.03489321342020477
0,0,0.0013018137817088237
0,0,0.004986142360682336
0,0,0.31051197882333237
1,0,0.23803173328504257
1,0,0.45610154365859074
0,0,0.07732989813479071
0,0,0.0027259715496254287
1,1,0.9877372427238358
1,1,0.7563402562578015
0,0,0.0029060294798356817
0,0,0.0070300236276822055
0,0,0.002758524790904214
0,0,0.0013875260951379728
1,1,0.9089783123014479
0,0,0.0030855054776443985
0,0,0.047201429485496084
1,1,0.9580744530370398
1,1,0.9963908087572076
0,0,0.007584064042772934
1,0,0.31987167693439345
0,0,0.014389931520991644
0,0,0.04941153221270132
0,0,0.28904006844573527
1,0,0.43209840202743877
0,0,0.001901232578543547
0,0,0.3059807046203061
1,1,0.9610122636941976
0,0,0.4281731207113706
1,1,0.9738612621463759
0,0,0.30320521540580203
0,0,0.020137905156007177
0,1,0.784120137145735
0,0,0.4582740386272467
0,0,0.05259723290609292
1,0,0.49726302639297926
0,0,0.0032593698232404084
0,0,0.002732628058781069
0,0,0.01196796683538003
0,0,0.014173436940795897
1,0,0.021247580579705876
0,0,0.0034024875369948917
0,0,0.0010507178629003946
1,1,0.9800878836695166
0,0,0.005717766220555415
0,0,0.08196005972529904
0,0,0.004638609374711319
0,0,0.03687918671282524
0,0,0.10828231235364132
0,0,0.13317064196626163
0,0,0.030869502303039538
0,0,0.004490727823805692
0,0,0.22671705533969136
1,1,0.9916963803950761
0,0,0.32436409000460176
1,1,0.9817760811930248
1,1,0.9165382443848403
0,1,0.5120628276152827
1,1,0.7005298735225436
0,0,0.04997542444505087
1,1,0.8077233716194891
0,0,0.0038527025546068964
1,1,0.9910375744532228
0,1,0.5116958802739476
0,0,0.005466236930280275
0,0,0.4331392088591681
0,0,0.35019682341806657
0,0,0.20200803808030485
1,1,0.9955209218873949
0,0,0.4446033738419811
0,0,0.0020933315420507614
0,0,0.017735338031275128
0,1,0.6798367686092043
1,0,0.24582345594412727
1,1,0.5432317790377649
0,0,0.034766443576392636
0,0,0.0017490084997070954
0,0,0.18289649572119113
1,1,0.9536303461522951
0,1,0.5380644730209893
0,0,0.013296631322097808
1,1,0.9418347626518243
0,0,0.006195484148403555
1,1,0.5760971910154756
0,0,0.003058248320324972
0,0,0.43716344754536257
0,0,0.18375064108233524
0,0,0.001983564241845975
1,0,0.46455659553832596
1,1,0.9111111271765228
0,1,0.8179938055755055
0,0,0.0075996124344217065
1,0,0.4412713811191936
0,0,0.0017160225649133839
0,1,0.5471486320325166
0,0,0.0018182109251972712
0,0,0.15309483891357867
0,0,0.18235012613657264
0,0,0.03100404799579281
1,1,0.6319856211089219
0,0,0.289113105893224
0,0,0.0015586165890828809
0,0,0.002232231260691958
0,0,0.006321218622860614
1,0,0.2642628615819013
0,0,0.0025846011739559106
0,0,0.0010423019869609813
1,1,0.9860417861804295
0,0,0.04804584366501255
1,1,0.8811563516604255
0,0,0.0015518718275464563
0,1,0.6280276005543312
1,1,0.9104723698422346
0,0,0.027410260184409525
0,0,0.020320269575908663
0,1,0.7329694214480269
1,1,0.5128650393658063
0,0,0.004959157812319223
0,0,0.0045840221246642625
0,0,0.0067615245995558525
0,0,0.07774223364783152
0,0,0.0449009349724578
0,0,0.01540389995860472
0,0,0.005080709197050344
1,0,0.4391801413919783
0,0,0.0037946656042289334
0,0,0.4685292985998462
1,1,0.9444479990428623
0,0,0.010823122065672573
0,0,0.008788779065188167
1,1,0.9831752336281049
0,0,0.0030255972496425008
0,0,0.07975474771812942
1,1,0.8807208319014922
0,0,0.0592337977792143
0,0,0.002685000462109667
0,0,0.01790938696134122
1,1,0.9498295211204232
0,0,0.01214818245221144
1,0,0.20451947277709642
1,1,0.8500232572653301
1,1,0.7298509826881319
0,0,0.07064452051063845
0,0,0.08010502021574721
1,1,0.6183494750923979
1,1,0.7289138738735252
1,1,0.9167693245801094
1,1,0.99791440907428
1,1,0.9945100008742278
0,0,0.16759589292667396
0,0,0.0013482742870255082
0,0,0.006603880004063557
0,0,0.00804146713357365
0,0,0.03318331005167363
1,0,0.3240016851021895
0,0,0.023646517345459556
0,0,0.001862420522753567
0,0,0.003138947262230541
0,0,0.08723540604235641
0,0,0.018365006872936792
0,0,0.023565911607211158
0,0,0.0013080960649812859
0,0,0.011002529512166891
0,0,0.007138405615810537
1,1,0.9838506144204258
0,0,0.0046506360604837114
0,0,0.0015801531692821978
0,0,0.12600844583259466
0,0,0.010448259910170133
1,0,0.33020445290703976
0,0,0.079899224319208
0,0,0.010071679489359666
0,0,0.002933811935318432
0,1,0.566685346098664
1,1,0.9968178782810596
0,0,0.04033718948116385
1,0,0.47076357224818866
1,0,0.2349622610966346
0,0,0.0387487090183029
0,0,0.0011704585554702144
0,0,0.0013571007303546602
1,1,0.9936300063588915
0,0,0.0011566853606627975
0,0,0.004339024947571389
0,0,0.009659798968948674
0,1,0.5098185011319581
0,0,0.0018355593995101134
0,0,0.0038893149299095817
0,0,0.003470947360610502
0,0,0.012251173803251688
1,1,0.9212637641769275
0,1,0.5360753293687569
0,0,0.36611681802762464
1,0,0.2667990976954887
0,0,0.19130596463906158
0,0,0.0037231188664819757
0,0,0.4938141391165292
1,1,0.8592155718156044
0,0,0.25062357102938293
0,0,0.0038520758102497427
0,0,0.05406528965452426
0,0,0.0015012644155090087
0,1,0.6403249162809789
1,1,0.7928326388741112
0,0,0.00654354206102808
0,0,0.0010119286221779498
0,0,0.17153421501520896
0,1,0.5171258194363355
1,1,0.512482165046107
0,1,0.777800287115522
1,1,0.9616759044815149
1,1,0.8873754868417549
1,1,0.8776953822842718
0,0,0.18181572014219477
0,0,0.3754747712552115
0,0,0.001017931834333885
0,0,0.0054193374485602816
1,1,0.5600919606876403
0,0,0.083483432776489
0,0,0.001987908887784436
0,0,0.14496783262233373
0,0,0.007977561173214822
0,0,0.003941758736398526
0,0,0.001620918440754784
1,1,0.8609904065815218
0,0,0.02965981541334534
0,0,0.3305319818359333
1,0,0.3329021661545187
0,0,0.0022547542852975537
0,0,0.08368438795641886
0,0,0.25325928965070127
0,0,0.0018936157046638637
1,1,0.7974784746804074
0,1,0.5306839928628239
0,0,0.13137227250250272
1,1,0.8241702454710661
1,1,0.5787058718885956
1,1,0.996868314889816
0,0,0.0762926252330443
0,1,0.872678728303713
0,0,0.17620240386933822
0,0,0.007252283358061517
0,0,0.044451620750361805
0,0,0.00446314535631203
1,1,0.5706676102219687
0,0,0.0073919645995157756
0,0,0.0013988015673125503
0,0,0.07562367770180622
1,0,0.3305581742119895
1,1,0.979019577074879
0,0,0.009806588518935955
1,1,0.9926810889442018
0,0,0.0017796467837442457
0,0,0.0009581490067815225
1,0,0.40452070556901487
0,0,0.006726836924883013
0,0,0.15165853445021737
0,0,0.0010055536334875866
0,0,0.41337103564668215
0,0,0.00748873263998355
1,1,0.9919857210840056
0,0,0.0017151469661995313
0,0,0.001929410997379553
0,0,0.10663877494273567
0,0,0.326603184926477
0,1,0.79828763082225
0,0,0.033683887452142236
1,1,0.9217364371888703
0,0,0.00829849127550985
0,0,0.002556981712395626
0,0,0.004171983605967645
1,1,0.9959745862133235
0,0,0.0018260583791990857
1,1,0.9767482696517699
0,0,0.04628747281949372
1,1,0.7852719950378537
1,1,0.9011733840389059
0,0,0.002128106084041076
0,0,0.0017992345680872641
1,1,0.89334418862947
0,0,0.01989542208735923
0,0,0.009530048546404227
0,0,0.055310995339256444
0,1,0.6216551422075979
0,0,0.09502368220436958
0,0,0.006198720787362134
1,0,0.43584141215682476
1,1,0.6739408228231561
0,0,0.0032236981048623372
0,1,0.7225530463194533
0,1,0.5077322358061996
0,0,0.011907095321443717
1,1,0.9909939421122719
0,0,0.3754747712552115
0,0,0.13280094698581274
0,0,0.1440819899194349
0,0,0.025790937364503004
0,0,0.029449902046708103
0,0,0.0021809535898533196
0,0,0.005764044577473596
0,0,0.007285637957687099
0,0,0.2215981879649685
0,0,0.007512117524377139
0,0,0.001998960817383229
0,0,0.0021802582007253678
0,0,0.0038246170790301507
1,1,0.9433928527181048
0,0,0.02418557352483245
0,0,0.03385536291784938
0,0,0.0023686283862221686
0,0,0.00483830176119738
1,1,0.9302081280477174
1,0,0.07587275816558017
0,0,0.16919116284538102
0,0,0.001516395889115486
0,0,0.0011094976699340146
0,1,0.7220561091764293
0,0,0.00120632046354084
0,0,0.02126551319047383
0,0,0.0021919190178955423
0,0,0.002247905177128626
1,0,0.4638734490405491
0,0,0.007898260944941194
0,0,0.0015590405251562473
0,0,0.008246591583477389
0,0,0.03610693280495503
0,0,0.004324586212489045
0,0,0.06255344978825378
0,0,0.009232822355884034
0,0,0.0024367708763764345
0,0,0.0008473233084792853
0,0,0.07987512441962143
0,0,0.010049597839982313
0,1,0.5380193228876093
0,0,0.002226354652535725
1,1,0.8059641739258221
0,0,0.3178257438567468
1,0,0.32515915870568407
0,0,0.012914828616271612
0,0,0.0021176008411011
0,0,0.00734279350653726
1,1,0.9906290744016939
1,1,0.7158795801619308
1,1,0.5813733756472942
0,0,0.001629902340706736
0,0,0.038118982833280315
0,0,0.08907135376552003
1,1,0.5493038788186809
1,1,0.9934699133252802
1,1,0.7821507059598116
0,0,0.004011457613721425
0,0,0.004762915483933122
0,0,0.024858127923960565
1,0,0.4124346838874826
0,1,0.690656534221858
0,1,0.6050097883326482
0,0,0.003866599654331771
1,1,0.5208552731939419
0,0,0.232369833648037
0,0,0.027377846635918017
0,0,0.0021754918489624692
1,0,0.12688259740096777
1,1,0.9946270109390488
0,0,0.0032857785762085037
0,0,0.00370268967693913
1,1,0.7483619778655857
1,0,0.3811129891513576
0,0,0.0033703352930170797
0,0,0.021411453719812238
0,0,0.0026896820954721997
0,1,0.8798417303831542
0,0,0.05375572572346483
1,1,0.801967718224141
0,0,0.33705850429265066
0,0,0.004989111646972953
1,1,0.8211206562968505
0,0,0.005593349165186221
1,0,0.05346037484171334
1,1,0.9783754984481093
1,1,0.8747696697721613
0,0,0.06711300024153856
0,0,0.09722269038229432
0,0,0.0028209875095177002
0,0,0.06339143961374795
0,0,0.01736417161803569
0,0,0.0009769711864543963
0,0,0.07732989813479071
0,0,0.0014331010001790501
1,1,0.8473122574575968
1,0,0.1510532604955142
0,0,0.35921431038191726
1,1,0.6757471039909264
0,0,0.14214368823897797
0,0,0.23684456989580485
0,0,0.02853750690937725
1,0,0.3349869748355192
0,0,0.02622517876332616
0,0,0.0015531054904967122
1,1,0.9902405564238261
0,1,0.8865230985923255
1,1,0.7461252788514344
0,0,0.0013536994458130472
1,1,0.7490775739468883
0,0,0.013619291293786289
0,0,0.0725731476915517
0,0,0.1521842288101579
1,1,0.8881901734792998
1,1,0.8792872653530186
0,0,0.005264077477015851
1,1,0.8581037524685242
0,0,0.13636286465767022
0,0,0.006919919410868168
0,0,0.001916637067506383
1,0,0.2705370824051817
0,0,0.03731405552178982
1,1,0.9884737529590808
1,1,0.9776777667028311
0,0,0.06359477249910649
0,0,0.0011222180032242404
0,0,0.0016565771032858586
0,1,0.9758838602676406
0,0,0.0010976885783194712
0,0,0.005401031838120722
1,0,0.2904313015139337
0,0,0.0019529478142639458
0,0,0.0013940955880387415
1,0,0.026691683551895534
0,0,0.018219546466746447
0,0,0.0030948418329532655
0,0,0.035302635715939626
0,0,0.001478888411405694
0,0,0.00701558378884284
0,0,0.0027607665931444246
0,1,0.579442226384934
1,1,0.9954369731090164
1,1,0.9102458917570748
0,0,0.0016707194751320745
1,1,0.9854246427031875
1,0,0.09568995947120378
0,0,0.24303831313486404
0,0,0.013555127608724554
0,0,0.46690167050116327
1,0,0.4388955641044848
1,1,0.8319805680702783
0,0,0.007133046537228858
0,0,0.0014125078342734816
0,0,0.012165275951129633
0,0,0.0038556793297096627
1,0,0.036984732109040894
0,0,0.01881578205712656
0,0,0.0038246170790301507
0,1,0.8145416192967803
0,0,0.0025371904197405985
0,0,0.0011499163862337084
0,0,0.0017416822253577663
0,1,0.7119783938233475
0,0,0.002257859919767298
0,0,0.2045302989596072
0,0,0.004616519045131955
0,0,0.0009571514383480889
1,1,0.8963851070871117
1,1,0.7206030353572044
0,0,0.006254172030297641
0,0,0.0028236512033275726
1,1,0.657292664817689
1,1,0.753810685939407
1,1,0.8579438931331856
1,1,0.7795998451215064
0,0,0.012896457701329923
0,0,0.13003769097970402
1,1,0.9946785784437197
0,0,0.0016677295541458034
0,0,0.0018163090989164726
0,0,0.00266834316028783
1,1,0.8773327186888228
0,0,0.0022976049264999314
1,1,0.9921075141974224
0,0,0.07633841113662296
0,0,0.04276776876170964
0,1,0.8784849011812081
0,0,0.0014801569559511438
1,1,0.724769451567075
0,0,0.001899279217026618
0,0,0.01169703298474278
1,1,0.8250777426978222
1,1,0.7379446630590523
0,0,0.009987490076630256
1,1,0.9850119342492152
0,1,0.8650068553239971
1,1,0.9393095220366169
0,1,0.8564489687732185
0,0,0.09378670992606095
1,1,0.7241180093458831
0,0,0.005381926199121261
1,1,0.9910767928179508
0,0,0.17082858625921984
0,0,0.0022110454105882843
0,0,0.006142422769603532
0,1,0.812015990472668
0,0,0.2668025986377905
1,1,0.9905114226107942
0,0,0.06565624664774937
0,1,0.5067874960729749
0,0,0.23519693737566963
1,0,0.37483159800222887
0,0,0.0028257176924154485
0,0,0.01512937502722845
1,1,0.9738304990281399
1,1,0.9381084839783673
0,0,0.35569735061728414
1,1,0.6856511344237743
0,0,0.012516066089248672
1,1,0.943274499292457
0,0,0.0018205651415362963
0,1,0.6393473863141536
0,0,0.02536086072992356
1,0,0.07388682223574597
1,0,0.10654245768122718
1,1,0.9933546939378431
1,1,0.5863928127915872
1,1,0.9867715317259288
0,1,0.8235410522754542
1,0,0.03240947832125689
0,0,0.008092983787452039
0,1,0.6803429780163982
0,0,0.07217038920472703
1,0,0.49654521727549567
1,0,0.18246400666770574
1,1,0.6394411949099693
0,0,0.035028678108834525
0,0,0.0022813168186480064
0,0,0.4975844656660816
1,1,0.7640792285909941
0,1,0.6910836972719916
1,1,0.9453307205330247
0,0,0.01340659092948276
0,0,0.02634909196484697
1,1,0.7864669474834711
0,0,0.42782675512751883
1,1,0.9088274545975773
0,0,0.007103407757546359
0,0,0.0027255176176192303
0,0,0.0015944056049934051
0,0,0.007944549767908878
0,0,0.0020458097003365873
1,1,0.6160959414208039
0,0,0.010081696207323408
1,1,0.8854077992890074
0,0,0.00915331223689766
0,1,0.7919545115583185
0,0,0.0018302839569696596
0,0,0.009991724422699593
0,0,0.012021939178534577
0,0,0.010136944347559775
0,0,0.007309883990093053
1,0,0.07627777449648777
1,1,0.7432653638872042
1,0,0.4551249591291025
0,1,0.502978285825208
0,0,0.06775513324565684
0,0,0.16971489347771188
1,0,0.3716161610976466
0,0,0.0014643243134245928
1,1,0.8943578946514241
0,0,0.01969162766599903
1,1,0.9728244084641318
0,0,0.12086196462334126
0,0,0.003098957322587031
0,0,0.002332273799970116
1,1,0.9653579672517502
1,1,0.9826283596023238
0,0,0.0023913733060257803
0,0,0.006232098328363351
1,0,0.43786498099555704
0,0,0.0047828140601888156
0,0,0.21936945535174437
1,1,0.5854953456293586
0,0,0.001746488970379014
0,0,0.2918188593569797
0,0,0.0012878785271275377
1,0,0.3741675385790835
1,1,0.7182451618859836
0,0,0.001996073544095769
0,0,0.3305319818359333
1,1,0.7795019917419482
0,0,0.049488579682898444
0,0,0.026041337331144793
0,0,0.0015667369125215251
1,1,0.9268204446096941
0,0,0.07992851372852323
0,0,0.005924466203529262
0,0,0.007249976875312576
0,0,0.0015571047453308599
0,0,0.30267929094522256
0,1,0.9211544164959009
0,0,0.003051896127518519
1,1,0.6035259031966406
0,0,0.0013833537083412651
0,0,0.24336278024406935
0,0,0.002613029144668548
0,0,0.0019272278225646667
0,0,0.45395257579658094
0,0,0.22983893587049192
0,0,0.13067389885985303
0,0,0.004044120958942852
1,1,0.9738304990281399
0,0,0.3451098691281889
1,1,0.6271754354917668
1,1,0.885187820567929
0,1,0.890630979136554
0,0,0.4908133878804534
0,0,0.0021705076106265744
1,1,0.9964395495713629
1,0,0.47573922434919297
1,1,0.7151658886526285
0,1,0.7129811790701028
1,1,0.9471313935604022
0,0,0.0019136634120754533
0,0,0.0022452497803658288
0,0,0.0017669408283653638
1,0,0.3520846847720344
1,1,0.9944172565059926
0,0,0.0431985297205217
0,0,0.002229094790642865
0,0,0.06491931281368155
0,0,0.001643633842755291
1,1,0.9888384083498931
1,1,0.698691987293742
0,0,0.0016188627559675273
1,1,0.6644151198699533
1,1,0.9939219737847801
0,1,0.626797288162537
0,0,0.015714295666362486
0,0,0.003255895665559195
1,1,0.9377342182372882
0,0,0.07901879509359917
0,0,0.4819300293400401
0,0,0.0034578881688832387
0,0,0.0015685422983982753
0,0,0.0029973086923610554
0,0,0.33733794026171987
1,1,0.9948646367690906
0,0,0.0016890063409334536
0,0,0.0022652447264612852
0,0,0.004317745549905126
0,0,0.002838777709831949
0,0,0.0010408698309702805
0,1,0.5188942378326225
0,0,0.0014686489815348568
1,1,0.995218333129093
0,0,0.0012705051197974796
1,1,0.8243384570292448
1,1,0.9467424426047922
0,0,0.012516066089248672
0,0,0.13334077557141327
0,0,0.0015564237010857465
0,0,0.0010166895177355147
0,0,0.019093405373875078
0,0,0.0033508596326596546
0,0,0.03270243062758123
1,1,0.78859543286768
0,0,0.0018549226259206423
1,1,0.989690754767448
1,0,0.25829268859823196
0,0,0.00309343026976176
0,1,0.8961257526706242
0,0,0.04625550433591661
1,1,0.7385041292878889
1,0,0.1903526896156385
0,0,0.002827572633630111
0,1,0.901285866909037
0,0,0.002246740670901704
1,1,0.9883586597849585
1,1,0.9962885572281687
0,0,0.018219546466746447
0,0,0.06769953410704888
1,1,0.9796691818692576
0,0,0.44085744564654866
0,0,0.0011741702793578097
0,0,0.009718930330647375
0,0,0.0028708825549428186
0,0,0.0014956688459915486
0,0,0.06298269253204382
0,0,0.007750122201027432
1,1,0.900530090262646
1,1,0.9604576407317262
1,1,0.733700199600109
0,0,0.3017277711334225
1,0,0.21117087152700492
1,1,0.9592567389405814
0,1,0.6232250741035538
0,0,0.026828663251838004
1,0,0.46246816377583105
1,1,0.8580371046086773
0,0,0.002281843760246092
0,0,0.0016179888010097012
0,0,0.027804976879940917
1,1,0.7618865382475438
0,0,0.0020779944736096113
0,0,0.04281884181297576
0,0,0.1279703243085127
0,0,0.3438111183678751
1,1,0.614646480158768
1,1,0.7220018343966429
1,1,0.9927688358106334
1,0,0.11594058442381557
1,0,0.49102385539732035
0,0,0.0016985774619741058
1,0,0.39777115671770064
1,1,0.8895968390629361
0,0,0.03128505255454644
0,0,0.0016075116890896923
0,0,0.0016329898716587793
1,1,0.9272191716527585
1,1,0.917288978270644
0,0,0.00203959331323673
1,1,0.9796744229349429
1,0,0.4583990769803196
0,0,0.009987915028098366
0,0,0.400759964155747
0,0,0.01603217336600056
0,0,0.001771442344986524
1,1,0.9930235574812244
0,1,0.6376958111888216
0,0,0.3752358739760143
1,1,0.5156034432893125
0,1,0.9351372908552955
0,0,0.0032408869997982044
1,1,0.9933018963186888
0,1,0.6264278402806084
1,1,0.7428807521060291
0,0,0.003758151168537425
0,0,0.129252533839019
1,1,0.8666365771716872
0,0,0.000977958487222032
1,1,0.8755519834611725
1,1,0.9953317367757769
0,0,0.021687718518480847
0,0,0.04716506181022559
0,0,0.004207182330349552
1,1,0.9750010517279669
0,0,0.0020469754607814056
0,1,0.7395920372766766
0,0,0.01008221620632283
1,1,0.9128683740301072
0,0,0.49030491617951566
0,0,0.0035426536127840256
1,1,0.9959615884856685
0,0,0.11620423735678498
1,1,0.9439996376530012
0,0,0.023133339066740012
0,0,0.002674857602934827
0,0,0.0015637578576165607
1,1,0.8879914825976165
0,0,0.10902306351797011
0,0,0.002411851554634656
0,0,0.002217633804947242
0,0,0.0013392095263600327
0,1,0.6205439901543427
0,0,0.0014604765978161688
1,0,0.22580085010065876
0,0,0.25212830788154067
0,0,0.028461496793942175
0,0,0.01316213827055584
0,0,0.007031000954359728
0,0,0.00270941246577058
0,0,0.3889993745468875
1,1,0.9307597408718101
0,0,0.0020042501328789092
0,0,0.011686964515569085
0,0,0.2744880270355904
1,1,0.98477320175509
0,0,0.06618926112742078
1,1,0.6750671118139884
1,0,0.010332027053267539
0,0,0.0018713840311817861
0,1,0.8983928591329194
0,0,0.22168058921977374
1,1,0.7815543535804731
0,0,0.0019027810558302715
0,0,0.2265423750863865
0,0,0.000990283233489556
1,1,0.6043533034051787
0,1,0.5377949635457381
0,0,0.0013020017043408804
0,0,0.004458879701968748
0,0,0.2744170668872271
1,1,0.9887373362866465
0,0,0.029559029684393463
0,0,0.05086924049364011
0,0,0.0915492263557282
1,1,0.9813891381496261
0,0,0.012385573158680073
1,1,0.7134980490508938
1,1,0.7909623540664904
1,1,0.8172814072653531
0,0,0.0011915715108516919
0,0,0.48323840670882773
0,0,0.0021940030174295404
0,0,0.009434539925437567
0,0,0.019926295080467733
0,0,0.0020563661828495107
0,0,0.002189793320671158
0,0,0.01754919719298938
0,0,0.0016172372407191472
0,0,0.008612232764029932
0,0,0.006503549017480376
0,1,0.7690105397153304
0,0,0.0072937132423092285
0,0,0.053199596247081676
0,0,0.008853262436728375
0,0,0.22312584934195615
0,0,0.0065881300642237125
0,0,0.03976898141811932
0,1,0.8960809600338062
0,0,0.011207980654569343
1,1,0.9914550694251122
0,0,0.0023904416250553197
0,0,0.004558968769875921
1,0,0.056264476674721196
0,0,0.0017910809921553301
0,1,0.5029600941672699
0,0,0.0017494835915642963
0,0,0.3907585258116737
0,0,0.0020664487777770925
1,1,0.7503063371171211
0,0,0.001611091217082516
0,0,0.11620423735678498
0,1,0.607485311371132
0,0,0.28363407957910397
1,1,0.6187499465016525
1,1,0.6584586213595435
1,1,0.9664626682104704
0,1,0.7529205644994109
0,0,0.056551034680070035
0,1,0.8429676446379016
0,0,0.0031783209122229284
1,0,0.13769660240008905
0,0,0.043963178927276615
0,0,0.008758587217084748
1,1,0.7483852285571966
1,1,0.9905810701368215
0,0,0.05303273748287266
0,0,0.013535845100025902
0,1,0.886944157389252
0,0,0.0017486225876996964
0,0,0.0048144448850700435
1,1,0.7338716641349858
0,0,0.0008891318366114693
1,1,0.5658842662396116
1,1,0.9798569028130747
1,1,0.8152543954581265
1,1,0.5356891249250274
0,0,0.08496611708816701
1,1,0.9180440189635755
0,0,0.013305919956805997
1,0,0.026502738735467834
0,0,0.018113936005584114
0,0,0.06404552401104907
0,0,0.47016068509275405
0,0,0.19388364419120188
0,0,0.0015796600808443873
0,0,0.0021131567699976496
0,0,0.0021358916662564107
0,0,0.0012589804763032714
0,0,0.0018411896737437093
1,1,0.9181716965496806
0,0,0.09769418139824723
0,0,0.007145412692926862
1,1,0.9862014789792131
0,0,0.07270364716877752
1,1,0.832811289613408
0,1,0.7169944910889515
0,0,0.015484321280267358
0,0,0.07270364716877752
1,1,0.944259943360403
1,1,0.9912957885101377
0,0,0.010860340620045712
0,0,0.0032247342791330764
1,1,0.8710289430694858
0,0,0.015622429038298684
1,1,0.8510531016297053
0,0,0.01477713179502264
0,0,0.003125855993881653
1,1,0.9954299039362586
1,1,0.8282664055618333
1,1,0.9365466420599771
0,0,0.320090231649238
0,0,0.07070107081419028
0,0,0.03834956107859016
0,0,0.34874956998256035
0,0,0.24458507347520514
1,1,0.9878655390532037
1,1,0.99764774033666
1,1,0.9479289572402502
0,0,0.46202496529000925
0,0,0.00319662693084303
0,0,0.2794932133338617
1,1,0.9246023534352653
0,0,0.21048832858211247
1,1,0.6972449687996146
0,0,0.11939309657460914
0,0,0.0014449344211878506
0,0,0.2958935887409947
0,0,0.16714017373484205
1,1,0.9190316613584426
1,1,0.8492223782211585
1,1,0.9959492556962737
0,0,0.0018006907629410961
0,0,0.001300986853192508
0,0,0.011815406945115774
0,0,0.008922031838979192
0,0,0.010398057250012095
0,0,0.0015883424900423745
0,1,0.7325184169891579
0,0,0.0022280363364305437
0,0,0.0013534303772932763
0,0,0.011428156695318645
0,0,0.012131415222594458
0,0,0.0912327534087852
0,0,0.003938706936624796
1,1,0.662659557833324
1,0,0.16932791255250987
0,0,0.001605275476072398
0,0,0.0032171766344345834
0,0,0.045030361168051716
0,0,0.0025584674411570233
0,0,0.11990765706649155
0,1,0.6118593940549949
1,1,0.996536655679548
0,0,0.3382086408019376
0,0,0.057589168127442344
0,0,0.005046834687033032
1,0,0.20852930689712776
0,0,0.003215411953829467
1,1,0.8800705304380795
0,0,0.006919919410868168
0,0,0.22584761593522082
1,1,0.9918031822423172
0,0,0.28548425906859426
0,1,0.5836480422852492
0,0,0.023838755550185112
1,0,0.4457707607945076
0,0,0.003546473824638442
0,0,0.00637750942082877
0,0,0.4023159095323781
0,0,0.05249342480879096
0,0,0.03545958981802395
1,1,0.6795780881303116
0,0,0.0035418906380543388
1,0,0.0387487090183029
1,1,0.8454293581719419
0,0,0.016097113503649656
0,0,0.0034720547686850844
0,0,0.010874440637181303
0,0,0.0035715084902437607
0,0,0.012319672564189926
1,0,0.26721159078685236
0,0,0.035813414035797755
1,1,0.6923738259862915
1,1,0.5634952109006286
1,1,0.9553185296080011
0,0,0.23589131433693386
1,1,0.960482095291405
0,0,0.008262772932975632
0,0,0.35471709420487324
0,0,0.014008636473507804
1,0,0.4634245563294014
0,0,0.07990152376726997
0,1,0.6743504790033009
0,0,0.0073206999872222
1,1,0.9096277719295234
0,1,0.6521244310800307
1,1,0.6912687868225902
0,0,0.11624509293464035
0,0,0.005960018192840867
0,0,0.0021805376126688655
0,0,0.394138728414859
0,0,0.40037082653156314
0,0,0.20391495367411394
0,0,0.14478037136578933
0,0,0.002619776337436394
0,0,0.0010818647190816478
0,0,0.012936479743762856
0,0,0.003329089019024264
0,0,0.00258498684969943
0,0,0.008386249855307839
1,1,0.9698315264196378
1,0,0.24087523481614898
0,0,0.0019531849838070863
0,0,0.0010943741569046028
1,1,0.876184058825659
0,0,0.053192779590717776
1,1,0.7957378314436205
0,0,0.17085799314622555
0,0,0.004291506077931156
0,0,0.00950082314899987
0,0,0.4688020350186664
0,0,0.0017929028443125577
0,0,0.010491367065438408
0,0,0.027846297191211858
0,0,0.0438212986397836
1,1,0.6234186851536865
0,0,0.002898674822326185
0,0,0.0045880954190043064
0,0,0.09329124787432792
1,1,0.9793980813170119
1,1,0.9919479019996843
1,1,0.7928626347133849
0,0,0.0020352451752476937
0,0,0.0015051704598671497
0,0,0.0013912565278839746
0,1,0.9322705755842948
1,1,0.9815402315395637
0,0,0.010830917855093604
1,1,0.9727367436491946
0,0,0.00540883331910031
0,0,0.007980813893512259
0,0,0.0013514671281593552
1,0,0.03539310201273667
1,1,0.767503520354789
0,0,0.003936551913419437
0,1,0.6444427353782402
1,1,0.99167910735009
0,1,0.8643308637466511
1,1,0.9761257550814033
0,1,0.5040966987537168
1,0,0.21043392768526978
1,1,0.6830711215000712
1,1,0.88753637346641
0,0,0.001327076162416838
0,0,0.08420347717729923
0,0,0.016376560088899778
0,0,0.013667683514417996
0,0,0.02566390386302061
0,0,0.09084756689051966
0,0,0.00365892297588681
0,0,0.35348799959308336
1,0,0.43166144173376464
0,0,0.005425079366871432
0,0,0.016886225915038303
1,1,0.5647197800834785
0,0,0.0303279688687598
1,1,0.6834121231709666
0,0,0.28822615003636115
0,0,0.0026074791768546453
0,0,0.00557631125881942
1,0,0.4765050864914656
1,1,0.6564230319065709
0,0,0.18484946796536728
0,0,0.05231126707355953
0,0,0.007621119940413049
0,0,0.006594794579334221
1,1,0.7649461682996351
0,0,0.05737611934233348
0,0,0.007354636555562902
0,0,0.38970003752204646
0,0,0.0014043381906602493
0,0,0.006851690767621073
1,1,0.9524216152206787
0,0,0.005585535056834367
0,0,0.07443552497064533
1,1,0.9974325992743107
0,0,0.0475546821697309
0,1,0.7335752979601035
0,0,0.04491709541820108
0,0,0.0018565397359594892
0,0,0.10663877494273567
0,0,0.3529726440178969
0,0,0.17874702257591574
1,0,0.45490689850150007
0,0,0.03127553509589775
0,0,0.0017747042749060148
1,1,0.8766803200557604
0,0,0.017086339929559255
0,0,0.005598542823760232
1,0,0.11650174286889795
1,1,0.5646630400929878
0,0,0.0015324407705495703
1,1,0.7624001641584065
0,0,0.002807108249479841
0,0,0.0016780386855609751
1,1,0.5299756520103588
0,0,0.49636825301945503
0,1,0.7398858160500891
0,0,0.007308214613761378
1,1,0.986682704237708
0,0,0.27853969201260315
1,1,0.6494430033518582
0,0,0.11983798020655921
1,1,0.9493077431819938
0,0,0.0014142688279353058
0,0,0.008282767949398046
1,0,0.19872244669352637
0,0,0.050674328931263043
0,0,0.10134177311764887
1,0,0.058432066174649674
1,1,0.7327416854560658
1,0,0.028016461860035584
0,1,0.5374592954275023
0,0,0.0031114222135173834
0,0,0.004912653051962418
0,0,0.0018774206079395816
0,0,0.0022260445516079116
1,1,0.6695935065585744
0,0,0.003252936638509921
1,1,0.9769522979183111
0,0,0.13611641482078968
1,1,0.9561985202872317
0,0,0.06480472424502445
0,0,0.03960303359975481
0,0,0.4090818383545519
1,1,0.7768011126457813
1,1,0.9899192512502399
1,1,0.8970368145040223
1,0,0.2884367338499076
0,0,0.029204975983895005
0,0,0.0018334734781444103
0,0,0.019340044890722916
1,1,0.9886962087615719
0,0,0.00204941864639978
0,0,0.0030339212253560565
0,0,0.05690519617437223
1,0,0.09517121058308448
0,0,0.002421870128294325
1,1,0.7491765530571529
0,0,0.0033112932165114254
1,1,0.8319438653824929
0,0,0.09205325902333114
0,0,0.0019625750837431104
0,0,0.052601685213250884
1,1,0.9682330145924841
0,0,0.19485034624688866
1,1,0.9326250763200281
0,0,0.0031071607215860473
0,0,0.0053014266585666246
1,1,0.771076719942235
0,0,0.023271974871725627
1,1,0.9508352073237796
0,0,0.012249988156473378
0,0,0.20422253301644666
0,0,0.0077775487298376595
1,1,0.8506561080458266
0,0,0.038668392217755865
0,0,0.0024685758536116533
0,0,0.009845833591919187
0,0,0.003494250702109756
0,0,0.09313505504658201
0,0,0.006254519815602071
0,0,0.005550037879837624
0,0,0.002067753580779785
0,0,0.012561886586629515
0,0,0.0010408976971989013
1,1,0.9650688998037553
1,1,0.8328958008134093
0,0,0.0997501583804773
0,0,0.012712501451267465
1,1,0.9944172565059926
0,0,0.0016188627559675273
0,0,0.0072937132423092285
1,1,0.6216380949265704
0,0,0.16645281495698955
1,1,0.8598588754929203
1,1,0.6994893437456242
0,0,0.012935408830911972
0,0,0.09136280738455721
0,0,0.0875628682814562
0,0,0.0026490185705845427
0,0,0.0015002298489516222
0,0,0.0025593215229577373
0,0,0.34979862125565986
0,0,0.41030993135888216
0,0,0.018312235693338955
0,0,0.0016350579855181854
0,1,0.6365622553251158
0,0,0.004300677553168461
1,1,0.8917686468367023
1,1,0.9820046891205518
0,1,0.6335604880138086
0,0,0.17943679190820733
1,1,0.8704661593176558
0,0,0.0016958952620996328
0,0,0.0035052354580189034
0,0,0.003074063741344196
0,0,0.0878877206235766
1,1,0.9781502439152536
1,1,0.5869716090682576
0,0,0.0015866589712195008
0,0,0.005620020470158517
1,1,0.7264234213924434
0,0,0.0012506588346626836
1,0,0.4018060499494275
0,0,0.09007832506279995
0,0,0.004026217315377699
0,0,0.19811436977528887
0,0,0.0009226793368876842
0,0,0.0053567226265459475
0,0,0.0036273665546316847
1,0,0.36328825264284376
0,0,0.0060651803162888596
1,1,0.8217183463924647
1,1,0.8214258585155426
0,0,0.04512004897962528
1,0,0.3482741618661118
0,0,0.006843273498378587
1,1,0.8764382721650018
0,0,0.003344460168353748
0,0,0.0015520087054841725
1,0,0.048372510933009434
0,0,0.05311356343959691
0,0,0.0011563990019359091
0,0,0.0037529004987761324
0,0,0.35739128837783296
0,0,0.3079564611869505
1,1,0.9442307433312133
0,0,0.0864044219987455
0,1,0.635806066951012
1,1,0.9885360420589231
0,1,0.6325356030909396
1,1,0.9479267356986467
1,1,0.9047518125125972
0,0,0.0017981339221473153
0,0,0.004199747956781262
0,0,0.009754201313705678
1,1,0.9137207339004167
0,0,0.11911029997452112
0,0,0.15762249095497552
0,0,0.0016188627559675273
1,1,0.6865361224816727
1,1,0.5926644178731012
0,0,0.007635366492131273
0,0,0.03048678168685347
0,0,0.45235626478955193
0,0,0.2711617850644337
0,0,0.03389622991406202
0,1,0.6666054868384125
0,0,0.004907852342404159
0,1,0.6951556471133904
1,1,0.6385284790893098
0,0,0.15444934702979124
0,0,0.0014896866972964704
0,0,0.0026331754680517104
0,0,0.001725304781874026
1,0,0.02673397470770102
0,0,0.0010679592633632167
0,1,0.5112301599743895
0,0,0.0016218793391029663
0,0,0.416033024468017
1,1,0.9467376692164587
0,0,0.1088474516632173
1,1,0.9016198774403096
0,0,0.21883782732403553
0,0,0.005282993284881983
0,0,0.028011602116346186
0,0,0.0090922751478799
1,1,0.9924524943876057
1,1,0.7259665734654593
1,1,0.7846565622832038
0,0,0.2230249453071311
0,0,0.39938783384861576
0,0,0.0077275312217388445
1,1,0.7124160981829014
0,0,0.0013131296897028208
0,0,0.001762236890352307
0,0,0.0019292629073485435
1,0,0.15930102791747294
0,0,0.001096869683396343
0,0,0.11337311328532428
1,1,0.6980313486310592
0,0,0.16965712614111222
0,0,0.29829380856700827
1,0,0.22928410957287565
0,1,0.7562669875541019
1,1,0.9946296839349813
0,0,0.0017945646089697312
0,0,0.0015690681034494817
0,1,0.7465779501645752
1,1,0.976929264562364
0,0,0.0038501553705508
0,0,0.003475662632649881
0,0,0.0030746730080540748
0,0,0.0010355662400425624
0,1,0.8425837713449074
1,1,0.9724715771318755
0,0,0.003622342626851198
0,0,0.18012071592097983
0,0,0.023515133680863186
1,1,0.5955618881241551
0,0,0.002619104007920185
0,0,0.03993656529354313
0,0,0.0016368242993061693
0,0,0.013412412417899608
1,1,0.9300411316186435
0,0,0.04792096795228517
1,1,0.9937263827725703
1,1,0.8465126736689534
0,0,0.0021943840190972504
0,0,0.4978713581391847
0,0,0.008338025911637825
0,0,0.0016188627559675273
0,1,0.9219799072861629
0,0,0.0031953573837846497
1,1,0.9891612906957004
0,0,0.45212612226529375
0,0,0.0021307597070326515
0,0,0.30579637263205556
0,0,0.02713127895458718
1,0,0.22519918167480582
1,1,0.8971130670753528
0,0,0.014815876954795925
0,0,0.029291133436352226
1,1,0.9718279343821337
0,0,0.07635520969890959
0,0,0.0008459522703710802
1,1,0.7896472236311395
0,0,0.02765321790731386
1,1,0.7691772201998541
1,1,0.9683264385722086
0,0,0.0009684217706720531
1,1,0.842516335042418
0,0,0.0015899255565917964
0,0,0.001162476062906622
1,1,0.7647360171379814
1,1,0.9862882045475249
0,0,0.15608630908989277
0,0,0.0022821264042886093
0,0,0.0018090669981822808
0,0,0.002519512757691547
1,0,0.3899324346142993
0,0,0.0016635847390560933
0,0,0.0036688498939271546
1,1,0.9094358827247739
0,0,0.4638411554546189
0,0,0.002162065081880254
1,0,0.4372038778906959
0,1,0.654184355707141
0,0,0.10828772148572063
0,0,0.0013711422932976007
0,0,0.03803503241389082
0,0,0.004914054711759208
1,1,0.8687296671989895
0,0,0.0016363669016104545
1,1,0.9973419611856347
0,0,0.4757956431502234
1,1,0.9936423381524305
1,1,0.9974481690726179
0,0,0.35212085480598665
1,1,0.8437290869141783
0,0,0.024785664419639922
0,0,0.057156955796400545
0,0,0.02435909662963301
0,0,0.03455929793087152
0,0,0.03146700679954745
0,0,0.0016277461881547132
0,0,0.04505295545097198
0,0,0.003994361309712064
0,0,0.002676843806652067
0,0,0.06857059307394932
1,0,0.44499737245114473
0,0,0.011955240088147733
0,0,0.0048132072835734094
0,0,0.03215756325662555
1,1,0.504266326857692
0,0,0.0013482742870255082
0,0,0.021277341116828493
0,0,0.341234542070454
0,1,0.7657750793926732
1,0,0.44550312152257654
0,0,0.4721962534491893
0,0,0.0021002938501497896
0,0,0.15737255613312076
1,1,0.8872786462142193
0,0,0.3428140843984542
1,0,0.24312326374713716
0,0,0.0013734526708158383
1,1,0.7146174468963572
0,1,0.7790503466850501
1,1,0.9637173089143841
0,0,0.01431438891660455
1,1,0.9942515397375795
0,0,0.4070674090549571
0,0,0.0185296826877462
1,1,0.9145093155948194
1,1,0.5112507077562466
0,0,0.0018085716518352474
0,0,0.21881462716801925
0,0,0.001046570412833594
1,1,0.8364248991193821
1,1,0.8657516150267417
0,0,0.007939823818758731
0,0,0.014389931520991644
0,0,0.06379977350432463
0,0,0.0016600121525987372
0,0,0.0012765284056364692
1,1,0.5826264281987578
0,0,0.12262238779392788
0,0,0.0015185615804462497
0,0,0.3482741618661118
0,0,0.02847423784097741
0,0,0.0016245250134581063
0,0,0.0031114222135173834
0,0,0.15779340860335056
0,0,0.0021423326136452998
1,1,0.9904539122664279
1,0,0.3889993745468875
1,0,0.32016397395250096
0,0,0.0026160266835351187
0,0,0.0009593070408032393
0,0,0.03548265713040448
1,1,0.897283803896775
0,0,0.0024787814985498028
0,0,0.347758296601678
1,1,0.9652225490584441
0,1,0.9018686671777496
0,1,0.5962672904378199
0,0,0.004171029129710346
1,0,0.454142260328581
0,0,0.3066783585843192
0,0,0.08873559095176473
0,0,0.1612003704856843
0,0,0.37964400548929955
0,0,0.043382030211398484
1,1,0.8610482331718717
0,0,0.14273360238407123
0,0,0.0010344180270428819
1,1,0.686093349938808
0,0,0.0021764005963010136
0,0,0.0014210205091693027
0,1,0.5519128888725214
1,1,0.8806400750542763
1,1,0.8112544482097644
1,1,0.9897598470982388
0,0,0.00966841026668303
0,0,0.0020043269254232834
1,1,0.9580017404343415
0,0,0.29488537623157113
1,1,0.5990426039880501
0,0,0.2825859533397553
1,1,0.8732396268462188
0,0,0.29555830001307676
0,0,0.0021757825979111284
0,0,0.0017069536022988135
0,0,0.27408136340123135
0,0,0.0064792906625786365
0,0,0.11138040449544753
0,0,0.17794841243975756
0,0,0.0021764005963010136
1,1,0.6860746033134775
1,1,0.7208847099758896
0,0,0.00940770789055068
0,0,0.026186231407437678
0,0,0.052851385996750246
0,0,0.32891809286303103
0,0,0.02621748917066842
1,1,0.5553786551360606
0,0,0.0020252758336282467
0,0,0.0039328947904261466
0,0,0.0037440119997075214
0,0,0.005809375762604306
0,0,0.38431172914273304
1,1,0.984223343544733
1,0,0.23723839429643984
0,0,0.0022734192106953857
0,0,0.003052386574599467
1,1,0.5777621966662614
1,1,0.7616118630306935
1,1,0.9882626434985423
0,0,0.00113634393567831
1,0,0.3337505507360516
0,0,0.0033358915647113173
0,0,0.10162423085155362
0,0,0.1729591719432779
0,0,0.0039663695717843655
1,1,0.9643673614585716
0,0,0.008934088415863366
1,1,0.9648425581224972
0,1,0.838326089099967
0,0,0.006624901203573724
0,0,0.002991882443322489
0,0,0.00339858776512695
1,1,0.8665241185341944
1,1,0.6323174285980475
0,0,0.008297510689486177
0,0,0.0014396527628376548
0,0,0.03136255127647181
1,0,0.3361347661918427
1,1,0.8494958177121161
0,1,0.7837952670389934
0,0,0.009690277360947583
0,0,0.001624604631641449
0,0,0.20796173169907506
0,0,0.09100925531815943
1,1,0.7789149887339479
0,0,0.006278196937817579
0,1,0.9750634650327187
1,1,0.8365601671027924
1,0,0.16207080054239373
0,0,0.0031177369373255157
0,0,0.017886755141681646
1,1,0.9620154314391243
0,1,0.532423482256829
0,0,0.019309875546453005
0,0,0.1580268302733708
0,0,0.0013312219502036426
0,0,0.0015587625626626842
0,0,0.0014302246605842068
1,1,0.9158032176870762
1,1,0.9912936720305419
0,0,0.004732869455138114
0,1,0.8472779223678463
0,0,0.1425232563706259
0,0,0.07052659402157054
0,0,0.016843307911634037
1,1,0.9175878999453748
0,0,0.1527026230662282
0,0,0.0019312853007256423
0,0,0.001603418026399553
0,1,0.5404181612134061
0,0,0.1421253922753361
0,0,0.018033396505632886
1,1,0.6444966019847486
1,1,0.8589755783906811
1,0,0.0335107634531972
1,1,0.9592167154607724
0,1,0.5508258159146289
0,0,0.002108392723460499
0,1,0.7681381863667897
1,1,0.7911111189923912
0,0,0.00879580559278316
1,1,0.6728295244998892
0,0,0.001234672314701567
0,0,0.19939688426103716
1,1,0.5077322358061996
0,0,0.21935761625313802
0,0,0.20500831482848017
0,0,0.036442772410522024
0,0,0.0026443174027778477
0,0,0.019445114908205052
0,0,0.005336804458116029
0,0,0.0033018490597082873
0,0,0.030323666924314728
0,0,0.0015064492564956112
0,0,0.0014459918334517213
0,0,0.022495269506952204
0,0,0.028942550026895185
0,0,0.015916355200477246
0,0,0.004863708354690099
1,0,0.05960674104549873
1,0,0.1339101780822102
0,0,0.32629489022816777
0,0,0.0024309910319450655
0,0,0.13845439482282815
0,0,0.0032267393452471487
1,1,0.8448171782614375
0,0,0.002337812289884274
1,1,0.8157892659098442
1,1,0.7483200182791865
0,0,0.02066798911325075
1,1,0.9855655717095582
0,0,0.025608924480188155
1,1,0.9597968282068844
0,0,0.0623335607067458
0,0,0.0014008975215300961
0,0,0.0017152566463953644
1,1,0.6929721581375732
1,1,0.7837030530942936
0,0,0.011898769653063275
0,1,0.8771533227604252
0,0,0.003305574688930823
1,1,0.9900520000181339
0,0,0.07802079015739961
0,1,0.65474927089924
0,1,0.8226682005447961
1,1,0.9925479366197911
1,0,0.46814903311081546
0,0,0.0018752037143956125
0,0,0.0029107432353245883
0,0,0.01685393400428868
0,0,0.04127575595319779
1,1,0.6690180434891464
1,1,0.8421522901153968
0,0,0.39694427289005907
0,0,0.003722292425878582
1,1,0.9291681449695401
0,0,0.0013949452226306419
0,0,0.0013445864425830022
1,1,0.977315625200232
1,1,0.8813624513424747
0,0,0.005713636329499212
0,0,0.22880901975080084
1,1,0.7305476271819192
0,0,0.3630593858475274
1,1,0.8575115844733187
0,0,0.004422027328460099
0,0,0.0022635038626746882
0,0,0.013708807672908501
0,1,0.5495979867092403
0,0,0.0017677370804771763
0,0,0.003208768676602497
1,1,0.9949564561130627
0,0,0.0032074767387259865
0,0,0.02081069193983649
0,0,0.0073423594695662606
0,0,0.0059802018493452505
0,0,0.48084075701283197
0,0,0.37197012041281935
1,1,0.9281739137991437
1,1,0.8808739004882297
0,0,0.01162356501930703
0,0,0.0014969706600588828
0,1,0.7570204438678542
0,0,0.001180840132895328
0,0,0.0016122449885175953
0,0,0.002508391900896301
0,0,0.0013067853409739092
0,0,0.008935285478031978
0,1,0.6182508976118335
0,0,0.0010270790103972867
1,1,0.980407609104669
0,0,0.07351809096534058
0,0,0.0017090085827427303
1,1,0.9487085416416318
1,1,0.7322948894453254
0,0,0.005810662674162568
0,0,0.2026225226541186
0,0,0.001289153105561326
0,0,0.020194822136848523
1,1,0.9676074878745788
0,0,0.048372510933009434
1,0,0.13767483462242408
0,0,0.4893745890507567
1,1,0.8733709016645387
0,0,0.2451614490347089
0,0,0.009744795508654754
1,1,0.7060292330435948
0,0,0.11215932562264112
0,0,0.002057780811753593
0,0,0.05960674104549873
0,0,0.0030645551797593112
0,0,0.421196966945437
1,1,0.9926112721015992
0,0,0.11593026751697832
0,0,0.00962732255272089
0,0,0.001979339601009637
1,1,0.859306959595973
0,0,0.0018231960798300007
0,0,0.0023007546810988586
0,0,0.0018633500769659702
1,1,0.9166304578526414
0,0,0.018023360077107205
0,0,0.021200224005455466
1,1,0.9187308511662537
1,0,0.13524986725820948
0,0,0.018033396505632886
1,1,0.9781734526194328
1,1,0.5792646408011456
1,1,0.6194564428350008
1,1,0.6723971065194568
0,0,0.0697023902812938
0,0,0.0506579840892917
0,0,0.0019651230835706873
0,1,0.7554581501023779
0,0,0.0029237633548566708
0,0,0.31027435804133924
1,1,0.9600433480035044
1,1,0.9608388856997944
0,0,0.4218209708682746
1,1,0.5608450395439762
1,0,0.3808919220572077
0,0,0.001371750781463493
0,0,0.007187728112959142
0,0,0.005780303418929759
1,1,0.8420291751086555
0,0,0.03143730343152432
1,1,0.631317853775412
0,0,0.39879383882982106
1,0,0.4231871595124366
0,0,0.003044925203469914
0,0,0.22822832422799108
0,0,0.0008550814358569336
0,0,0.05204020837968123
1,1,0.7347877732164572
0,0,0.01169703298474278
0,0,0.04198227083609959
0,0,0.279564018286886
1,1,0.9830064591265668
0,0,0.0128143474437102
1,1,0.6186290129405813
0,0,0.02471306502928983
0,0,0.18945262417143605
1,1,0.9738304990281399
0,0,0.4816765220825516
0,0,0.4001431524985332
1,1,0.8805877951446637
0,0,0.0022001128296980964
0,0,0.002489271811592648
0,0,0.0020319965955931545
1,0,0.11197739444043148
0,0,0.004961682508502823
0,0,0.49655970734517263
1,1,0.9347660677594273
0,0,0.2886319699917504
0,0,0.05879619157651344
0,0,0.008416281966507977
1,1,0.8604898792556217
0,0,0.016506302277137282
0,0,0.002687807434333729
0,0,0.007237680365055172
0,0,0.0015956608216347256
0,0,0.24244724006648954
0,1,0.7286541592327825
0,1,0.6944834339484894
1,1,0.9811068619706428
0,0,0.0015504692676660537
0,0,0.005375417204136939
0,1,0.5877934482366517
0,0,0.0027843938939737366
0,0,0.3679467723623527
0,0,0.001499935331329301
1,1,0.9869200839353908
0,0,0.0018699252545076278
0,1,0.5327265097343317
1,1,0.9787738649358546
1,0,0.15664583820741756
0,0,0.028275539880349674
0,0,0.017428447914138438
1,0,0.491301262148072
0,0,0.004262044511158518
0,0,0.0014184179129565963
1,1,0.9984213064922559
0,0,0.006843237675455053
0,0,0.14375426401393346
0,0,0.002068493727880905
0,0,0.002418611706572502
1,1,0.7784184424478356
0,0,0.052271186957362166
0,0,0.01552539557894898
0,0,0.0071958603146953905
0,0,0.44209296465110853
0,0,0.27448278841062745
0,0,0.0011115795796835407
1,0,0.19881846859336644
0,0,0.011083832442809367
0,0,0.016877411493429768
0,1,0.5237465373035264
0,0,0.010436646718427716
1,1,0.6288672702552701
0,0,0.025885943447935295
0,0,0.0014137447552768274
1,1,0.8569434133058481
1,1,0.9731198470657956
1,1,0.5182468708030452
0,0,0.10442229164098109
0,0,0.0011823070573529738
0,0,0.015003495435031754
1,1,0.9709038040512816
0,0,0.0011566853606627975
0,0,0.0011740382686225748
0,0,0.0011789465595612007
0,0,0.008915880513515297
1,1,0.9853105073083637
0,0,0.003226139850599634
1,0,0.01071764247418959
0,0,0.06380128030324717
0,0,0.0309896460860097
0,0,0.25859326253419546
1,1,0.7048414103058676
1,1,0.9228759381143516
1,1,0.9261082971589764
0,0,0.003302334803742902
1,1,0.6918469756223025
0,1,0.5073243305425318
0,0,0.01877128597130163
1,0,0.30154055179167205
0,0,0.2681263355148686
0,0,0.0027216300654519976
0,0,0.002597820462951698
0,0,0.15341968071582826
0,0,0.025808810499181344
0,1,0.9029786598210612
1,1,0.5565874249986783
0,0,0.006684168906964485
1,1,0.8135642456067294
0,0,0.1418312791115182
0,0,0.0017828289537552085
0,0,0.23162004151411295
0,0,0.10272873026018069
0,0,0.11465938730826744
0,0,0.0023595261469591226
0,0,0.0017992395258775175
1,1,0.9738304990281399
0,0,0.0654944044528051
0,0,0.03169784270979545
1,1,0.9117966624669699
0,0,0.003828879977360503
1,0,0.4633676762096399
0,0,0.4705241348300655
1,1,0.97707056976486
1,1,0.8357462687810636
0,0,0.08057626651586297
0,0,0.008649353985232254
0,0,0.004454797694125695
0,0,0.0014079133576493338
0,0,0.0033358915647113173
0,0,0.2272237278291177
1,1,0.9780621931015805
0,0,0.0012531192438096398
1,1,0.9944172565059926
0,0,0.011898769653063275
0,0,0.03386745665210677
1,0,0.4680768161629521
0,1,0.8790193261295889
0,0,0.0016188627559675273
1,1,0.5143854440052475
1,1,0.7220561091764293
1,1,0.9779570961080101
1,1,0.8897063531369769
0,0,0.0016650619310631092
0,0,0.4958734191851352
0,0,0.017185560511659388
0,0,0.0018276658782663262
0,0,0.0013976770834064139
0,1,0.505734104889997
1,1,0.8086035186149714
0,1,0.5648293615435306
0,0,0.44336361734903745
0,0,0.004801921010929188
0,0,0.0039321202364520766
0,0,0.0035283311007812787
1,1,0.988948705893785
1,1,0.9601923355429242
0,0,0.028016461860035584
0,0,0.012014909775175324
1,0,0.36413792822777197
1,1,0.8232285476696752
0,0,0.0030817491743123306
0,0,0.006053677008597517
1,1,0.913201024131389
1,1,0.9493498226486508
0,0,0.0038911168941311225
0,0,0.04759141402498574
1,1,0.9551190737250232
0,0,0.0013949452226306419
1,1,0.9382883080411023
0,0,0.002044965173064771
0,0,0.11015983840470632
0,0,0.0022478315947098903
0,0,0.13139938732507955
1,1,0.6062113781036926
0,0,0.14054408367342197
0,0,0.14276427770413785
1,1,0.8690231530059537
0,0,0.049336104515817394
0,0,0.013780472623351477
1,1,0.6960662233956235
0,0,0.0017724003517379154
0,0,0.0034413411725021555
1,1,0.826207797025968
1,1,0.9852760155676143
1,1,0.9079439205591321
0,0,0.002327556918779575
0,0,0.004863911533098286
0,1,0.9573650733837715
1,0,0.41786819365637284
0,0,0.0037344271514238503
0,0,0.07988400145498667
0,0,0.001989330348836219
0,0,0.01657012685083851
0,0,0.0010954841797262077
0,0,0.002469335107046856
0,0,0.4392532293979422
0,0,0.007629941742217212
1,0,0.34026545172074224
0,0,0.11756117606361866
0,0,0.001661139411679762
0,0,0.009063155141274133
1,1,0.9909569016351324
0,0,0.0017388804734652214
0,0,0.07897673687166634
0,0,0.010450003385145934
1,1,0.9004698651792704
0,0,0.0017438840757039928
0,0,0.07906896967213081
1,0,0.4003428801588456
0,0,0.0020009132134883086
1,1,0.6819760184643304
0,0,0.02050976699627355
0,1,0.7775859281766729
0,0,0.0017322318795071623
0,0,0.03625937320016053
0,0,0.0012006153373014259
0,0,0.004096652467390396
1,1,0.9689500895692026
1,1,0.7438783994641949
0,1,0.7226345919639775
0,0,0.007673639520502705
0,0,0.058076820759585306
0,0,0.13326979459024818
1,0,0.1612282687203786
1,1,0.7709902383297244
1,0,0.14753973007558738
1,1,0.9968910031576806
0,0,0.00990895082814039
1,1,0.9553164984729149
1,1,0.8235478418579238
0,0,0.0035107555890119585
0,0,0.0023224633669706174
0,0,0.00606198028852708
0,0,0.043233923731594945
0,0,0.021558114902239803
0,0,0.04389778894904223
1,1,0.9581581640843037
0,0,0.0010353282311664018
0,0,0.0016794594460064459
0,0,0.0092687367476027
0,0,0.0022137238389773745
1,1,0.9630714774557437
0,0,0.005736138754287624
0,0,0.002637536726328246
0,0,0.056287744655975865
1,0,0.2825859533397553
0,0,0.11382310485900923
0,0,0.17800963774134373
0,0,0.0019826785028749867
0,0,0.0025631084922083176
0,0,0.014417108065536486
0,0,0.48223183729923413
1,1,0.8989872325197177
1,1,0.6354306465520864
0,0,0.14933417910487543
0,0,0.0018355593995101134
1,0,0.19818273984064624
1,1,0.7888352459675144
0,0,0.0015714088919250465
1,0,0.41295173783668887
0,0,0.004342298881369311
1,0,0.16104296330442022
0,0,0.011417399124059252
0,0,0.07782489292552314
0,0,0.1521842288101579
0,0,0.27123360091459564
0,0,0.03814543841088004
1,1,0.7173095546203455
0,0,0.0035587551564680692
0,0,0.006840756205457052
1,0,0.16512283224767985
0,1,0.66030565312944
0,0,0.000993408429546513
0,0,0.003910581570489954
0,0,0.000876254392993951
1,0,0.3811307503440752
1,1,0.821129976446216
0,0,0.010394044594382576
1,1,0.813096403990969
0,0,0.001733580375782656
0,0,0.3305388346944196
1,1,0.8702670187338984
0,0,0.009156571695810101
0,1,0.7502818807060728
0,0,0.0018441755879117672
0,1,0.830683184828754
0,0,0.0472265201780821
0,0,0.004132982813234077
0,0,0.0019038050915765833
0,0,0.03136096338860383
1,1,0.9937092221362224
0,0,0.0022896560840501142
1,1,0.6858289610328729
0,0,0.3311067784526313
0,0,0.17386799788017346
0,0,0.494746902501392
0,0,0.0015148428468015045
0,0,0.0018700881984041896
0,0,0.007859503422356905
1,1,0.9886593491109927
0,0,0.2659537685893085
0,0,0.0021871788581202868
0,0,0.044611648753005474
0,0,0.002142535127117106
0,0,0.021958897116541594
1,1,0.5891250935038101
0,0,0.0015432871832125414
0,0,0.0015801531692821978
0,0,0.005710505488444069
1,1,0.9289972876685014
1,1,0.7957086858056411
0,0,0.029843895978164465
0,0,0.003359022731852173
0,0,0.0019494753729923976
0,0,0.032281991656997626
0,0,0.0026402582678544924
0,0,0.2962127601099262
0,0,0.052668947127699484
0,0,0.011008857309790851
0,0,0.0016260484838620112
1,0,0.3009641201754959
0,0,0.3816357818144422
1,1,0.6084017254529428
1,1,0.9874990557371001
0,0,0.2568344447290955
1,1,0.9744448510230878
1,1,0.6595982045326819
0,0,0.007997219141831128
0,0,0.4135151102964909
0,1,0.8182916553177052
1,1,0.5434007479319015
0,0,0.0017301305311373163
0,1,0.6012555509009098
0,0,0.21178310843217138
0,0,0.0018629197141183948
0,0,0.44621388861255024
0,0,0.010289686428136192
0,0,0.39207750745385517
0,1,0.9795186604134886
0,0,0.0011621419883393821
0,1,0.5332582472277863
0,0,0.003305574688930823
0,0,0.1177356503227237
0,0,0.3838774254470664
0,0,0.009655898448779362
0,0,0.0233411430745477
1,1,0.9705839987900939
0,0,0.03796059156206937
0,0,0.009794628394574975
0,0,0.3511970106842164
0,0,0.2757745298376862
0,0,0.006476136517535419
0,0,0.014040653960425746
1,1,0.6413632303893217
0,0,0.3073235739954708
1,1,0.9954839079400135
0,0,0.008274853813057578
0,0,0.031191522466113435
0,0,0.04067599193713476
0,1,0.7883413153770552
0,0,0.001906088408692131
1,1,0.7236080792311027
1,1,0.9049667476022223
1,1,0.9963765276846449
0,0,0.0024366797621175737
0,1,0.5452598945685003
1,1,0.5913232806486239
0,1,0.9340177278497598
0,0,0.0036967636716807805
1,0,0.19591027714350825
0,0,0.0029597509553373666
0,0,0.006867725393683612
0,0,0.11504451462333076
0,0,0.11244751983562898
1,0,0.38214184241221627
0,0,0.0017828128374264291
0,1,0.5000025904323124
1,1,0.930862103923496
1,0,0.40593387348040666
1,1,0.9809641476274122
0,0,0.002027091222739649
1,1,0.8708613762767096
0,0,0.3614660959012876
0,0,0.0032956772997867223
1,1,0.9291145077086006
1,0,0.3315391987920809
0,0,0.0015701612356186115
0,0,0.002748282403416156
0,0,0.04502520401136726
1,1,0.6613169222635854
0,0,0.30864068969920816
1,1,0.9596361584462327
0,0,0.0025677896912036525
1,1,0.8382362070466681
0,0,0.0023845364845457937
0,0,0.0023102771237919696
0,0,0.0132390625343461
1,1,0.9330236614432575
0,1,0.6544581030052941
0,0,0.027972969011199302
0,0,0.34336935574971267
0,0,0.001307891220564189
0,1,0.8612008155109993
1,1,0.9330438541581949
1,1,0.6014219085995727
1,1,0.8883720769378997
0,0,0.0019223992021924277
0,0,0.006048633294371422
0,0,0.02043716460095165
0,0,0.010651375992167698
0,0,0.1521842288101579
0,0,0.0052958960924256015
0,0,0.004371124702253084
0,0,0.006839593575537679
1,1,0.8840497233856316
0,0,0.13596096848817915
0,1,0.7103983973998905
0,0,0.008565592922252325
1,1,0.6471972187672932
0,0,0.005024223591887954
0,0,0.0018201360578263743
0,0,0.012565634611719745
0,0,0.002171162587700803
1,0,0.04266807021363549
0,0,0.02817664482575855
0,0,0.002177693701065512
0,0,0.2796838082449085
0,0,0.010518936571952
1,0,0.2985849825776304
0,0,0.13795432075741065
0,0,0.006681448503999345
0,0,0.019976134816981437
0,0,0.31326390323249026
0,0,0.003712703117269368
0,0,0.4498080787786755
0,0,0.0016565771032858586
0,0,0.0030116650777714934
1,1,0.9731797569011873
0,0,0.001543831163955369
0,0,0.002323149476471826
0,0,0.025125749646129895
0,0,0.0010267445953590175
0,0,0.02380167306363037
1,1,0.5147512580934064
1,1,0.8320511811883249
0,0,0.0021976664709373716
0,0,0.07488782774940392
0,0,0.04164036974799382
0,1,0.5130273748947588
0,0,0.4205097598290739
1,1,0.9486223117643765
0,0,0.0012023828806413618
0,0,0.0018443664055351149
0,0,0.38837129896028966
1,1,0.685530742589199
0,0,0.002881789610449172
0,1,0.8652080910598885
0,0,0.0020313450934225695
1,1,0.9902822232857712
0,0,0.28400661648899345
0,0,0.0013875775650856786
1,1,0.5846643059630684
0,1,0.5008326571050582
0,0,0.00157262255160548
0,0,0.004174218923123613
1,1,0.7092356728816163
1,0,0.4683096220160181
0,0,0.004734793013206317
1,1,0.9377712651036592
1,1,0.5880056441434949
1,0,0.3842746078073085
0,0,0.4711051188441093
0,0,0.0047492456579322495
0,0,0.010105442733799751
1,1,0.9708665382023909
0,0,0.3349869748355192
0,0,0.011112985839751762
0,0,0.0013600736650883425
0,0,0.040254229869964187
1,1,0.7314161775847814
0,0,0.003632100558272226
0,0,0.01520261833044309
0,0,0.004388908992293079
0,0,0.0031507574088123587
0,0,0.07579655735524532
0,0,0.002829125531854489
1,1,0.8687296671989895
0,0,0.0835516033840636
1,1,0.635145371708701
0,0,0.05158204596572569
1,1,0.9371720788180907
0,0,0.11579082827031308
0,0,0.18525604660656894
0,0,0.019231671555838627
1,1,0.9786070478427851
0,0,0.12599522547033903
0,0,0.08066680476352382
1,0,0.24244724006648954
1,1,0.9579108489909596
1,1,0.5712200416307665
0,1,0.8917910251099531
1,1,0.6894079575445683
0,0,0.0042192290923509365
0,0,0.0014586141713271781
0,0,0.0012938130159588419
1,0,0.3743274202262504
0,0,0.003902524746048984
1,1,0.9908907432088554
1,1,0.8741098253976808
0,1,0.7918689523020849
0,0,0.4495057906892898
1,1,0.9752484348235992
0,0,0.14776079259252187
0,0,0.0017504536665482076
1,1,0.8572417954078309
0,0,0.004425414846182974
1,0,0.3088450280080224
0,0,0.02068762224941313
1,0,0.20757136187724887
1,1,0.9547773506212608
1,1,0.9759897604492542
1,1,0.9855535807219067
0,0,0.010748166300705683
1,1,0.6880539484361666
0,0,0.0016075850061767266
1,1,0.9964715720181797
0,0,0.0013270097300563458
1,1,0.9697432532340493
0,1,0.6926513241729427
1,1,0.87195700692868
1,0,0.08060089166764894
0,0,0.014238885518001235
0,0,0.01290982817885513
0,0,0.08496611708816701
0,0,0.012399856189250527
1,1,0.700937472913172
0,0,0.051011689175900175
0,0,0.037671686468249456
0,1,0.7792108506117111
0,0,0.004662684062528399
0,0,0.0033549971934226513
0,1,0.5265439477180608
1,0,0.4547159456486141
1,1,0.8523772419522876
0,0,0.4524950479490881
0,1,0.7021589013689284
0,0,0.3623115305573031
1,1,0.9327645622913137
0,0,0.09686059042539638
0,0,0.10912156501921043
0,0,0.005924357445746184
0,0,0.0026473437951426253
0,0,0.0014456840486549991
1,1,0.9368803701614439
1,1,0.9637392212888732
0,0,0.08936024716647661
0,1,0.7204942286716838
0,0,0.012324828392507363
0,0,0.25495004778205854
0,0,0.4874160516608385
0,0,0.0008703007075621606
1,1,0.9938357764127915
1,1,0.8704017708472569
0,0,0.007781763524498491
0,0,0.019641749662333577
0,1,0.5827535729237817
1,1,0.8459198881600404
0,0,0.0010246944204176035
0,0,0.1360667200295181
1,1,0.5982179055516497
1,1,0.9436638335980394
0,0,0.03632852288242461
1,1,0.9873167402274052
0,0,0.023335640982992602
0,0,0.08947174559621258
0,0,0.3107113974207807
0,1,0.5095634811771219
0,0,0.15620112030348648
0,0,0.0022949753664444623
0,0,0.01072030810182206
1,1,0.6231076664271413
1,1,0.9953857278289365
0,0,0.07162467891033573
0,0,0.0011385507624797851
0,0,0.0026242726009225036
1,1,0.9341391570974048
0,0,0.021828317091258785
0,0,0.02791153290785226
0,0,0.0017802408026272153
1,1,0.9618639872735267
1,1,0.9881244368786659
1,1,0.9665626856995682
0,0,0.2869923111808207
0,0,0.19797285421810332
0,0,0.042660331457210716
0,0,0.0024707856655281045
0,0,0.00311533943284001
0,1,0.7030759647405618
0,0,0.001486259392674691
0,0,0.012063495196006524
0,0,0.004210705635939923
0,0,0.0014388521786312032
1,1,0.9594318442574844
0,0,0.13074702291110296
0,0,0.01989214418643374
0,1,0.8618217173056596
0,0,0.0438212986397836
0,0,0.4525553388166675
0,0,0.47562718887674676
0,0,0.000977958487222032
1,1,0.959201191219443
1,1,0.9746587171179691
1,1,0.7858140357487005
0,0,0.007157961313281987
0,0,0.00540883331910031
0,0,0.019926295080467733
1,1,0.989706719107888
1,1,0.9522763634565246
1,1,0.6846680929430434
0,0,0.0012297584482741613
0,0,0.04180084129060392
0,0,0.0009848074587926398
0,0,0.00521836271703107
1,1,0.6011198316302814
1,1,0.8571287528108499
0,0,0.06933577192436233
1,1,0.8571816636888041
1,1,0.6849020194502916
0,0,0.42886941055587874
0,0,0.005036026784609058
1,0,0.1783072911177742
0,0,0.028119287473340616
1,1,0.8849922188397487
0,0,0.38253405491262843
0,0,0.0025691712044467133
0,0,0.04980194416438002
1,1,0.9880187145424801
0,0,0.006678438688701796
0,0,0.01394390233092579
0,0,0.00499342454387282
0,0,0.0055929226608177115
0,0,0.05344493771018727
1,1,0.9359543056267712
0,1,0.6754568920593679
0,0,0.004437666748049302
0,0,0.13167755512551135
0,0,0.004143388816758531
1,1,0.9951075593287992
0,0,0.0036386460264311413
0,0,0.13514042170081686
1,0,0.45596000981961043
0,0,0.0038199936495881296
0,1,0.7613952076403573
0,0,0.04639426284952519
0,0,0.08604483874687147
0,0,0.0022666725646921983
1,1,0.5868709777827814
1,1,0.897283803896775
0,0,0.003981142921341871
0,0,0.003674166840991324
1,1,0.5152367257305548
1,1,0.6117800280455695
0,0,0.0086355860324141
0,0,0.0024496607371905553
0,0,0.0014306293246183581
0,0,0.26058337464324377
0,0,0.0024971971407363007
1,1,0.7468161493243387
1,1,0.7954268261416518
0,1,0.6621266064610487
0,0,0.22325799949940603
0,0,0.0010482941083798144
1,1,0.9675339712869708
0,0,0.0011181183564452986
0,0,0.009034921972549586
0,1,0.8407356570584443
0,0,0.3369271197485385
0,0,0.0025680807324111416
0,0,0.003181066451069079
1,1,0.9806468125830019
1,1,0.5598768437090211
0,0,0.02146768746275347
0,0,0.1786327674125788
0,1,0.65615960170179
0,0,0.0025118795223886053
0,1,0.7637595986561045
0,0,0.007461581793715061
0,0,0.003840382521021819
0,0,0.37314032564859967
0,0,0.2152728091179662
0,0,0.020395944138302577
0,0,0.013753792511106902
0,0,0.0018124495851092794
0,0,0.006736426637914644
0,1,0.5594119219323785
0,0,0.22430667325002482
0,0,0.057311059419644046
1,1,0.9267126919160467
1,1,0.8514595188671236
0,1,0.799035516750125
1,1,0.5079755468251003
0,0,0.3754879088480416
1,0,0.019387040985391714
0,0,0.004024017312706973
0,0,0.22047755732896293
0,0,0.0017253362107561066
0,0,0.0438212986397836
0,0,0.0590530310469382
1,1,0.8087865037477157
1,1,0.8643917842847718
0,0,0.0016736560268738128
0,0,0.004391736479866611
1,1,0.7577102233182833
0,0,0.010434989222160707
0,1,0.7270102896578016
0,0,0.32887937000311585
1,0,0.3746701412034683
1,1,0.993386038238097
1,1,0.8258690076662133
0,0,0.0031675314214240843
0,0,0.003902904331141238
0,0,0.009447118524362271
0,0,0.1394724518797672
1,1,0.9944061154092063
0,0,0.004132982813234077
1,1,0.7974173415373188
0,0,0.0015158956347520603
0,0,0.0014321056141691684
0,0,0.0015775694901352369
0,0,0.0024482894125400223
1,1,0.9961096452017685
1,1,0.9966953930296467
1,1,0.9767482696517699
1,1,0.9914617284596299
1,0,0.47254487524171185
1,0,0.2325273690227359
1,0,0.06745252327673323
0,0,0.048669225339228774
1,1,0.9555010439986049
0,0,0.4833430853306286
0,0,0.0017168047034521467
1,1,0.5781380983258423
1,1,0.6588127127331037
0,0,0.003526235090303113
0,0,0.016662129329959734
0,0,0.010126935487995169
0,0,0.1372231176872108
0,0,0.005523395246567533
0,0,0.207084233113665
1,1,0.7798303627837833
0,0,0.005015846443903322
1,1,0.7576956985227559
0,0,0.08135282332789175
1,1,0.9409116218950766
1,1,0.9864071891959557
0,0,0.004191812485054101
0,0,0.0010154959469122328
1,1,0.9888190783466376
1,1,0.8685517952805413
0,0,0.002873915019561611
0,0,0.0032196760189847633
0,0,0.0020997068481934653
1,1,0.6264872817894793
0,0,0.06219273817240681
1,1,0.9558741304850189
0,0,0.4575040775965516
0,0,0.0027070382935088103
1,1,0.8909462965428102
0,0,0.0018869110837261896
0,0,0.005164418714886169
0,0,0.0016327098464283673
1,1,0.9890547663112061
0,0,0.37705351372918366
0,0,0.003751396088777595
0,0,0.002095040005841239
1,1,0.8283089083238346
1,1,0.9791008852533296
0,0,0.01276382107046809
0,0,0.001318414966365463
0,0,0.004275222967712353
0,0,0.004551343572145759
0,0,0.0067116498103214775
0,0,0.0023913733060257803
0,0,0.0030875403447717773
0,0,0.2606959064216419
0,0,0.0013410036792397193
1,0,0.38676405270360253
0,0,0.0011564013714037797
0,0,0.001912177613444438
1,1,0.7235801522363946
0,0,0.0809593649515049
0,0,0.003323507070595826
1,1,0.5492584579403477
1,1,0.6406485174084396
0,0,0.001996073544095769
0,0,0.13069292434617383
0,0,0.001897414522988901
0,0,0.0010016936550574134
0,0,0.06982256059119576
1,0,0.42836437853356585
0,0,0.0031149198134727864
0,1,0.6130968039055551
0,0,0.07028185337254496
1,1,0.99159052714913
0,0,0.06312202602832362
1,1,0.6084901501316696
1,1,0.9944061154092063
0,1,0.9230032375294827
0,0,0.05483081288717454
0,0,0.08598358749546937
1,1,0.9954775627994834
0,0,0.32526305860371185
0,1,0.7699537677869326
1,0,0.09361855594363408
0,0,0.24333930312594623
0,0,0.2383067046794549
0,0,0.004497100960758944
0,0,0.01688807291383057
0,0,0.15568219028931432
0,0,0.009861047462173849
1,1,0.9809272782592119
0,0,0.027567645667671926
1,1,0.938879671224297
0,0,0.002869318502272932
0,0,0.14448012948798608
1,1,0.7295017361281123
1,0,0.06846127989558097
1,1,0.9350502263545875
1,0,0.4975676022664611
0,0,0.002436238696044122
0,0,0.16933474642515536
1,1,0.82552377498285
1,1,0.965280320673265
1,1,0.8982567348678413
0,0,0.02899442519607918
0,0,0.0016914043966471592
0,0,0.008214852286147878
0,0,0.00295601199505394
1,1,0.9808368978992871
0,0,0.002268677806856146
0,0,0.38431172914273304
0,0,0.020426594973745365
1,1,0.8448891653996338
1,1,0.9923812358318836
0,0,0.0011611107177146984
0,0,0.005450341204080426
1,1,0.5545012424140275
0,0,0.007042837094731334
0,1,0.5154662044064146
0,0,0.004748874653981326
0,0,0.2476046277924935
1,1,0.8355383763666424
1,0,0.28390864017975054
0,0,0.0029695188702333064
1,1,0.5845505904798219
0,0,0.07991220189720206
1,0,0.1572222412683585
0,0,0.0016088330089900306
0,0,0.3142229731907109
0,0,0.001048581684743172
0,0,0.010240785488054589
1,0,0.44661859137282084
1,1,0.9246352486476118
0,0,0.003311794059717859
1,1,0.696510884972148
0,0,0.0024608757674824937
0,1,0.7472072469366834
0,0,0.3590170606720453
1,1,0.9445647374216714
1,1,0.8105252033514814
0,0,0.2993869820094672
1,1,0.8469025495453578
0,0,0.014441935796141529
0,1,0.740069400066877
0,0,0.1647910259019184
0,0,0.00208929256254699
1,1,0.7220561091764293
0,0,0.00826597365063355
0,0,0.021797523654287193
1,1,0.627869461108381
1,0,0.04050641470695055
0,0,0.0998229006281036
1,1,0.9266730768545403
0,0,0.002566164113415283
0,0,0.002268677806856146
0,0,0.0017813955241616406
0,0,0.24570591669678277
0,0,0.08959347527735653
1,1,0.9432689934331713
0,0,0.010414469504582859
0,0,0.003178740691976072
0,0,0.031238890626509506
0,0,0.0016654945015714229
0,0,0.0015108089163328518
0,0,0.3511970106842164
0,0,0.042930395359041806
0,0,0.0017490084997070954
0,0,0.42782675512751883
0,0,0.007218928785856234
0,0,0.017082554953734265
1,1,0.9020306055054629
1,1,0.7134205297189612
0,0,0.002984473727122556
0,0,0.0037810820787184556
1,0,0.11570829324519119
0,0,0.027533003596641722
0,0,0.27041304180247167
0,0,0.0021741438101357253
0,0,0.08316211065646892
0,0,0.3965383342205126
0,0,0.003610198429155218
0,1,0.6067832353245844
1,1,0.755487764680642
0,0,0.0023148979938907637
0,0,0.00535309814742143
0,0,0.025766976898906523
0,0,0.0019775416847324593
1,1,0.594092045527331
1,1,0.8478683071463321
0,0,0.1826143758604816
0,1,0.8958286489913204
0,0,0.03721430329194873
1,1,0.8944064144085779
0,0,0.2602309631175857
0,0,0.00259668099746577
0,0,0.008042594596426427
0,0,0.2026225226541186
0,0,0.395209931452996
0,0,0.059871586914418996
0,0,0.364736890074806
0,1,0.5200470120453243
1,1,0.909576448097195
0,0,0.3268572783875131
1,1,0.9883754215386559
0,0,0.21362080754171178
1,1,0.9058161275923534
0,0,0.0017775925946731358
1,1,0.5499869590316293
0,0,0.0018294517788718559
1,1,0.9088108703439391
0,0,0.003026422560288289
0,0,0.0011787886708208458
0,0,0.009589782213600967
1,1,0.9580736131960768
1,1,0.9412078311458782
0,0,0.0011540178080712133
0,1,0.5466719542369032
0,0,0.017812110076987922
0,0,0.003882183854763704
0,0,0.0013108790859649114
1,1,0.8117820377349872
0,0,0.026521816562652165
0,0,0.014525516604358963
0,0,0.014719821474998672
1,1,0.9577318530331967
1,0,0.20341786204965037
0,0,0.29184572466128067
1,1,0.9912043352124724
0,0,0.00505369447107065
0,0,0.2957103793256222
1,0,0.0649777424205255
0,0,0.09560339632053831
1,1,0.8813033434409023
0,0,0.002113030904221979
0,0,0.004434403163292955
0,0,0.0018160951552336174
0,0,0.07165459810005768
1,1,0.9896696937308067
0,0,0.029602874421234868
0,0,0.4096780075990429
0,0,0.0023913733060257803
1,1,0.9904681936742564
0,0,0.0012569359478810307
0,0,0.07652909454288741
1,1,0.8908475378118128
0,0,0.0025366126424707478
0,0,0.008296863485031792
1,1,0.8481661434041926
1,1,0.5409567267981793
0,0,0.0032633430309119125
0,0,0.0030874071178756406
0,0,0.002367996456022851
1,1,0.9958078468100263
1,1,0.8243384570292448
0,0,0.03632852288242461
0,0,0.0015450750401008468
0,0,0.18805190994735518
0,0,0.01078493068505058
1,1,0.7763989068621657
1,0,0.23661651790115173
1,1,0.9944172565059926
0,0,0.007480737451636501
0,0,0.0036312721040113473
0,1,0.7048010420822212
0,0,0.002885617353083647
0,0,0.008455326515265945
1,1,0.8002149251227799
0,0,0.004341967817419226
0,0,0.07108554758208643
0,1,0.6468262143780383
0,0,0.0018806551626942614
0,0,0.002014253174505353
1,1,0.5338861509526447
1,1,0.9333439621857441
1,1,0.9431589253115109
1,1,0.798608856391967
1,1,0.810656376639215
0,0,0.0018102658373846904
1,1,0.9682768400483157
0,1,0.7288036262415563
0,0,0.033653266240958594
0,0,0.4257197587199569
0,0,0.005056388394529312
0,0,0.1982597046795327
0,0,0.009897323919128537
0,0,0.002984491257590621
0,0,0.013988081045141576
1,0,0.2727878900018313
0,0,0.003124519540626645
0,0,0.004300542225579312
1,1,0.6674421474350123
0,0,0.007482960986341258
1,1,0.7584670631959183
0,0,0.10309191647278584
0,0,0.004035422075053702
1,1,0.5633798603156492
1,1,0.9813168923961814
0,0,0.01741290467461671
0,0,0.011697204645307845
1,1,0.5584565734286614
0,0,0.019280762316460087
1,1,0.9062373084604339
1,0,0.10476981650587794
0,0,0.07919988316587384
0,0,0.12817412512235093
1,0,0.15363795839046474
1,1,0.9778574443219378
1,1,0.6380264298442325
0,0,0.005438006164602802
0,0,0.0071708478643860854
1,1,0.610122800310979
1,0,0.09650640413471868
0,0,0.010385407688182332
0,0,0.028328405733590165
0,0,0.006793954282269807
1,1,0.9896617577335496
0,0,0.0029436925439577876
0,0,0.00131896309924544
0,0,0.002935666465802923
0,0,0.0015108089163328518
0,0,0.0015551497335598533
1,1,0.8950737180975713
1,1,0.9807764361448956
0,1,0.5106985345625148
1,1,0.9782389543917963
1,1,0.8686011767121111
0,0,0.06797938163234153
0,0,0.01673509780857931
0,0,0.08718722066751883
0,0,0.01294389666602824
1,0,0.39171321399098524
1,1,0.9102458917570748
1,1,0.9199486903159193
1,1,0.9918566490234261
1,1,0.9542041624269616
1,1,0.9944172565059926
0,0,0.023093666277020152
0,0,0.0029930961908886827
0,0,0.0010552686121738355
0,0,0.09949331277288462
0,0,0.31836591661066893
1,1,0.9904280435726078
0,0,0.1308126643607308
0,0,0.0012393023036616684
0,0,0.010859633232361837
0,0,0.17782564588326008
1,1,0.8302823727922982
0,1,0.9008329667304596
0,0,0.006845367195119346
1,1,0.736596837692408
1,1,0.9856862898641249
1,1,0.8419560272830928
0,0,0.00232992891579537
1,0,0.4108933014862775
0,0,0.007210169644910649
1,1,0.7799492913719337
1,0,0.013735757919361938
1,1,0.9889811896061104
0,0,0.0020232380008980734
0,0,0.001669259272754376
0,0,0.07334927498354304
0,0,0.0022076504945204366
1,1,0.9248425837060733
0,0,0.014199593978773966
1,0,0.33850151302860404
0,0,0.0023275999113577302
0,0,0.0032699051514976226
0,0,0.0009762538549503765
1,1,0.9969344936113477
1,1,0.6974477058998556
0,0,0.14240954068534706
1,1,0.9923012722170382
1,1,0.9697249262988932
1,1,0.9797510568859096
1,1,0.9921747138880388
0,0,0.008821897429914686
1,1,0.9918566490234261
0,0,0.009294324745213361
0,0,0.0047492456579322495
0,0,0.11541647685976435
0,0,0.004125081817648378
0,0,0.0017877193052112186
1,1,0.7426817672307297
1,1,0.9395599844626934
1,1,0.9713150153191555
1,1,0.8104928100692252
0,0,0.0028563443318044535
0,0,0.34086644579474645
0,0,0.0014386406746558645
1,1,0.9577830949495466
0,0,0.017035724199425784
1,1,0.7258837072738604
0,0,0.046402031977285756
0,0,0.030350259402226562
0,0,0.0018691375205609133
0,0,0.02817664482575855
0,0,0.12850882479837944
1,1,0.6063052258437225
0,0,0.009705325277961432
0,0,0.0016665233949140319
0,0,0.00763527364808044
1,1,0.9792003043628691
0,0,0.006415262787167551
0,0,0.01129523091990897
0,0,0.012599275584811154
1,1,0.9809153995352686
1,1,0.5395035486972689
0,0,0.002297223977018981
1,0,0.062498586467677544
0,0,0.0061679913178840995
0,1,0.6359793302000747
1,1,0.9954045525853294
0,0,0.0013576204791951065
0,0,0.07990152376726997
0,0,0.03492363414081347
0,0,0.10915965197855254
0,0,0.0012959080213660777
0,0,0.005106360677982208
0,0,0.008149801589964516
1,0,0.38638140945520066
1,1,0.654701316141456
0,0,0.13514664008981836
0,0,0.3336595344719072
1,0,0.2285227584994373
1,0,0.18369723172539373
1,0,0.41625771473791534
0,1,0.6881034172916021
0,0,0.0041635324235084785
0,0,0.0019055976816915708
1,0,0.49955599186884003
1,1,0.9722904613960669
1,1,0.7669779127674283
0,0,0.10388463305488588
0,0,0.0024087262230078855
0,0,0.0018335457688314213
0,0,0.05745676158354746
1,1,0.791814705735084
0,0,0.003282292206983614
0,0,0.0020363154369570135
0,0,0.0031715181965233192
0,0,0.08378513261486219
0,0,0.0022559496742919345
0,1,0.7702673375795263
0,0,0.0027999231101464243
1,1,0.9885045951657361
0,0,0.0022625569156059745
0,0,0.058151797352346234
0,0,0.002756432977542983
1,0,0.45062812115662765
0,0,0.002218250200851218
0,0,0.0023913733060257803
0,0,0.002672697453110051
1,1,0.9191753467845111
1,1,0.6558042102750333
0,0,0.2603690140759778
1,1,0.9779321413283271
1,1,0.9344772169133913
0,0,0.000862280317216496
0,0,0.0011869898181426249
0,0,0.01887664595868015
1,1,0.961234884608591
0,0,0.003109354052365344
0,0,0.12168525070923587
0,1,0.505279119972088
1,1,0.995369970900047
0,0,0.007177071873210042
0,0,0.00870945868017614
1,0,0.2345303244801857
0,0,0.0028254413338387376
0,0,0.001165769787468199
0,0,0.06100895156491565
1,0,0.031112941808248768
0,0,0.13775977435064798
0,0,0.000993408429546513
1,1,0.7706195774419741
1,0,0.255722488467138
1,1,0.677218378613429
0,0,0.029356996085359962
1,0,0.47163877326156844
0,0,0.019433251182558967
1,1,0.5179151582134802
0,0,0.001495180593691268
0,0,0.042772644825171686
0,0,0.0015590465036640722
0,0,0.0010632174132450707
0,0,0.028349038834111565
0,0,0.006647471002274835
1,1,0.9893884219063832
1,1,0.9613139572305832
1,1,0.9541405512370009
0,0,0.0011601019076913869
1,1,0.9965153887682717
0,0,0.030358522669533348
1,1,0.9738304990281399
1,1,0.9874591824684016
0,0,0.01890353566789024
0,0,0.001887911292876488
0,0,0.013463609090698093
0,0,0.002319556203122339
0,0,0.417707336794809
0,0,0.010564031253542182
0,0,0.050020945494103304
0,0,0.2841056256470687
1,1,0.781644560025013
0,0,0.0017274078477278955
1,1,0.9964822248335611
1,1,0.9850104867739778
0,1,0.8596996679406564
0,0,0.007133680719119659
1,1,0.9907837214239348
0,0,0.014621398213994488
0,0,0.17048452469854408
0,0,0.014174701381191934
1,1,0.7804143160881388
0,0,0.26629640779506425
0,1,0.5673496864913871
0,0,0.0019618687618952707
1,1,0.8260358571225564
0,0,0.0020223255541086524
0,0,0.004053048665926684
0,0,0.0031114222135173834
0,0,0.004835415656946242
0,0,0.0038869165800044497
0,0,0.2603690140759778
0,0,0.005381926199121261
0,0,0.0021940030174295404
0,0,0.2044488138983587
0,0,0.0026014244244986465
0,0,0.3096694189235659
0,1,0.6905232714346546
0,0,0.002799902337425674
0,0,0.001545861013463173
0,0,0.009472361254723336
1,0,0.39265822122058874
1,1,0.9626069760255379
1,1,0.6849020194502916
0,0,0.05293861297421658
0,0,0.002746628466329711
0,0,0.41355289831367376
0,0,0.0466901817760062
0,0,0.019545468723243028
0,0,0.0025540391943176866
0,0,0.04729230080609801
0,0,0.4808333758678917
1,1,0.8640382489215762
0,1,0.8232796835544454
1,1,0.877974534392706
1,1,0.9706963761424233
0,0,0.00229402658652794
0,0,0.09705178416926591
0,0,0.01035811335993772
0,0,0.07396818659678693
0,0,0.17709095157399296
0,0,0.005775915217516884
0,0,0.005249087265132904
0,0,0.005604435391770339
1,0,0.32727589295607123
0,0,0.014421740436558146
1,0,0.1220597071957075
0,0,0.030728851589843044
0,0,0.0043754618675227695
0,0,0.008443797296174015
0,0,0.02024418509549365
0,0,0.05287039000673148
0,0,0.12923799858184803
0,0,0.01424390982799867
0,1,0.7697771755441071
0,0,0.08368438795641886
0,0,0.002278807665497279
0,0,0.0010339195086409986
1,1,0.9909006943589924
1,0,0.11721694527290719
0,0,0.07857186909181044
0,0,0.28677456937800433
1,1,0.9759410254258801
1,0,0.3096694189235659
1,1,0.729075483698316
0,1,0.9197429145625096
0,0,0.0017453364840167604
0,0,0.04333741251233193
0,0,0.01033389145365191
0,0,0.01707079584533284
1,0,0.4027369604481127
1,0,0.32513075140478226
0,1,0.7265976758318523
0,0,0.49185310657064807
0,0,0.2499188305153935
1,1,0.9821358237366264
1,1,0.9840845037614581
0,0,0.0118918785744959
1,1,0.9666189794741488
1,1,0.6313688633357234
0,0,0.07611991222961569
0,0,0.009870360285089625
0,0,0.04058129275051319
0,1,0.9541052292736758
0,0,0.13270389790236578
0,0,0.011417399124059252
0,0,0.03845834615897859
0,0,0.0769868833876232
1,1,0.728179945232583
0,0,0.010625822373550592
0,0,0.0015128187722738104
0,0,0.0028638893052161138
0,0,0.0043319202216244995
1,1,0.9512841202415555
0,0,0.0025965686020340824
1,0,0.12775109932261747
1,1,0.9730599299928434
1,0,0.09313505504658201
1,0,0.48161851585860677
0,0,0.1517096601478075
0,0,0.14968225417641634
0,0,0.001922404831953988
1,1,0.8822072931190418
0,0,0.15137413033492894
1,1,0.8439602973657837
0,1,0.5571234521388114
1,1,0.7883376372336343
1,1,0.9619195959487921
0,0,0.017541234636682914
1,1,0.982435682048872
0,0,0.0015186517272907899
1,1,0.9724200329939633
0,0,0.02072308672496123
0,0,0.04478385471277377
0,0,0.029125936639876344
1,1,0.7221340225927836
0,0,0.37906493604897307
0,0,0.2763242911118408
0,0,0.00797628012791279
1,1,0.7745315354006043
0,0,0.0018755346494398158
0,0,0.009223968334930716
1,1,0.8133150680801926
1,0,0.3970788724232931
0,0,0.0025528529626748986
0,0,0.002232231260691958
0,0,0.0011356436365465175
1,1,0.8499974592057001
1,1,0.8931132308042932
0,0,0.00174966455004064
0,0,0.001978213568687956
0,0,0.0392902731904617
1,1,0.8331174880600586
0,0,0.04910678415067448
0,0,0.0022993606891152647
0,1,0.8327242879433517
0,0,0.004081912990793142
0,0,0.007248851792449103
1,0,0.0731329537431723
0,0,0.10363833095444351
0,0,0.004912612972629695
0,0,0.061092858072458525
0,0,0.001522362487050298
0,0,0.003134329507528183
0,0,0.0015148670817568012
1,1,0.9897540476798434
1,1,0.815331875199488
1,1,0.9080281077685274
0,0,0.003776788453136239
1,1,0.9739892193526453
0,0,0.07774223364783152
0,1,0.5216994136724518
0,1,0.781021588292102
1,1,0.7339833540523304
0,0,0.034739144201216376
1,1,0.773613053734018
1,1,0.6520967964537537
0,0,0.41448906127894153
0,0,0.08595351037592154
0,0,0.0013327336210205033
0,0,0.30597259181951625
0,0,0.02335622138899717
0,0,0.011872019510125068
1,1,0.7643671756901046
0,0,0.0030918954981516453
0,0,0.004692084658105222
0,0,0.0013949452226306419
1,1,0.9951264955341728
1,1,0.9574841507241497
1,1,0.8347823032508794
0,1,0.5068366310412874
0,1,0.7062760539887881
0,0,0.025293667442619988
1,1,0.5736819791736358
0,0,0.02303050551536129
0,0,0.03041597111850794
0,0,0.0021196467609624252
0,1,0.7711551792833534
1,1,0.9726931638809523
0,0,0.018183198977580264
1,0,0.20850948979899064
1,1,0.8655445193505149
0,0,0.0037911852785386946
0,0,0.02446509290006538
1,0,0.3482741618661118
0,0,0.3754747712552115
1,0,0.39194798134224446
1,1,0.8380416153894997
0,0,0.0011740908682275621
0,0,0.002543673980610921
0,1,0.5552408357967804
0,0,0.06696114475236939
0,0,0.022617174547487493
0,0,0.012738755479219844
1,1,0.9809141027093364
1,1,0.9904349658767305
1,0,0.49820241233930695
1,1,0.996385165703045
1,1,0.6099295967002752
0,0,0.03753831678142801
0,0,0.003962097621333516
0,0,0.26818012364945476
1,1,0.9767482696517699
0,0,0.030791401692816956
0,0,0.167965644459861
0,0,0.14573641438375087
1,0,0.45361182066009914
1,1,0.8752581872981872
0,0,0.0015128187722738104
1,1,0.5311434378480013
0,0,0.014220396635154146
0,0,0.3969907054149924
0,0,0.0034791487201123864
1,1,0.9481496289103811
1,1,0.9641792353725964
0,0,0.001603571616036688
0,0,0.0016191281067683562
0,0,0.006703822197777861
0,0,0.0013082942585987748
0,0,0.3988586932344981
0,0,0.12216432849757333
0,0,0.004986142360682336
1,1,0.9717061987896422
0,0,0.026234181188143562
0,0,0.013438380949708093
0,0,0.001392916079605159
0,0,0.19994385239175397
0,0,0.0012726321266732976
0,0,0.3085721415062904
1,1,0.8967554977143394
0,0,0.10807750880289631
0,0,0.18621533845619756
1,1,0.8236420116724418
0,0,0.004699631706205334
0,0,0.02434026013525487
1,1,0.5965816651695914
0,0,0.003423975552557737
0,0,0.0010880387941453861
0,0,0.0012763061144030043
1,1,0.9073113216037911
0,0,0.0063726013156935055
0,0,0.011637662650909155
0,0,0.001743945624129425
1,0,0.16287594490120647
1,1,0.6644702644337126
1,1,0.8580837937192026
0,1,0.520900096468321
0,0,0.23857687061814573
1,0,0.25949032415342643
0,0,0.0012451414013976614
0,0,0.227359044043705
0,0,0.0036833570213765186
0,0,0.004020938753433898
0,0,0.0013419426065196475
1,1,0.8865653037864833
0,0,0.0010014358166680333
0,1,0.7986894109271621
0,0,0.08585322423843027
0,1,0.7967413125681244
1,1,0.9204027200636409
1,1,0.9860589732209388
1,1,0.6907113050503317
0,1,0.9617999912752647
0,0,0.0016540850338358848
1,1,0.9362103716800141
1,1,0.8909288444172369
1,0,0.43709017538411604
1,1,0.877974534392706
0,1,0.6813741397168476
0,0,0.0010875179630767955
0,0,0.0016065467895555125
1,1,0.7886118697789117
0,0,0.459644648000009
0,0,0.008464323493676134
0,0,0.003229883839097182
0,0,0.04512004897962528
0,0,0.4613423878566046
0,0,0.0032712579451569493
0,0,0.018863484256780774
0,0,0.021943431074391426
0,1,0.7265099240627468
1,1,0.7032369107562371
0,0,0.002418611706572502
0,0,0.013699347750619843
0,0,0.004103495063204517
0,0,0.0036884416742282936
0,0,0.48003760068423545
0,0,0.001431437435455798
0,0,0.023668615618272285
0,0,0.0024366797621175737
1,0,0.1747005968766616
0,0,0.08853898191692665
0,0,0.06114883626647237
0,0,0.0032317668349409086
0,1,0.5421606947726895
0,0,0.0019404855586493185
0,0,0.2590472370166314
0,0,0.005007829276890103
1,1,0.9957627173994971
0,0,0.003221194196729225
0,0,0.04018328375172295
0,0,0.006244445554824882
1,1,0.9172829270726488
0,0,0.004172511496896883
0,1,0.657048078316464
0,0,0.00274510391501309
0,0,0.05394225381783329
1,1,0.7924626220738034
0,0,0.0013885386056762465
0,0,0.006111971497017584
1,1,0.6339876902969066
0,0,0.0014037688329739148
0,1,0.76789778124726
0,0,0.003706989857938948
0,0,0.10216725374877693
0,0,0.13556856230766698
1,1,0.6290203595065166
0,0,0.023595859655239325
0,0,0.0017835933184544156
1,0,0.3693121849366162
1,1,0.9599108457456029
0,0,0.0018626426102013806
0,0,0.0042468775912181175
0,0,0.022313721247397788
0,0,0.26200106305333903
1,1,0.9493077431819938
1,1,0.973471474708217
1,1,0.9452207307491693
0,1,0.7190312967866229
1,1,0.9889186243930576
0,0,0.001119037372166547
1,1,0.9285393525402291
0,0,0.06195807846594281
0,0,0.1982047975185709
0,1,0.8944198135209022
0,0,0.001874575423140316
0,1,0.840039508276125
0,0,0.011374680335246011
1,1,0.5550502991637577
0,0,0.0016970640103488163
0,0,0.011255917635242455
0,0,0.006621754772469993
0,0,0.0015215825297328655
0,0,0.004476988526388381
1,1,0.9899073262028926
0,0,0.0021942542320046404
0,1,0.873450944685347
1,1,0.9703689609011725
1,0,0.17638122428694122
0,0,0.04132638237081026
0,0,0.32013659996900007
0,0,0.0024946469099425125
0,0,0.2695359132972295
0,0,0.24623979393554893
0,0,0.18576459053578218
1,1,0.9839805415883905
0,0,0.03849512788527855
1,1,0.9864341982177544
1,1,0.98905477464644
0,0,0.007416378565043657
0,0,0.0018731765243140063
0,1,0.6868572000269373
1,1,0.9601923355429242
0,0,0.3639053176109103
1,1,0.7651260196226719
0,0,0.002716421644070604
0,0,0.023830736682555496
0,0,0.0139353276282131
0,0,0.024616156889787983
0,0,0.1773902479818469
0,0,0.0032450785896204894
1,1,0.6044465902477301
1,1,0.8253336163423912
1,1,0.9424188328394174
1,1,0.8209101639677224
0,0,0.26339282006461895
0,0,0.046402031977285756
1,0,0.13093577637137482
0,0,0.004775558419306097
0,0,0.11522493943246723
0,0,0.001992166626516259
1,1,0.6643187576742172
0,0,0.004777126681445035
0,1,0.5766770785985342
1,1,0.906313088913568
1,1,0.9498524564925935
0,0,0.05336811988621412
0,0,0.0039663695717843655
1,1,0.5964386268275997
1,1,0.7638300652761985
1,1,0.7728354048294925
0,0,0.048363491929870016
0,0,0.07215923213311869
0,0,0.009361778512443752
0,0,0.008392032274622069
1,1,0.881140077256651
0,0,0.33744094037052763
1,0,0.04555493834468013
1,1,0.8099720430170666
0,0,0.002141238501217855
1,0,0.3453509502116169
0,0,0.010537872177210736
0,0,0.032437209243121726
0,0,0.008617259506571412
0,0,0.007920594633710223
1,0,0.3648965193658507
1,0,0.33122337573189276
0,0,0.03148556027996383
1,1,0.9050260371580314
0,0,0.07819211609615602
0,0,0.2837848073240025
0,0,0.010800998219867582
0,0,0.0029502264293572843
0,0,0.0009886259529180784
0,0,0.17782564588326008
0,0,0.0026367589119302703
1,1,0.5073243305425318
0,0,0.0024981868019189474
0,0,0.002280548605370853
0,1,0.5067173853031766
0,0,0.001706958115203064
1,1,0.7408799783951638
1,1,0.983735015869693
0,0,0.05785333678446411
0,0,0.02175618453494653
0,1,0.8246975385051288
0,0,0.002900827043660049
0,0,0.0018438226205036812
1,1,0.8621882055670814
0,0,0.005662148697525352
1,1,0.5675133887732225
0,0,0.002376499110818945
1,0,0.24302447187835874
0,0,0.207084233113665
0,0,0.0024027764474888005
0,0,0.00577508839188207
0,0,0.02425324873498188
0,1,0.5867804212439777
0,0,0.0012799341320256102
0,0,0.04485381114710618
0,0,0.0017408493575966186
1,1,0.5785392666701806
0,0,0.009217254937797532
1,0,0.3142971893115061
0,0,0.0010610539414982261
1,1,0.9305441657852369
0,0,0.009452380984410192
1,0,0.353566980337033
0,0,0.0012565660600273366
0,0,0.046750014136901184
1,1,0.910964862616844
0,0,0.10663877494273567
0,0,0.014829953729773426
0,0,0.001671323082580092
0,0,0.007736277349500845
1,1,0.8610311356484719
0,0,0.025730570140552616
0,0,0.0018792680538033406
0,0,0.0062466911909591525
0,0,0.0015529169773041236
0,0,0.1707744383750077
0,0,0.001344862224330889
1,1,0.9634049236224604
0,0,0.0015195093981695514
0,0,0.0019908337979530634
1,1,0.6536953265363009
0,0,0.03912271678617259
1,1,0.8338698186776123
0,0,0.011653841828387761
0,0,0.3312582984705435
1,1,0.994654074096519
0,0,0.006193186650482822
0,1,0.8013667195327479
0,0,0.2550803106202749
0,0,0.004279539921405575
0,0,0.0011475625248319433
0,0,0.013335193536987273
0,0,0.011321954766184245
0,0,0.04183692594878221
1,1,0.9315326211899888
0,0,0.3193596696089022
1,1,0.9920381099467551
0,0,0.0019672404391832777
1,1,0.8558989623676228
1,1,0.8766897826660401
0,0,0.0016270366393357407
1,1,0.8784310255961056
1,1,0.5984396113065622
0,0,0.017947224359509642
0,0,0.009195498843259667
0,0,0.003760800190736143
0,0,0.0031603176837818395
0,0,0.0012670874668947979
0,0,0.02717440739935123
0,0,0.001344862224330889
1,1,0.8950206519981282
0,0,0.001415437902793559
1,1,0.9257020302876783
0,0,0.02308175834276068
0,0,0.03644418448119433
1,0,0.4639067950349742
1,1,0.9900575836278275
1,1,0.6251722748778985
0,0,0.026554616468665932
1,1,0.9615230067411744
0,0,0.004346717255625643
0,0,0.37872820043767913
0,0,0.44230838879490975
0,0,0.0010460043355107096
0,1,0.6128374886917821
0,0,0.018228039657871193
0,0,0.3530714130437462
1,1,0.8214840608014443
0,1,0.5896692701403821
0,0,0.1501096849263134
1,1,0.7816521248070687
1,1,0.6825172078858704
0,0,0.06278762226700932
0,0,0.032134709728330095
0,1,0.5043249014996655
1,0,0.09158327373912961
1,1,0.5147790903767328
0,0,0.04512004897962528
0,0,0.14968548483057859
0,0,0.007572659867023119
0,0,0.001548091354030117
1,0,0.3170065614845862
1,0,0.19851251181867832
1,1,0.9886710819056869
0,0,0.09912400548129743
0,0,0.001106337339270411
1,1,0.9841762128444164
1,1,0.9543023535916553
0,0,0.0017059179902321811
0,0,0.05027025857497951
0,0,0.0030476025365769014
0,0,0.2037717198683783
1,1,0.8003998845175054
0,0,0.04296724965115516
1,1,0.9633966085016017
0,0,0.0016188627559675273
0,0,0.026310401011772417
0,0,0.001472961792742142
0,0,0.22293227754866188
0,0,0.0013735724076403561
1,1,0.9878004851194747
0,0,0.002418611706572502
1,1,0.5904023913625192
0,0,0.06895357534955533
0,0,0.00810448976050822
0,0,0.14456985948894116
0,0,0.0013729427906194853
1,1,0.9967489632243072
0,0,0.005009898169830943
0,0,0.0021538106219591703
0,0,0.14051251325220027
0,0,0.02271062921605742
1,1,0.9963703136081051
0,0,0.002651826975598272
0,0,0.3276257509595428
1,1,0.76789778124726
0,0,0.002146962517236336
0,0,0.17430659928550882
1,1,0.9963424432760828
1,1,0.6806178506316578
0,1,0.5371997025627396
0,1,0.7226600817394299
0,0,0.1252549729361977
0,0,0.01506580900652197
0,0,0.002281843760246092
0,0,0.01196796683538003
1,1,0.6759599296036214
0,0,0.00331994797079317
1,1,0.6990303340163113
0,0,0.004827864172614852
0,0,0.012397153292434787
0,0,0.002597930744237372
0,0,0.0016188627559675273
1,1,0.8575115844733187
1,1,0.8437239326123174
1,1,0.9499841530639059
0,0,0.21703968729130937
1,1,0.894295035917789
0,1,0.7975600333634174
0,0,0.00213373962922095
1,1,0.6100258729829011
0,0,0.008283646522155842
0,0,0.0016350579855181854
0,0,0.001435881218637117
0,0,0.0016622680472976985
0,0,0.35972006866914646
0,0,0.19223245939118153
0,0,0.0012069140415611607
0,0,0.05132962004642678
1,1,0.9660404701001443
0,0,0.0017501990850176217
0,0,0.004493371616681174
1,0,0.3816809979660284
1,1,0.6287031862028606
0,0,0.12184367444009125
0,0,0.002315885213181479
0,1,0.5735463443057462
0,0,0.0016188627559675273
0,0,0.3745866118306467
1,1,0.9710088488304633
0,1,0.5194825912861158
0,0,0.0019285916321245648
0,0,0.025966927851734937
0,0,0.07836701626294727
1,0,0.4278441727571714
0,0,0.2080961442640745
0,0,0.30002020412886765
0,0,0.3648965193658507
0,0,0.001319176807089937
0,0,0.001905604498916498
0,0,0.16899272848505334
0,0,0.0015042062843730747
0,0,0.30106861532213675
0,0,0.43249055299458783
0,0,0.0029571061645940395
0,0,0.016098425998712872
1,1,0.8219259197323557
0,0,0.0086056505718244
0,0,0.06193897078786224
0,0,0.0031433570335987625
1,1,0.9690214875801183
1,1,0.666514528994174
0,0,0.01912179438775209
0,0,0.1548661954048988
0,1,0.6309414720691563
0,0,0.004267202815148276
0,0,0.24081519853676445
0,1,0.526813081319201
0,0,0.005252782657968268
1,1,0.7504365687149678
0,0,0.054237178024392964
0,0,0.3509530615402274
1,0,0.12997454150854104
0,0,0.019816846268058463
0,0,0.0018379498583633094
0,0,0.002587932146350815
1,1,0.945682898512532
1,0,0.34820266274095435
1,1,0.6826196225957302
1,1,0.9670373270292767
0,0,0.00606198028852708
1,1,0.9205953660227143
0,0,0.030506153892063646
0,0,0.28242313645271605
0,0,0.0021943840190972504
0,0,0.009154400671204554
1,1,0.9238436065064553
0,0,0.23054680516386927
0,0,0.0013402797769137959
0,0,0.0034189097748339157
1,1,0.9401510508208347
1,1,0.9838510625939881
0,0,0.0022270952646360085
1,1,0.5383418439904447
0,1,0.6048316845972295
1,1,0.7028845039674506
0,0,0.015229702806870131
0,0,0.02688442797958721
0,0,0.001940922802005986
1,1,0.989035999594098
1,0,0.3759042783035826
1,1,0.7939623839051497
1,1,0.9973865565582819
1,0,0.43607342320720477
1,1,0.7375715255707669
0,0,0.0019027810558302715
1,1,0.6942086422085255
1,0,0.23529782840548072
0,0,0.006261562993021893
0,0,0.001531785729385872
0,0,0.001962242193917721
0,0,0.001282028718740879
0,0,0.3529880587471585
0,0,0.07629459094144009
0,1,0.573896040024226
1,1,0.9022954328550933
1,1,0.67680740504857
0,0,0.0016009115781588682
0,0,0.002166340424478705
0,0,0.04103132124136943
0,0,0.4303375051202979
0,0,0.0017704411442272942
0,0,0.009484859709359526
0,0,0.010076992097240984
0,0,0.04652080797940744
1,1,0.934379118522833
0,1,0.6794986580800901
0,0,0.008138817186220353
1,1,0.8698837169561936
0,0,0.27856960857403396
0,0,0.004205557871423463
0,0,0.02196491027981456
0,0,0.01170142962927567
1,1,0.9897875833452887
0,0,0.002091702552481308
1,0,0.46119143620080094
1,0,0.2211726095462855
0,0,0.001890575882634759
1,1,0.7220561091764293
0,0,0.0014798204029716582
1,1,0.9968460389027652
0,0,0.004627969839665401
0,0,0.013764914027067239
1,1,0.5891448942785193
1,1,0.9475780705741664
0,0,0.0036758088663213936
0,1,0.6766207775977113
1,1,0.9954957873460936
1,1,0.9745471441947026
0,0,0.003209025102288485
0,0,0.001864497181117925
1,1,0.9915951360794982
1,1,0.9738304990281399
1,1,0.9053625008649911
0,0,0.02580044193210091
0,0,0.018347489361221277
0,0,0.05666912363586776
1,1,0.5553962099865499
0,0,0.003080833516949527
0,0,0.3214262420534976
0,0,0.02448791177517886
0,0,0.11465938730826744
0,0,0.040690481450728254
1,1,0.9070295868418026
0,0,0.19574738205223452
0,0,0.003032781596184812
0,0,0.006403050468354196
0,0,0.25628947897951854
0,0,0.009207454085890293
1,0,0.3509082468193538
0,0,0.04863196213492344
0,0,0.0025387256921465774
1,1,0.8352161139581853
0,0,0.065006772108502
1,1,0.6537528378937353
0,0,0.007521757138664699
0,0,0.27378423566359694
0,0,0.4628309489769975
0,0,0.0009986615610014806
0,0,0.06522268053658095
0,1,0.852836925071819
0,0,0.012626387465332163
0,0,0.15256271177924854
0,0,0.3404514433167449
1,1,0.9960048001197874
0,0,0.19882449303055458
0,0,0.001443487222067378
0,0,0.013648748093637265
0,0,0.4290374421773152
0,0,0.008775541445011819
0,0,0.0014037688329739148
0,0,0.0011553156697109582
0,0,0.4388955641044848
1,1,0.7702603198681489
1,1,0.9949876748360862
0,0,0.04637393047482674
0,0,0.020100921155908485
0,0,0.0903297847547209
1,0,0.4586282651795538
1,1,0.505330008719082
1,1,0.9811701312417223
0,0,0.0017278713759293631
0,0,0.002207900720478973
0,0,0.005091730772933818
1,1,0.8410071905310135
0,0,0.4371652182165027
0,0,0.3979979198430925
1,0,0.27125942554933846
0,1,0.6262685924154174
0,0,0.002671964965095426
0,0,0.001343897205903159
0,0,0.0019656612380975903
0,0,0.005292158046430312
0,0,0.017082554953734265
0,0,0.008148086200174362
0,0,0.46035177200157024
0,0,0.011080259936789802
0,0,0.0020066355126538513
0,0,0.002045211600317605
0,0,0.00553188775634247
1,1,0.9413028873185741
0,0,0.0039822840768786475
1,1,0.5454674306275283
1,1,0.9594629282308086
0,0,0.001796278327879447
0,0,0.010179693529439357
1,0,0.0645480816043869
1,1,0.8723470397690009
0,0,0.0387487090183029
0,0,0.16339230118148448
0,0,0.003737188345064721
1,1,0.6764716286155881
0,0,0.06978017725064746
0,0,0.016755033295666164
0,0,0.0035948812570413637
0,0,0.008041420003943934
0,0,0.03842237529000787
1,1,0.9693226501819372
1,1,0.7167637103109518
1,1,0.9843080783388942
0,0,0.0020025787655799728
0,0,0.07030304224670829
0,0,0.002306237488609817
0,0,0.002761621988506681
0,0,0.0031276880888005897
0,0,0.0031471429252439118
1,0,0.48718679728387265
1,1,0.8182916553177052
0,0,0.04729035284274943
1,1,0.9387048708992696
0,0,0.002456895836685012
0,0,0.0022271987418752016
1,0,0.42261553077138203
0,0,0.0016197182702702697
0,0,0.002098854278658576
1,0,0.10448235411543294
1,1,0.7179690726357774
0,0,0.0023532117892510495
1,1,0.9740650737915497
0,0,0.0013067853409739092
1,1,0.886484776250467
1,1,0.9904268283446662
0,0,0.051409483029891186
1,0,0.21129160174926567
0,0,0.0031757155986145294
0,0,0.005212065533159385
0,0,0.04966002087251644
0,0,0.00501683943722217
1,1,0.9893111428925371
0,1,0.6075298722379213
0,0,0.00236018004130663
1,1,0.8626577750998518
0,0,0.07108909300227854
0,0,0.0067116498103214775
0,1,0.6123705426685291
1,1,0.6650619126626143
0,0,0.013085076045118885
1,1,0.9820919340061044
0,0,0.41436816303468993
0,0,0.01777521091933356
0,0,0.0025984438509395326
0,0,0.014528375842603762
0,0,0.002057167814175864
0,0,0.0013967570717817127
0,0,0.009679235399632216
1,1,0.9912787335321491
0,0,0.15591897062984814
0,0,0.0032993423329558996
0,0,0.32774675605645087
0,1,0.8902853949518688
0,0,0.3996639010304349
0,0,0.0021820597868253684
0,0,0.0050007442571513485
0,0,0.006244445554824882
0,0,0.012586858863725882
0,0,0.3174368712713148
0,0,0.03954696036257667
0,1,0.8808382876065285
1,0,0.39600860307011526
0,0,0.004415497542535205
0,0,0.03589980814146381
0,0,0.0020493494938338915
0,0,0.004984640939535669
0,0,0.009515626717400841
1,1,0.9783046006551217
1,1,0.7480178183299764
0,0,0.0021308595371803303
0,0,0.02734223928217226
0,0,0.004776461516664406
0,0,0.0729830248324059
0,0,0.001833571389913365
0,0,0.0014480118293632948
1,1,0.9943473319337385
0,0,0.009688837668180983
0,1,0.620847677930639
0,0,0.00361668124747646
0,0,0.002058374175868858
1,1,0.563542128050184
0,0,0.0013750028454003842
0,0,0.0025147675866400323
1,1,0.8179774113312814
1,1,0.969577697288142
0,0,0.001419461679784623
0,0,0.002485903360138359
1,1,0.8328345702133835
1,1,0.9954389679997027
0,0,0.005585437148482712
1,1,0.5376949889150986
0,0,0.003464570623405487
0,0,0.04706812100377781
0,0,0.04580153307630921
0,1,0.6843215599347713
1,0,0.07774223364783152
0,0,0.23192633606196925
1,1,0.8882097324036483
0,0,0.0014024686556892495
1,1,0.6858989857132218
0,0,0.0014222582468490159
0,0,0.0326594640852248
0,1,0.5844417289215706
1,1,0.9664650892615254
0,0,0.002282760519996332
0,0,0.0032026521581129896
0,1,0.7459817483950159
0,0,0.2642465309103959
0,0,0.03716276181080597
1,1,0.6875619372218096
0,0,0.41483217875158146
0,0,0.42679079350474
0,0,0.006901810784187704
0,0,0.1778158904805034
0,0,0.0222428944874493
0,0,0.0016330332865475273
0,1,0.6195265147237035
0,0,0.009240413920295659
0,0,0.12685888451155364
0,0,0.005578837742586867
0,0,0.07399720498965508
1,1,0.8181882555610919
1,1,0.9486535483893892
0,1,0.8677211512734676
0,0,0.018871483215231723
0,0,0.141116180412781
0,0,0.002862196529076105
0,0,0.0013387887149125285
1,1,0.5336208891019714
0,0,0.0036849179401819256
0,0,0.022162983574753645
0,0,0.2939736257649497
0,0,0.31473727745514185
0,0,0.018347489361221277
0,0,0.0033962648672288182
0,0,0.25726481511489485
1,0,0.12636553876375825
1,0,0.35774323053058454
0,1,0.5156733398896917
1,1,0.8078280530980914
1,1,0.9800924183502532
1,1,0.9936069986244759
0,0,0.0043319202216244995
0,0,0.0019210727705329502
1,1,0.8642500602042671
0,0,0.038668392217755865
0,1,0.7238289075009018
1,0,0.2984148536114037
1,1,0.9654686807324555
1,1,0.6247563715058831
0,0,0.003930884398947431
0,1,0.529345098670703
0,0,0.2512454693625992
1,1,0.8416165950045578
0,0,0.4054642232097828
1,1,0.8508442776323564
1,1,0.8199918204375767
1,1,0.9089783123014479
0,0,0.01561609489879857
1,1,0.9933948399365594
0,0,0.001867434984526481
0,0,0.02618332469505354
0,0,0.0020252758336282467
0,1,0.7427056333191359
0,0,0.008036749716024806
0,0,0.00269007372495376
1,1,0.8071309130022671
1,1,0.9753141738209997
0,0,0.04026043794030043
1,1,0.900530090262646
0,0,0.00297497605859962
1,1,0.9581581640843037
0,0,0.005353030818517474
0,0,0.009677096288038499
0,0,0.001363733297760785
1,1,0.7799191081043294
0,0,0.4680358921430648
0,0,0.08079318438921536
0,0,0.008338025911637825
0,0,0.08199504379336418
0,0,0.006415262787167551
1,1,0.9402109228012747
1,1,0.9965233857485845
0,0,0.010122464168498253
0,0,0.04550164021617973
1,0,0.3214992251636137
0,0,0.4452088293680369
0,0,0.019594782070677497
0,0,0.10548378142256988
1,1,0.5036585075035556
1,1,0.9176552436945586
0,0,0.12925593546099223
0,0,0.006068380664468802
0,0,0.003041048806816114
0,0,0.26848121779289197
0,0,0.001701453565822213
1,1,0.7745386990670057
1,0,0.4892640108117369
0,0,0.001612692305326565
0,0,0.007994716547482263
0,0,0.024705832575280015
1,1,0.8879043225890505
0,0,0.07210382889721777
0,0,0.06922753376058857
0,1,0.5855115065721087
0,0,0.002916160694827
0,0,0.03700313618045686
0,0,0.0015574388013589902
1,1,0.5331324403193555
0,0,0.40996817322232226
0,0,0.0010608535790220374
0,0,0.0040101373099321255
0,0,0.0028092054046763492
0,0,0.3166172763042372
0,0,0.0021940030174295404
0,0,0.0015313620570813807
1,1,0.9265933873678851
1,1,0.8820727223026128
1,0,0.06479788678379372
0,0,0.001796299138679258
0,0,0.4576186318216209
0,0,0.007644373670717652
0,0,0.188146963838122
1,1,0.9751947818891126
0,0,0.061092858072458525
0,0,0.25196797403004956
0,0,0.0016550125192769875
0,0,0.0014931870015631005
0,0,0.0022547542852975537
0,1,0.5352677380301243
1,1,0.8519833179495849
1,1,0.9936445385105894
0,0,0.04226112354260505
0,0,0.004011957987142026
1,1,0.9873167402274052
0,0,0.0033632522315748155
1,1,0.7766401436346472
0,1,0.6810033707426019
1,1,0.6008791704341427
0,0,0.0016806812292481145
1,1,0.8323992108015511
0,0,0.0019356243369525554
0,0,0.002448493067174126
0,0,0.013988081045141576
0,0,0.0016260484838620112
1,1,0.5561972673273134
1,1,0.5489298952350655
0,0,0.0021711387574462632
0,0,0.005121357966483582
1,1,0.6503880066597405
1,1,0.9606211543883257
0,0,0.24704562544099976
0,0,0.025959973033943807
1,1,0.8736959507005851
1,1,0.5961920229067911
0,0,0.0018562076830782245
1,1,0.9737691505790926
1,1,0.9362222793000559
0,1,0.9705868636059033
1,1,0.8452515585514961
1,1,0.9933410313517401
0,0,0.0015255934490196361
1,1,0.9789092288479996
1,1,0.9891386657176058
0,0,0.0033292957321867044
0,0,0.046402031977285756
0,0,0.004552565313268651
0,0,0.001221440029263283
0,0,0.0024117016926355306
0,0,0.0021500469916522023
1,1,0.9395466899191115
0,1,0.5052499918044974
0,0,0.002584645614627506
1,1,0.9958702911591867
0,0,0.10521883256220721
0,0,0.0016707194751320745
0,1,0.8696844929295672
1,0,0.0809821818854464
1,0,0.008617259506571412
1,1,0.7426157263145776
0,0,0.4808333758678917
0,1,0.5784919648386602
0,0,0.1701422226915691
0,0,0.0021512086567626516
1,1,0.7781406701982928
1,1,0.9931661957382258
0,0,0.0019755363478474656
1,1,0.9446149634710419
0,0,0.30744000101065777
0,0,0.003263861518207971
0,0,0.013699347750619843
0,0,0.45054946303948645
1,1,0.9273201950020656
0,0,0.3133431802841535
1,1,0.7248293458410919
1,1,0.52382511491529
0,0,0.0017346459317188069
0,0,0.006945491250045281
0,0,0.008695310156572222
1,1,0.9518174735648226
1,1,0.9311880981087668
0,0,0.012480832787454795
0,0,0.020888593311072824
0,0,0.07856148400987913
0,0,0.0015076346876907627
1,1,0.9970941761475425
0,0,0.39473244699402393
1,1,0.9748470847797522
0,0,0.0029340784901735993
0,0,0.01618034040569019
1,1,0.9088818646003884
0,0,0.002066690419911968
0,0,0.0011412682213941471
0,0,0.2904786928271793
1,1,0.8950737180975713
0,0,0.004567187665474637
0,0,0.005525098617490705
1,1,0.9838245595825744
0,0,0.001263192168992164
0,0,0.0017796746242723115
0,0,0.008118215833498758
0,0,0.30790961638609293
1,0,0.44917297982102794
1,1,0.94595379394009
0,0,0.4049616904271457
1,1,0.9817401983316134
1,1,0.8943265872906433
0,0,0.01603687502578278
1,1,0.7307298309061897
0,0,0.47131724033929084
0,0,0.001015459327083249
0,1,0.638008789027662
1,1,0.8436051397825196
0,0,0.002366467366794062
0,0,0.0014285625727392462
0,0,0.0014711504150840846
0,1,0.9633681541782911
1,1,0.7408800002451177
0,0,0.006467679427086198
0,1,0.8506548886641911
1,0,0.4473120582426664
1,0,0.4403059143717044
0,1,0.6754627933189837
0,0,0.0010954841797262077
0,0,0.004034111154064758
0,0,0.001017704096185834
0,0,0.002397616684946233
0,0,0.0032781147841104107
1,1,0.8869951991716499
0,0,0.14939218618830058
0,0,0.21933674706113887
1,0,0.0610975896294154
0,0,0.005121357966483582
1,0,0.4429641256974438
1,0,0.2439744363009719
0,0,0.1397861196801807
0,0,0.002421870128294325
1,1,0.9948173932982205
