y_true,y_pred,residual
12,3.307352942063158,8.692647057936842
90,59.39002995322108,30.60997004677892
29,15.293698798932086,13.706301201067914
81,63.08427632942059,17.91572367057941
62,60.798058794270986,1.201941205729014
37,35.712493021177615,1.2875069788223854
35,35.81794032739566,-0.8179403273956609
42,40.99733484114847,1.0026651588515278
19,20.13424270100589,-1.1342427010058884
0,2.5754130367532437,-2.5754130367532437
64,57.07689965002001,6.92310034997999
70,71.00595046544747,-1.0059504654474694
0,30.576403974641863,-30.576403974641863
31,21.847502795820205,9.152497204179795
62,51.464997894915605,10.535002105084395
46,45.41787964390566,0.5821203560943431
0,41.64454045532955,-41.64454045532955
61,44.36356535421923,16.636434645780767
22,21.734115847632065,0.26588415236793495
21,20.800508672174107,0.19949132782589274
38,41.93240425316591,-3.932404253165913
43,27.460929967813072,15.539070032186928
63,27.514139146778618,35.48586085322138
56,67.06575783226434,-11.065757832264339
40,37.72686922506111,2.273130774938892
49,35.966093380145416,13.033906619854584
31,30.982985761016746,0.01701423898325416
78,64.55564247411674,13.444357525883262
12,7.5950221639636935,4.4049778360363065
21,19.698684421261373,1.3013155787386275
33,35.298129836654574,-2.2981298366545744
79,44.980328287673686,34.019671712326314
30,28.11397781222255,1.8860221877774492
0,0.890407411796202,-0.890407411796202
20,24.03163559288896,-4.031635592888961
27,34.42866815286645,-7.42866815286645
0,31.145817001132233,-31.145817001132233
32,40.9138622630443,-8.913862263044301
60,65.04632985190042,-5.046329851900424
17,16.42969108768862,0.5703089123113791
22,14.29475278706891,7.70524721293109
70,46.240283998950616,23.759716001049384
20,20.759853182874675,-0.7598531828746751
1,12.057916478522918,-11.057916478522918
0,0.23029092126234915,-0.23029092126234915
47,31.68004094900485,15.319959050995148
52,52.98445788898453,-0.9844578889845295
1,5.632577849775846,-4.632577849775846
35,34.97723571794251,0.02276428205748715
28,20.326594857091198,7.673405142908802
27,22.11689971288727,4.883100287112729
51,37.54373994888176,13.456260051118242
17,21.23565995428562,-4.2356599542856195
44,50.64435315182251,-6.644353151822507
35,35.78170718919811,-0.7817071891981087
44,28.60440073481564,15.395599265184359
10,10.448805837644782,-0.4488058376447821
10,11.815911305170562,-1.8159113051705624
56,50.96146285964067,5.038537140359331
14,14.381885010213797,-0.3818850102137965
17,17.75519700921828,-0.7551970092182785
14,13.780571970862189,0.219428029137811
28,27.380394840634768,0.6196051593652321
45,47.545852207270855,-2.5458522072708547
34,33.70852302777839,0.2914769722216093
51,49.457235569589756,1.5427644304102444
35,37.33390118899088,-2.333901188990879
53,43.23056375601355,9.769436243986448
73,70.9159346932194,2.0840653067806016
62,51.93258914705386,10.06741085294614
37,36.804906189553414,0.19509381044658625
13,8.629104775674172,4.370895224325828
68,63.71856022537127,4.28143977462873
35,33.22682023626466,1.7731797637353424
2,2.0098474351608746,-0.009847435160874607
73,65.17428623387117,7.825713766128828
67,52.34782612564499,14.652173874355007
0,2.864411010635004,-2.864411010635004
44,35.66867644116305,8.33132355883695
20,0.9283542953265888,19.07164570467341
46,45.020183512565374,0.9798164874346256
75,61.83399732815517,13.16600267184483
36,42.49844653259667,-6.498446532596667
15,13.714981620484473,1.2850183795155274
5,8.686537635849637,-3.6865376358496373
54,54.588404467844725,-0.5884044678447253
60,61.20806335991031,-1.2080633599103123
70,43.079761991660085,26.920238008339915
62,37.33683560767513,24.663164392324873
57,57.60969556522262,-0.6096955652226228
53,61.10844517936999,-8.108445179369987
43,41.91249184480786,1.0875081551921397
32,31.715474266785822,0.28452573321417773
72,66.24331285188072,5.756687148119283
53,31.73856650099948,21.26143349900052
20,21.255018233495697,-1.2550182334956972
32,20.286834507203675,11.713165492796325
0,29.39895064371004,-29.39895064371004
47,48.77198583199565,-1.77198583199565
35,29.53402815933525,5.46597184066475
13,27.067370573316765,-14.067370573316765
27,33.5564080287188,-6.556408028718799
50,56.25300139238373,-6.25300139238373
43,41.99986574626164,1.0001342537383593
0,29.354312161356443,-29.354312161356443
55,50.7813878373096,4.218612162690398
17,24.213136424076925,-7.213136424076925
54,51.020321886507794,2.9796781134922057
23,58.95777213256455,-35.95777213256455
11,12.024734577756233,-1.0247345777562327
0,39.46840953292591,-39.46840953292591
56,65.71355218999315,-9.713552189993152
11,9.654392325501835,1.345607674498165
18,18.10418583021663,-0.10418583021662897
52,40.885782386563946,11.114217613436054
60,57.36699865694502,2.6330013430549783
9,8.538945132163429,0.46105486783657135
3,9.288260493331748,-6.288260493331748
82,68.06699299558498,13.933007004415018
65,62.5097820824305,2.4902179175695025
29,42.05985668451607,-13.05985668451607
0,12.661025033076069,-12.661025033076069
65,70.47250754618061,-5.4725075461806085
53,34.323934837180914,18.676065162819086
34,35.2119826028343,-1.211982602834297
51,57.35936155777817,-6.359361557778172
45,36.7991069304193,8.200893069580701
0,0.9517480896346875,-0.9517480896346875
75,58.07635705550929,16.92364294449071
55,40.41411036275675,14.585889637243248
0,4.838990230898507,-4.838990230898507
63,62.66570231306027,0.3342976869397276
77,54.7909118661262,22.2090881338738
0,0.2790240347564647,-0.2790240347564647
0,0.36367565483012143,-0.36367565483012143
0,8.419482678627778,-8.419482678627778
30,36.53750852746245,-6.53750852746245
20,17.017932828588773,2.9820671714112272
85,54.82860489568684,30.171395104313163
49,52.422231710031376,-3.422231710031376
34,33.98866393598923,0.01133606401077003
23,35.253504339277306,-12.253504339277306
48,30.965854763260428,17.034145236739572
40,36.94689042494372,3.0531095750562827
46,45.437754152527106,0.5622458474728944
23,21.2885467505503,1.7114532494497006
0,0.8269054732972259,-0.8269054732972259
77,10.315241375947279,66.68475862405272
0,14.4655294848836,-14.4655294848836
41,39.37470241060707,1.625297589392929
47,50.21744344739459,-3.2174434473945865
50,51.70037555835939,-1.70037555835939
20,21.0293353853833,-1.0293353853832983
30,32.09638261687221,-2.096382616872212
46,46.52041679775484,-0.5204167977548408
59,60.64110652043521,-1.6411065204352084
36,17.00288488321496,18.99711511678504
36,34.63283668456901,1.367163315430993
33,33.6283707986705,-0.6283707986705025
33,32.87524124221509,0.1247587577849103
53,57.57215581934,-4.572155819339997
47,52.88929445668134,-5.889294456681341
27,27.39809145332874,-0.39809145332873896
69,61.936065214378445,7.063934785621555
11,28.904325109725107,-17.904325109725107
17,40.35266223329989,-23.35266223329989
54,58.53494008842039,-4.534940088420392
3,45.49581635208588,-42.49581635208588
48,36.13844354398553,11.861556456014469
1,2.077509839021867,-1.0775098390218671
77,66.66936482010489,10.330635179895111
0,0.6579153113613385,-0.6579153113613385
96,54.0412779418706,41.9587220581294
22,21.950947537577918,0.0490524624220825
54,49.56944271050714,4.43055728949286
55,52.1309901016968,2.8690098983031973
90,79.80762162146272,10.192378378537285
0,57.65954448392521,-57.65954448392521
11,10.685191873496079,0.3148081265039213
44,19.917327052366407,24.082672947633593
85,72.84648464970866,12.153515350291343
66,57.27244144845239,8.72755855154761
55,35.52233210158164,19.47766789841836
37,33.92960371023101,3.0703962897689934
0,14.676504724400079,-14.676504724400079
40,45.76205036246585,-5.76205036246585
63,73.83985009315688,-10.839850093156883
32,31.608322259172436,0.39167774082756424
20,24.64023976366075,-4.640239763660752
23,39.77747306812573,-16.77747306812573
64,47.516479750455936,16.483520249544064
53,59.18806705628836,-6.188067056288361
0,0.2429212966344695,-0.2429212966344695
52,52.21929754014298,-0.21929754014298197
0,1.0031783222504873,-1.0031783222504873
34,20.33867991868519,13.661320081314809
61,49.971706426360285,11.028293573639715
0,3.757703423095631,-3.757703423095631
41,37.252257274512594,3.747742725487406
39,40.295161723203826,-1.295161723203826
39,39.17062407090052,-0.1706240709005229
39,40.93797402198795,-1.937974021987948
22,25.310210222730266,-3.310210222730266
27,27.75421010976268,-0.7542101097626812
15,24.718876702243104,-9.718876702243104
67,53.00230395432136,13.997696045678637
63,64.24595852052626,-1.2459585205262584
41,30.03952556946209,10.96047443053791
62,44.9924115275801,17.007588472419897
33,34.37438010402399,-1.3743801040239916
74,74.06798503897747,-0.06798503897746855
17,15.470987928083572,1.5290120719164282
31,29.446697802038468,1.553302197961532
52,43.311004056316285,8.688995943683715
67,59.800648178136036,7.199351821863964
56,47.57254385740754,8.427456142592462
65,59.881510376061385,5.118489623938615
23,21.39641849924848,1.6035815007515204
36,54.450351378540546,-18.450351378540546
0,2.882284798160736,-2.882284798160736
17,16.958228788812306,0.04177121118769378
0,1.1513871857593974,-1.1513871857593974
78,75.68401895191452,2.315981048085476
71,62.627535084236115,8.372464915763885
70,68.25359066461455,1.7464093353854508
54,50.99502790158322,3.004972098416779
0,38.073037330885356,-38.073037330885356
35,35.53318620713708,-0.5331862071370779
66,46.804142206340345,19.195857793659655
51,36.59359133088002,14.406408669119983
36,31.678486986028584,4.3215130139714155
62,47.03241117349927,14.96758882650073
0,9.457122815733925,-9.457122815733925
83,74.27664716806247,8.723352831937532
54,54.48072598737788,-0.4807259873778804
46,45.867187896450375,0.13281210354962525
81,68.96400411897073,12.035995881029265
59,58.78302172315351,0.21697827684648985
19,20.14487300593115,-1.1448730059311494
60,56.358671769832995,3.641328230167005
31,30.08102481200677,0.9189751879932295
18,16.94751990647988,1.0524800935201206
21,18.58813456164821,2.4118654383517892
35,36.2357336741168,-1.2357336741168012
47,34.344904009096766,12.655095990903234
33,33.093491156763534,-0.09349115676353392
55,34.182014127686166,20.817985872313834
49,55.72482457730155,-6.724824577301547
42,36.83395701733558,5.166042982664422
36,33.70081811562951,2.2991818843704905
24,18.743674192231513,5.256325807768487
0,1.8137864179005765,-1.8137864179005765
18,26.2572975720355,-8.257297572035501
53,37.65299214170713,15.34700785829287
77,72.09367533339207,4.906324666607929
61,66.98198084173231,-5.981980841732309
25,20.539923319986283,4.460076680013717
0,0.5274197243156066,-0.5274197243156066
46,43.4476222635694,2.5523777364306
33,56.44054342746423,-23.440543427464227
21,11.576115359625764,9.423884640374236
15,14.759840506575394,0.2401594934246063
61,45.72303734251201,15.276962657487992
52,37.40544343894274,14.59455656105726
63,60.184773224933515,2.8152267750664848
59,44.48300079483443,14.516999205165568
73,73.15881901910018,-0.1588190191001786
0,0.4302845149462341,-0.4302845149462341
41,36.80377149498378,4.196228505016222
38,26.914823527381802,11.085176472618198
32,30.961328341087903,1.0386716589120972
44,60.41193570990008,-16.411935709900078
68,62.61212614065181,5.38787385934819
36,31.166696006251158,4.833303993748842
0,5.680798021473549,-5.680798021473549
80,69.3922091784224,10.607790821577595
15,29.5037714959176,-14.5037714959176
17,19.965153311045423,-2.965153311045423
49,48.96949718315185,0.030502816848148484
23,22.3968406336143,0.6031593663857002
29,37.47276119076303,-8.47276119076303
0,44.38672742214662,-44.38672742214662
16,18.199323550984445,-2.1993235509844453
0,29.026617311377407,-29.026617311377407
63,62.79008262324277,0.20991737675723243
36,36.14148758263974,-0.1414875826397406
14,17.725211276016836,-3.725211276016836
37,20.502351452659223,16.497648547340777
47,46.84906776415806,0.15093223584194249
42,52.01864447900111,-10.01864447900111
2,10.048043815892806,-8.048043815892806
70,43.08393457801623,26.916065421983767
49,56.537877552858035,-7.537877552858035
33,32.028147957335364,0.9718520426646364
47,45.9547754258546,1.0452245741454007
37,47.048981150370174,-10.048981150370174
0,0.5501978043164623,-0.5501978043164623
79,65.77859488078305,13.221405119216953
0,3.6777595359035415,-3.6777595359035415
8,9.44814512998477,-1.4481451299847699
37,31.18107970295903,5.818920297040972
41,46.074180165902625,-5.074180165902625
65,68.49348190646738,-3.4934819064673803
73,67.84444819788624,5.155551802113763
20,24.55667952199346,-4.556679521993459
61,48.78378901570131,12.21621098429869
67,60.503426024340975,6.496573975659025
50,54.172379621218326,-4.172379621218326
1,6.363610518621055,-5.363610518621055
52,51.84065487691412,0.15934512308587756
57,47.59072116244513,9.409278837554872
64,43.06192028456725,20.93807971543275
32,30.369845276127258,1.6301547238727423
85,78.3911239492372,6.608876050762802
0,0.42089893551601953,-0.42089893551601953
43,42.575579815912725,0.4244201840872748
40,30.583649180794215,9.416350819205785
0,0.27635684450810927,-0.27635684450810927
0,39.78637402339498,-39.78637402339498
0,1.470239424376861,-1.470239424376861
72,68.5233408185516,3.4766591814483974
22,20.10870837491823,1.8912916250817702
8,8.991826257591216,-0.9918262575912156
23,25.396407695331682,-2.396407695331682
39,41.89381250497481,-2.893812504974811
7,10.624892811775451,-3.6248928117754513
15,15.59068318265996,-0.5906831826599603
0,55.034454430379505,-55.034454430379505
67,46.64294026429316,20.35705973570684
78,64.20219732239556,13.797802677604437
52,40.00348805032537,11.996511949674627
68,69.52931406279895,-1.5293140627989459
30,28.00084329190851,1.9991567080914905
30,0.6332414380921313,29.36675856190787
49,31.032531491438487,17.967468508561513
37,36.47026757437123,0.5297324256287723
0,48.34353130859583,-48.34353130859583
33,28.050963984432823,4.949036015567177
70,70.05824733979172,-0.05824733979171981
48,20.658595725118392,27.341404274881608
17,11.073251325681117,5.926748674318883
31,37.205645327175226,-6.205645327175226
6,6.315839781966455,-0.3158397819664547
28,42.59374555508124,-14.593745555081242
57,62.51969268733268,-5.519692687332679
0,3.4441554733123416,-3.4441554733123416
71,68.93747884502106,2.0625211549789384
48,36.88788636190122,11.112113638098783
46,38.01550945412895,7.984490545871047
60,60.184773224933515,-0.18477322493351522
73,72.08537259118502,0.9146274088149795
22,13.202054791206791,8.797945208793209
0,0.8576297469297133,-0.8576297469297133
34,46.571338403420555,-12.571338403420555
69,71.98978350943557,-2.9897835094355685
20,14.790257727620958,5.209742272379042
0,0.20527669528719614,-0.20527669528719614
0,0.5481672394043526,-0.5481672394043526
63,65.86448082055364,-2.864480820553638
41,38.44351622297595,2.5564837770240487
60,59.23101985321433,0.7689801467856725
28,32.4338077177099,-4.433807717709897
38,37.969540462116115,0.030459537883885446
43,31.17610325410471,11.82389674589529
62,50.2404751677041,11.759524832295902
0,2.703351875891096,-2.703351875891096
50,53.96187967915976,-3.9618796791597575
0,34.23688878407032,-34.23688878407032
24,22.522565852439868,1.4774341475601318
31,20.947700903121614,10.052299096878386
41,52.15367204455522,-11.153672044555222
17,14.944423173117302,2.0555768268826977
40,40.62449503383278,-0.6244950338327797
48,48.881630533934995,-0.8816305339349952
62,64.07083285078565,-2.0708328507856493
50,44.42642603935536,5.573573960644637
40,35.84543853297344,4.154561467026561
47,47.16077860418967,-0.16077860418967305
23,10.319772419820751,12.680227580179249
85,51.22619001798521,33.77380998201479
0,0.36035215841759105,-0.36035215841759105
74,67.01708890574191,6.982911094258085
36,13.689927740763789,22.31007225923621
15,14.146752438174131,0.853247561825869
40,21.848312893234088,18.151687106765912
43,56.48501284128706,-13.485012841287059
67,65.59061161022866,1.4093883897713368
1,44.19215623640501,-43.19215623640501
0,0.24721292453251212,-0.24721292453251212
46,47.66100975572953,-1.6610097557295305
28,22.58004736005199,5.419952639948011
17,23.909172156682118,-6.909172156682118
0,2.463660852320646,-2.463660852320646
53,48.14177451737933,4.858225482620668
45,46.413169518347765,-1.4131695183477646
0,25.8938193170995,-25.8938193170995
19,19.682290498391776,-0.6822904983917759
40,39.82305329750413,0.17694670249586864
24,28.829280416558557,-4.829280416558557
0,12.006074985015442,-12.006074985015442
10,11.131207342014546,-1.1312073420145463
1,1.2400296878373884,-0.24002968783738843
29,14.620736408414155,14.379263591585845
35,29.963565713591237,5.036434286408763
43,42.82679617351769,0.17320382648230748
63,57.03516778732849,5.96483221267151
10,14.601679557028278,-4.6016795570282785
27,29.565438544024865,-2.5654385440248646
29,36.75957010642724,-7.75957010642724
43,44.799141282737125,-1.799141282737125
0,8.556267524458502,-8.556267524458502
0,18.805336835315966,-18.805336835315966
50,70.55150758207951,-20.55150758207951
0,2.760780734531972,-2.760780734531972
32,58.7390893086758,-26.7390893086758
49,44.57709153571124,4.42290846428876
65,35.3400385044348,29.6599614955652
45,43.93290607338488,1.0670939266151223
37,39.90938748693846,-2.9093874869384635
0,1.3554366747850513,-1.3554366747850513
43,47.02746595207371,-4.027465952073712
48,44.62223117472077,3.377768825279233
10,5.5131098736305475,4.4868901263694525
25,28.206567869905196,-3.2065678699051965
57,59.17069140753226,-2.17069140753226
25,26.781703706899556,-1.781703706899556
31,36.47541960839595,-5.475419608395953
52,61.01827783779609,-9.018277837796091
0,14.85999289158914,-14.85999289158914
54,61.63800478365099,-7.638004783650992
0,11.569765732830588,-11.569765732830588
28,24.280504427036576,3.7194955729634245
37,35.57872529789328,1.4212747021067216
48,39.462925149890374,8.537074850109626
1,27.80596511863682,-26.80596511863682
55,44.152354892858135,10.847645107141865
68,28.382065286840216,39.617934713159784
51,51.0939489135763,-0.09394891357629831
11,12.92080085392882,-1.9208008539288208
63,63.692308798950954,-0.692308798950954
35,48.58707280019042,-13.58707280019042
74,68.5081575109758,5.491842489024194
47,40.781987397584736,6.218012602415264
0,0.5342886913881991,-0.5342886913881991
26,19.54999801839964,6.450001981600359
0,0.0682092821268079,-0.0682092821268079
30,37.74172395239087,-7.7417239523908705
21,25.962675384086545,-4.962675384086545
19,31.969418661561264,-12.969418661561264
50,66.68788227302107,-16.687882273021074
0,37.43349942404269,-37.43349942404269
80,53.26131891035424,26.73868108964576
58,44.55731163924949,13.442688360750509
26,28.46886272966492,-2.46886272966492
73,72.22516899447139,0.7748310055286112
44,46.29024995429184,-2.2902499542918378
40,40.45989693395091,-0.45989693395090825
41,31.06916051601153,9.930839483988471
60,60.26260729532259,-0.26260729532258864
22,23.78283812394102,-1.7828381239410191
43,51.16092386894928,-8.160923868949283
52,59.710083367673164,-7.710083367673164
0,3.903708953157916,-3.903708953157916
37,36.027473152448955,0.9725268475510447
31,30.172800835958828,0.827199164041172
43,39.87432952682515,3.12567047317485
71,47.974140797131454,23.025859202868546
69,68.83323768064456,0.16676231935544195
29,30.022934115889278,-1.022934115889278
61,58.3950878785674,2.604912121432598
39,45.178017154847325,-6.178017154847325
0,28.42125298186952,-28.42125298186952
0,31.45111281838167,-31.45111281838167
4,4.720225000085031,-0.7202250000850308
57,44.354897987829986,12.645102012170014
0,2.2881720989968417,-2.2881720989968417
23,20.524203521406296,2.475796478593704
3,3.4751553859963034,-0.47515538599630336
64,71.92658342297264,-7.926583422972641
34,28.916102218669838,5.083897781330162
47,16.70541838313371,30.29458161686629
71,69.36829709640152,1.6317029035984802
0,2.1027186261830932,-2.1027186261830932
78,69.06152937920591,8.938470620794092
40,34.32952669954395,5.670473300456052
62,75.34955352677221,-13.349553526772212
38,37.73523496192004,0.26476503807995755
7,7.047827009222395,-0.047827009222395134
61,60.135643596753376,0.8643564032466244
15,15.680385347070208,-0.6803853470702084
0,0.05065427842489699,-0.05065427842489699
73,53.85053343691012,19.14946656308988
51,42.06858472659215,8.93141527340785
34,36.64639382646256,-2.646393826462557
49,58.64692844795033,-9.64692844795033
30,34.05950391066953,-4.059503910669527
0,18.97725005969705,-18.97725005969705
47,42.64626862999827,4.353731370001732
9,10.820694313025,-1.8206943130249993
35,33.6423009639352,1.3576990360648011
57,56.502205813625494,0.4977941863745059
84,72.77751587526909,11.222484124730912
64,61.81397443426953,2.1860255657304677
0,49.53561293302255,-49.53561293302255
52,49.16197179697656,2.838028203023441
23,23.49560923118927,-0.49560923118927036
0,0.07388316151202749,-0.07388316151202749
44,48.94752041094037,-4.9475204109403705
0,0.050400916380297825,-0.050400916380297825
19,18.031001282368997,0.9689987176310026
0,8.38854333364445,-8.38854333364445
0,0.006332842415316642,-0.006332842415316642
45,46.04995242798839,-1.0499524279883872
38,26.774671693214298,11.225328306785702
31,38.52264539079107,-7.5226453907910695
0,0.04015744089849153,-0.04015744089849153
45,45.494737459931095,-0.49473745993109475
0,58.98201770434125,-58.98201770434125
48,47.541613317010835,0.45838668298916474
31,35.627042662466394,-4.627042662466394
23,22.81283191418979,0.18716808581021027
0,40.69406568513846,-40.69406568513846
30,29.51399521926089,0.48600478073910836
33,35.463324229576656,-2.4633242295766564
9,9.229783549953675,-0.2297835499536749
30,30.6263433381731,-0.6263433381731005
76,33.93201750993196,42.06798249006804
12,12.022931005856773,-0.022931005856772657
44,45.059546649914914,-1.059546649914914
52,50.52600278525801,1.473997214741992
64,60.02069447097025,3.9793055290297517
33,36.066344584549455,-3.066344584549455
37,36.07980160209957,0.9201983979004282
66,65.00047429098024,0.999525709019764
61,53.33709064685284,7.662909353147157
36,45.208866231996836,-9.208866231996836
36,22.923643945337776,13.076356054662224
71,73.95268816781373,-2.952688167813733
76,74.43362592973608,1.5663740702639188
75,58.8658084744157,16.1341915255843
80,56.307962885398304,23.692037114601696
51,36.286622198467406,14.713377801532594
36,34.52612025960858,1.4738797403914177
39,53.20610816131038,-14.206108161310382
52,43.52941281941058,8.470587180589419
22,8.552911177651016,13.447088822348984
5,5.8224485263601276,-0.8224485263601276
56,53.60822603001024,2.3917739699897567
72,72.71410423573712,-0.7141042357371248
66,22.41948354039374,43.58051645960626
29,35.007568098927244,-6.007568098927244
21,27.41498660543905,-6.414986605439051
33,33.133194361051316,-0.13319436105131643
62,58.76258784442536,3.2374121555746385
0,4.464946859257152,-4.464946859257152
34,34.74467164676414,-0.7446716467641394
60,52.955001051185285,7.044998948814715
37,33.589853061963524,3.410146938036476
51,55.45458521761318,-4.454585217613179
72,47.07611759528329,24.923882404716707
54,53.760320068705084,0.2396799312949156
3,6.5218174756931,-3.5218174756931004
42,36.864329457640515,5.135670542359485
12,12.026459925210913,-0.026459925210913227
74,70.92093156112533,3.079068438874671
45,40.117520712853235,4.882479287146765
36,35.809996174145674,0.19000382585432618
43,32.38743166334912,10.612568336650881
51,50.4467473585114,0.5532526414885979
14,14.187843103746603,-0.1878431037466033
9,7.939940277187991,1.0600597228120092
64,59.425618513355715,4.574381486644285
78,68.79255934066208,9.20744065933792
64,45.40749443826832,18.592505561731677
54,54.34554573625466,-0.3455457362546568
69,56.13760414502537,12.86239585497463
54,49.47951545929991,4.520484540700089
0,27.849358103293138,-27.849358103293138
51,51.385496687263576,-0.38549668726357567
54,39.987987010973484,14.012012989026516
60,62.23482912748715,-2.234829127487153
29,29.040013758888758,-0.04001375888875813
43,56.356070552739524,-13.356070552739524
53,4.856140623408665,48.14385937659134
33,36.09386354913966,-3.0938635491396624
30,55.74850131775752,-25.748501317757523
60,48.74162877564043,11.258371224359571
28,27.51811611925049,0.4818838807495105
55,33.75846541399268,21.24153458600732
69,62.45423904410287,6.54576095589713
53,10.439294006733213,42.56070599326679
36,37.280726943378546,-1.2807269433785464
0,11.32605592106718,-11.32605592106718
55,63.584013461623066,-8.584013461623066
48,46.217176326456396,1.7828236735436036
51,34.99879777308066,16.00120222691934
47,49.82004614320628,-2.8200461432062767
38,40.57763302736092,-2.5776330273609176
0,5.632577849775846,-5.632577849775846
0,0.07130584192439862,-0.07130584192439862
74,51.12613606415394,22.87386393584606
60,38.94152873103362,21.05847126896638
63,61.3165013627729,1.6834986372271032
22,18.926453299917025,3.073546700082975
67,50.05235141562863,16.947648584371372
37,54.20068456790492,-17.200684567904922
70,59.36837677647549,10.631623223524507
0,22.847816960160667,-22.847816960160667
34,34.34972240877246,-0.3497224087724575
48,31.951291338177604,16.048708661822396
52,23.862152285592526,28.137847714407474
43,28.271344520004597,14.728655479995403
51,55.4332845278784,-4.433284527878399
31,29.920709726943183,1.0792902730568166
35,38.47915520332059,-3.4791552033205875
72,44.30572484561627,27.69427515438373
29,32.20378651793781,-3.2037865179378073
52,55.444382703764894,-3.4443827037648944
55,60.162170345093465,-5.162170345093465
32,41.47009686421237,-9.470096864212373
47,45.94347735113196,1.0565226488680395
0,20.390075747439624,-20.390075747439624
37,37.238492220072196,-0.23849222007219595
62,53.48930308406921,8.510696915930787
12,15.034254146069562,-3.0342541460695625
50,48.13902647653738,1.8609735234626186
52,51.20658312409768,0.7934168759023166
49,53.86831656943717,-4.8683165694371695
61,61.24631926536579,-0.2463192653657913
83,59.017651967797995,23.982348032202005
68,53.10392248724514,14.896077512754857
70,53.62128515079121,16.37871484920879
35,36.02471642463916,-1.0247164246391591
0,4.444288282535704,-4.444288282535704
50,34.21152472661637,15.788475273383632
37,23.6160975521736,13.3839024478264
44,45.07089832558474,-1.0708983255847428
77,68.42736645919759,8.572633540802414
22,21.92353656199687,0.07646343800313105
20,16.813100516420263,3.1868994835797366
14,13.825121447494874,0.17487855250512574
21,21.56302925325045,-0.5630292532504484
46,42.07925765228935,3.92074234771065
17,13.565615557265168,3.4343844427348316
68,77.26984157862944,-9.269841578629439
53,47.993523106941424,5.006476893058576
3,42.51925132397085,-39.51925132397085
47,50.53407019702138,-3.5340701970213786
27,28.670863912658433,-1.670863912658433
10,28.28523471772383,-18.28523471772383
9,5.83440968430218,3.16559031569782
35,35.02484540666516,-0.024845406665157554
34,35.55294266275022,-1.552942662750219
50,35.383799228582625,14.616200771417375
54,39.101568719450896,14.898431280549104
63,66.4571074746088,-3.4571074746088044
63,55.923945205143816,7.076054794856184
42,40.97743115622536,1.0225688437746427
56,51.72606157327647,4.273938426723532
63,62.83582155393449,0.16417844606551313
73,61.66168759859473,11.338312401405268
0,24.987057713686728,-24.987057713686728
0,48.6448620808395,-48.6448620808395
0,0.014089347079037803,-0.014089347079037803
47,53.39806793191574,-6.39806793191574
58,58.137119273242526,-0.1371192732425257
45,40.35042578390874,4.64957421609126
51,49.45038070300392,1.5496192969960774
27,57.91376778656381,-30.91376778656381
19,19.22795838796977,-0.22795838796977108
61,55.27303223801813,5.726967761981868
69,34.293772416486576,34.706227583513424
58,49.70598278044784,8.29401721955216
66,49.68549030221005,16.31450969778995
0,0.054240614292160684,-0.054240614292160684
29,27.124051986647054,1.8759480133529465
70,69.4828051110565,0.517194888943493
32,31.21106117730302,0.7889388226969807
36,35.87704677501363,0.12295322498636807
29,26.606032041753206,2.393967958246794
58,46.350410942014555,11.649589057985445
76,59.21391355641996,16.78608644358004
8,7.855200107659031,0.14479989234096902
50,50.91374189218324,-0.9137418921832392
8,5.86454042246189,2.1354595775381098
57,62.842816231724434,-5.842816231724434
42,30.535735739288427,11.464264260711573
47,46.23127856879241,0.7687214312075881
0,10.144074749488086,-10.144074749488086
26,24.356750866633796,1.6432491333662043
0,20.8041397623793,-20.8041397623793
66,47.95757348393342,18.042426516066577
0,21.809492034951823,-21.809492034951823
2,4.13798069932319,-2.1379806993231902
27,27.53337622083611,-0.5333762208361108
77,71.01577161824727,5.984228381752729
38,42.38017296089386,-4.380172960893859
0,0.7688789637243244,-0.7688789637243244
0,37.85905105252878,-37.85905105252878
28,33.71994048946338,-5.719940489463383
15,15.10670774327846,-0.10670774327845933
0,1.1159451659451658,-1.1159451659451658
25,23.57736839071367,1.4226316092863307
0,1.7535360313895236,-1.7535360313895236
6,22.970502901795317,-16.970502901795317
1,20.98016157364694,-19.98016157364694
66,59.775568638009155,6.224431361990845
44,42.27862173096761,1.7213782690323924
63,47.91175459443859,15.088245405561409
1,59.18048022323481,-58.18048022323481
66,63.308066081672145,2.6919339183278552
0,0.20013091147111764,-0.20013091147111764
16,17.36638943135726,-1.366389431357259
83,70.36303655186308,12.636963448136925
33,34.25956716091919,-1.2595671609191896
39,44.923109367302345,-5.923109367302345
58,47.314953059997904,10.685046940002096
35,12.580862834300147,22.41913716569985
31,41.88096663724265,-10.88096663724265
0,0.36458585987945025,-0.36458585987945025
10,10.259458193031929,-0.25945819303192863
34,38.0289891740229,-4.028989174022897
71,64.77404346235426,6.225956537645743
35,34.95611209873519,0.043887901264810125
31,30.66188257636231,0.3381174236376907
54,63.64121943380341,-9.641219433803407
65,59.5370953701086,5.462904629891398
47,51.16213757516744,-4.162137575167442
53,49.13892472770837,3.861075272291629
30,27.213795139499812,2.786204860500188
36,36.40591174190769,-0.405911741907687
0,0.19636737398987916,-0.19636737398987916
70,67.49970265211677,2.500297347883233
11,15.034254146069562,-4.0342541460695625
59,59.280344255565375,-0.28034425556537457
83,79.98063280558993,3.0193671944100657
53,47.79365535787652,5.206344642123483
39,20.026387530384632,18.973612469615368
44,36.48347051440408,7.5165294855959175
36,37.40544343894274,-1.40544343894274
81,62.95818787263248,18.04181212736752
66,65.61854454351851,0.3814554564814898
0,6.9998041857313105,-6.9998041857313105
44,45.760260404418865,-1.7602604044188652
76,65.1294669986176,10.870533001382398
43,57.44906642372198,-14.44906642372198
54,52.59406749730954,1.4059325026904617
0,33.64889928504378,-33.64889928504378
64,63.313483373555904,0.6865166264440958
43,36.19292168354494,6.807078316455062
0,32.57258783570833,-32.57258783570833
0,2.901999775711116,-2.901999775711116
68,67.71406774519798,0.2859322548020202
31,29.658126427576555,1.3418735724234452
0,0.07388316151202749,-0.07388316151202749
31,30.006241467118848,0.9937585328811522
2,3.034198794950378,-1.034198794950378
44,43.11623076778667,0.8837692322133321
31,30.71995624832737,0.28004375167262907
48,50.087751255653124,-2.0877512556531244
14,16.660224851970266,-2.6602248519702663
34,35.91322673500176,-1.913226735001757
53,19.845087040479108,33.15491295952089
25,27.87233130947644,-2.87233130947644
65,61.331560732405926,3.6684392675940742
29,15.65383801530108,13.34616198469892
28,41.71914801516786,-13.71914801516786
0,26.333608694775922,-26.333608694775922
57,51.6261594995974,5.373840500402601
0,28.590740919513824,-28.590740919513824
26,30.189558860105098,-4.189558860105098
38,42.021418520605664,-4.021418520605664
55,5.483466021071436,49.516533978928564
0,28.96523026298802,-28.96523026298802
29,18.041141371510765,10.958858628489235
21,38.94782129177921,-17.947821291779213
0,0.8154589789520051,-0.8154589789520051
43,41.84548396827124,1.154516031728761
65,39.55935225108783,25.44064774891217
43,39.68595161515364,3.314048384846359
47,30.38119241356303,16.61880758643697
68,52.9002375739617,15.099762426038303
69,61.343690783846306,7.656309216153694
65,62.577218701328604,2.4227812986713957
43,39.02483226933459,3.9751677306654116
59,59.33403980246385,-0.3340398024638489
74,61.808361008645676,12.191638991354324
29,35.00415733853721,-6.004157338537212
65,63.0363263663936,1.9636736336063976
83,12.34318159212034,70.65681840787965
62,48.241001889735315,13.758998110264685
0,0.656111005372679,-0.656111005372679
59,55.98820504593048,3.011794954069522
82,81.34154283388564,0.6584571661143599
49,43.754372885601406,5.245627114398594
43,37.514149284383976,5.485850715616024
34,33.57619743598936,0.42380256401064287
47,57.50311260653775,-10.503112606537748
31,31.52350698373246,-0.5235069837324602
40,39.408516797708394,0.5914832022916059
46,45.00194903679623,0.9980509632037666
60,72.96161419759358,-12.961614197593576
34,55.46086849090541,-21.460868490905412
15,15.071022966121108,-0.0710229661211077
22,17.917937474400652,4.082062525599348
43,40.88319748774404,2.1168025122559584
32,35.51424692832359,-3.514246928323587
19,29.372108129462973,-10.372108129462973
13,13.034998759745783,-0.03499875974578259
60,58.378261595296394,1.6217384047036063
19,19.968011560209394,-0.9680115602093942
0,23.852670056692624,-23.852670056692624
43,36.83395701733558,6.166042982664422
6,8.103655979743975,-2.1036559797439747
47,37.00944565494975,9.99055434505025
76,44.99948613071748,31.00051386928252
60,46.392652525748424,13.607347474251576
44,50.480724624576574,-6.480724624576574
48,48.69574417152933,-0.6957441715293271
33,29.97513123051676,3.0248687694832412
50,49.202334074412676,0.7976659255873244
0,43.32372741614717,-43.32372741614717
0,0.47686481607707737,-0.47686481607707737
66,67.40486435300348,-1.4048643530034752
21,21.450645358518997,-0.45064535851899734
0,42.36917468444824,-42.36917468444824
0,54.87917910962084,-54.87917910962084
16,16.50384085314688,-0.5038408531468797
58,58.85346703279506,-0.8534670327950593
39,40.52372629530622,-1.5237262953062185
49,48.8791418050449,0.12085819495509753
0,27.279273023839455,-27.279273023839455
6,11.030572027767938,-5.030572027767938
23,23.36275598962106,-0.3627559896210606
44,73.22655928187132,-29.226559281871317
56,72.21087387711513,-16.210873877115134
29,38.06136117518293,-9.061361175182931
47,47.002301839812056,-0.0023018398120555617
56,61.090482338838406,-5.090482338838406
11,12.489932076667085,-1.4899320766670847
5,6.792506606609863,-1.7925066066098632
0,13.463938950254745,-13.463938950254745
39,44.247260733207746,-5.247260733207746
16,16.25985368843184,-0.2598536884318392
28,28.60729097906094,-0.6072909790609415
0,31.578016769385574,-31.578016769385574
72,62.50133930819156,9.498660691808439
14,14.397414492846663,-0.3974144928466625
59,67.30835667577072,-8.308356675770725
4,4.896162543997635,-0.8961625439976348
25,24.75248542856993,0.24751457143007016
29,32.33946087878911,-3.3394608787891116
47,47.7088724896601,-0.7088724896601022
66,54.28933908672161,11.710660913278389
50,44.81831070514014,5.181689294859858
58,61.37154964112296,-3.371549641122961
34,36.495370567997966,-2.4953705679979663
41,39.35379594833652,1.6462040516634815
0,27.129309764423855,-27.129309764423855
73,64.28351392964669,8.716486070353312
37,24.881391320768728,12.118608679231272
35,34.4542097517532,0.5457902482468029
18,46.455319235078186,-28.455319235078186
0,11.404627391150493,-11.404627391150493
12,12.135615423085525,-0.13561542308552532
34,35.626458435476756,-1.6264584354767564
54,54.79387046235054,-0.7938704623505402
35,30.374963017195732,4.625036982804268
1,1.8380681112791482,-0.8380681112791482
51,50.91484467076725,0.08515532923274804
0,0.5649586101490769,-0.5649586101490769
68,65.62778612187073,2.3722138781292728
24,26.44556283184381,-2.4455628318438087
49,37.68120997899682,11.318790021003181
81,58.489965807029684,22.510034192970316
1,9.349511118776372,-8.349511118776372
34,38.643901554645836,-4.643901554645836
48,45.34263053842826,2.65736946157174
50,42.90711994859622,7.092880051403782
0,0.4932208125773713,-0.4932208125773713
74,66.27188008889779,7.728119911102212
20,17.152440141379103,2.8475598586208974
38,39.55110661430489,-1.5511066143048922
7,8.991826257591216,-1.9918262575912156
65,65.35047053470322,-0.35047053470322
32,31.84869135192249,0.1513086480775101
31,32.66141989999156,-1.6614198999915573
56,55.43090578004533,0.5690942199546711
57,57.16620702611019,-0.1662070261101931
64,57.20335295061371,6.796647049386287
57,65.09478379574789,-8.094783795747887
43,43.12969805452776,-0.12969805452775773
72,68.07182372523005,3.928176274769953
14,15.450773720825243,-1.450773720825243
0,2.982124588074222,-2.982124588074222
56,59.26014755552807,-3.2601475555280715
45,47.699512015107054,-2.6995120151070537
14,14.988138981521123,-0.9881389815211232
39,35.459773908609314,3.540226091390686
13,13.798593095856813,-0.7985930958568126
0,46.12112532494377,-46.12112532494377
0,8.24637483899972,-8.24637483899972
45,20.39605453208851,24.60394546791149
62,48.180377831993134,13.819622168006866
36,39.38778538361889,-3.3877853836188905
28,30.381498854353104,-2.3814988543531044
50,63.81119997925687,-13.81119997925687
23,24.04195287358405,-1.0419528735840515
0,47.78367707893265,-47.78367707893265
69,69.38962887347617,-0.3896288734761697
0,1.9857768186730742,-1.9857768186730742
44,31.745407790134895,12.254592209865105
65,61.23509338990798,3.7649066100920194
64,69.72503841833421,-5.725038418334208
48,37.33649631605899,10.66350368394101
0,17.59539712397242,-17.59539712397242
55,56.12623033065738,-1.1262303306573784
6,5.160398858974188,0.8396011410258124
58,46.53225516013128,11.467744839868722
70,60.467556130097336,9.532443869902664
4,2.6789160724727736,1.3210839275272264
63,77.55145865841236,-14.551458658412358
52,51.579761650410745,0.42023834958925477
70,55.36615770299053,14.633842297009473
17,7.199373158060207,9.800626841939792
47,40.61060560171556,6.389394398284438
61,12.719528862639155,48.28047113736085
31,44.75649243380474,-13.756492433804738
39,34.29085151634138,4.709148483658623
55,65.13695313589318,-10.13695313589318
8,1.3940878799920071,6.605912120007993
10,9.02854668311827,0.9714533168817301
20,20.446613859900353,-0.44661385990035285
0,2.129474755914022,-2.129474755914022
74,67.49787559023676,6.5021244097632405
43,41.08948907063046,1.9105109293695435
4,4.394521282460663,-0.394521282460663
13,12.294542976528549,0.7054570234714514
0,0.4791595330163544,-0.4791595330163544
33,33.4182196907144,-0.4182196907144018
47,50.330459015032986,-3.330459015032986
44,26.16367667281247,17.83632332718753
1,24.285861009386807,-23.285861009386807
46,45.18710616761302,0.8128938323869832
61,44.47351471350347,16.52648528649653
0,2.322941142357702,-2.322941142357702
43,41.56853326772892,1.4314667322710832
69,59.904439340350734,9.095560659649266
59,53.29734067935875,5.702659320641253
33,22.676603120967304,10.323396879032696
69,62.44613005676305,6.553869943236947
23,22.227350600533132,0.772649399466868
18,18.159804449703117,-0.1598044497031168
0,0.5778548866177732,-0.5778548866177732
71,62.25374204122883,8.746257958771167
63,63.16400966854297,-0.16400966854296684
61,66.0675651793144,-5.0675651793144
14,15.333706665379815,-1.3337066653798146
18,18.13646398745193,-0.13646398745192911
37,12.510910323981037,24.489089676018963
0,0.8154589789520051,-0.8154589789520051
53,52.15101622469769,0.8489837753023082
15,14.052780141717468,0.9472198582825317
0,3.067723628032907,-3.067723628032907
56,31.883306840333912,24.116693159666088
16,18.40817637854721,-2.4081763785472106
0,26.310672139880023,-26.310672139880023
38,42.95865142743183,-4.958651427431832
62,52.51073176791168,9.489268232088321
44,39.089455846732264,4.910544153267736
23,27.243765396468262,-4.2437653964682625
1,8.423638337149482,-7.423638337149482
47,50.21744344739459,-3.2174434473945865
0,0.025503522274977604,-0.025503522274977604
0,5.7496587489387725,-5.7496587489387725
68,68.99470773553554,-0.9947077355355418
34,35.517348869908695,-1.5173488699086946
24,35.46872316701887,-11.468723167018872
48,47.69012736466715,0.3098726353328516
56,10.883233078045045,45.116766921954955
25,6.21084356775621,18.78915643224379
20,18.006628375078552,1.9933716249214477
50,45.65358734646013,4.346412653539872
0,6.085097149536131,-6.085097149536131
38,26.973202041032376,11.026797958967624
4,4.2732336467735275,-0.27323364677352746
0,0.6890129601773022,-0.6890129601773022
65,63.45808662912268,1.5419133708773174
22,23.007251528508096,-1.007251528508096
68,70.45953426988093,-2.4595342698809333
22,29.07138859766137,-7.071388597661372
0,4.153589775203709,-4.153589775203709
27,26.565773742817825,0.4342262571821749
1,35.1655487426612,-34.1655487426612
53,43.56354911618765,9.436450883812348
1,4.437346370326174,-3.437346370326174
34,41.930314281009785,-7.930314281009785
17,16.846716478700657,0.1532835212993433
42,41.297508023760805,0.7024919762391946
64,69.89894576667069,-5.898945766670693
43,44.14937274105122,-1.1493727410512165
19,17.11521783878743,1.88478216121257
0,0.5344755825625336,-0.5344755825625336
33,42.45660163405555,-9.456601634055552
87,77.89458486246936,9.105415137530642
60,62.61997709333607,-2.619977093336068
30,27.08342706432384,2.916572935676161
9,19.581602140214986,-10.581602140214986
0,0.11526117397855659,-0.11526117397855659
42,41.399952254513146,0.6000477454868545
67,65.24928041670931,1.7507195832906888
46,43.88129394965503,2.1187060503449686
33,36.84013801252828,-3.8401380125282785
48,39.04662287993423,8.953377120065767
17,15.955137404293264,1.0448625957067357
0,0.0,0.0
43,41.32796559190769,1.6720344080923084
63,49.50278762247822,13.497212377521777
28,31.723955822659427,-3.723955822659427
8,14.336762872885663,-6.336762872885663
0,26.86467157332283,-26.86467157332283
49,26.270689262092752,22.729310737907248
20,21.08380929737013,-1.0838092973701308
37,36.472695325523574,0.5273046744764258
0,0.1919154675692104,-0.1919154675692104
35,34.091852192208854,0.9081478077911456
33,32.34174744842228,0.6582525515777178
23,28.26417832748166,-5.264178327481659
55,52.873375367593596,2.126624632406404
0,16.49994801022468,-16.49994801022468
25,22.831568115438174,2.1684318845618265
33,42.04458138966749,-9.044581389667492
70,67.67617126556438,2.3238287344356223
1,1.5325915959987872,-0.5325915959987872
59,49.2975129470916,9.702487052908403
0,17.104370356205248,-17.104370356205248
22,26.019502096821032,-4.019502096821032
16,18.61552097315734,-2.6155209731573414
28,26.82919113865476,1.1708088613452396
44,48.58707280019042,-4.58707280019042
53,55.04890912512777,-2.0489091251277713
68,55.9777864221777,12.0222135778223
54,50.356373375845024,3.643626624154976
13,29.59658945886179,-16.59658945886179
52,52.92152314788915,-0.9215231478891468
31,42.25385162321307,-11.253851623213073
39,39.24439697258528,-0.24439697258527815
60,54.3279090620272,5.672090937972797
46,45.27900219865616,0.7209978013438416
74,65.51709580299931,8.482904197000693
40,49.9917759280552,-9.991775928055198
0,0.4900398227656604,-0.4900398227656604
25,34.993083271262535,-9.993083271262535
54,43.19094831344034,10.809051686559663
0,0.16389871993444277,-0.16389871993444277
24,19.359331929196905,4.640668070803095
44,52.04695222029464,-8.046952220294642
37,43.3765179190361,-6.376517919036097
5,12.543256131277264,-7.543256131277264
57,58.72925296269085,-1.7292529626908504
50,48.90618423324114,1.0938157667588584
47,53.97587942608137,-6.97587942608137
34,33.983508975880206,0.016491024119794417
52,50.39151341375055,1.6084865862494482
56,43.08239500691424,12.91760499308576
34,37.15590685218316,-3.1559068521831577
49,47.32625211026384,1.6737478897361626
17,39.02505984403337,-22.025059844033372
38,36.78685260410646,1.213147395893543
17,18.404710860277092,-1.404710860277092
44,44.48849644212998,-0.48849644212997845
0,26.569927833161916,-26.569927833161916
42,29.851026122627708,12.148973877372292
39,37.64990623074442,1.3500937692555794
50,49.269962367537346,0.7300376324626541
54,58.51679443251237,-4.51679443251237
15,17.792231756388688,-2.792231756388688
28,24.565182903606317,3.434817096393683
33,31.005066939360365,1.9949330606396352
64,55.300977019229364,8.699022980770636
58,61.02237093038415,-3.022370930384149
24,24.260909742592478,-0.260909742592478
50,53.053501969324614,-3.053501969324614
51,48.78378901570131,2.216210984298691
47,47.00644474858241,-0.006444748582410398
69,67.12646542413188,1.8735345758681206
79,53.16256995409088,25.837430045909123
62,56.63678722671966,5.363212773280338
0,59.848017881756995,-59.848017881756995
39,24.117229495532268,14.882770504467732
62,57.68647388068674,4.313526119313259
29,29.08176691609169,-0.0817669160916914
33,32.01840002395813,0.9815999760418705
28,30.766660461783328,-2.766660461783328
21,20.869732819562394,0.1302671804376061
24,28.4410689110587,-4.4410689110587
54,48.12795354418631,5.872046455813688
61,69.75180487894332,-8.751804878943318
21,43.146881461488135,-22.146881461488135
34,34.25128186026026,-0.25128186026025645
57,54.826406916064265,2.173593083935735
36,30.40370039214006,5.59629960785994
50,48.89880513838224,1.1011948616177634
68,71.5149222561942,-3.514922256194197
16,16.269291614460947,-0.26929161446094696
0,21.061630915629557,-21.061630915629557
41,61.494408215605894,-20.494408215605894
32,21.50864539964866,10.49135460035134
1,1.966149699476275,-0.966149699476275
65,31.9277346538578,33.0722653461422
46,45.73771397379405,0.262286026205949
44,52.55840911057085,-8.55840911057085
19,18.365016018560453,0.6349839814395466
38,36.95710626976649,1.0428937302335086
31,31.484310568911656,-0.48431056891165625
66,62.95743704177977,3.0425629582202305
0,14.347383058984839,-14.347383058984839
61,60.36038323851565,0.6396167614843478
29,42.19597023858767,-13.19597023858767
1,8.112909539812206,-7.112909539812206
62,60.43978561664832,1.5602143833516777
0,2.098277915250993,-2.098277915250993
6,10.612429633647302,-4.612429633647302
9,8.884669673143776,0.11533032685622402
15,14.848317327468573,0.1516826725314271
46,45.88863930273403,0.11136069726597242
9,8.954916094982895,0.0450839050171048
41,44.52391079639083,-3.5239107963908296
37,36.75462238060795,0.24537761939205183
30,30.265268071658927,-0.26526807165892663
39,48.56215598734742,-9.562155987347417
72,58.02918547689735,13.970814523102653
40,41.27912965301117,-1.279129653011168
47,42.30045037919452,4.6995496208054774
0,0.4269356655377871,-0.4269356655377871
45,44.99549019151382,0.004509808486183431
38,38.01113086056261,-0.011130860562609257
61,72.87121073464446,-11.871210734644464
57,48.25445828527398,8.745541714726023
45,16.846311878373946,28.153688121626054
66,28.254447958824688,37.745552041175316
24,31.70246546375152,-7.702465463751519
30,20.85709819188851,9.142901808111489
82,68.56409388030109,13.435906119698913
41,34.543918445121406,6.456081554878594
49,42.57662027144251,6.423379728557492
13,13.102091763879493,-0.1020917638794927
82,71.78935855237955,10.210641447620446
46,44.534774851623354,1.4652251483766463
55,67.57428493614944,-12.57428493614944
57,35.52762751590974,21.472372484090258
34,30.10389674253552,3.8961032574644783
27,27.03905173646474,-0.039051736464738696
62,55.607711890191915,6.392288109808085
52,24.679521916109273,27.320478083890727
44,42.94520522716424,1.0547947728357627
33,35.025992825336566,-2.0259928253365658
2,19.078277779006125,-17.078277779006125
1,1.1017417393782676,-0.10174173937826758
19,19.39268199526136,-0.39268199526135916
0,10.890714645605808,-10.890714645605808
55,43.35338961004169,11.646610389958312
77,60.37523157590078,16.624768424099223
42,41.444158858188146,0.5558411418118538
37,37.04751284872263,-0.04751284872263284
44,42.28561380879865,1.7143861912013492
46,47.92912774639618,-1.9291277463961833
61,55.69395971782328,5.306040282176717
67,46.94596922214259,20.054030777857413
61,47.38220262642977,13.617797373570227
39,48.21863403636776,-9.21863403636776
77,51.312984317498014,25.687015682501986
43,44.69191761441204,-1.6919176144120414
31,38.366649445931465,-7.366649445931465
72,32.23505283272641,39.76494716727359
52,51.64951210535341,0.3504878946465908
74,68.34720339118584,5.652796608814157
45,62.25423865042503,-17.25423865042503
15,20.193605949253012,-5.193605949253012
0,11.889971041996057,-11.889971041996057
10,16.671063539146562,-6.671063539146562
67,70.33228902951856,-3.332289029518563
37,36.81841335971374,0.18158664028626248
60,51.28169457397103,8.71830542602897
0,10.321465632513439,-10.321465632513439
75,51.64281106120542,23.35718893879458
52,54.07933836096991,-2.0793383609699134
50,48.838959386939166,1.161040613060834
0,0.17371815851197295,-0.17371815851197295
5,4.849614931465663,0.1503850685343373
45,41.954543096455446,3.0454569035445545
66,42.76224188544918,23.23775811455082
22,22.036526403088438,-0.036526403088437576
36,36.42999986490613,-0.4299998649061294
53,24.33743676314061,28.66256323685939
19,19.192195251512274,-0.192195251512274
54,51.210992667688394,2.7890073323116056
47,41.390791700064234,5.609208299935766
29,28.721479883723084,0.27852011627691553
41,41.90311251893018,-0.903112518930179
36,31.603330851358646,4.3966691486413545
73,37.57055555084056,35.42944444915944
8,5.344306012801922,2.6556939871980783
69,66.07101312438249,2.928986875617511
52,8.802707436613385,43.19729256338661
38,36.78579415308193,1.2142058469180697
0,9.90679680085535,-9.90679680085535
41,43.0198629677075,-2.0198629677075033
15,26.58340358242475,-11.58340358242475
0,1.129334253947656,-1.129334253947656
50,39.601957808863666,10.398042191136334
68,67.587412875114,0.41258712488600224
0,10.15272720260121,-10.15272720260121
55,52.905477720568136,2.094522279431864
0,42.30190349759532,-42.30190349759532
37,36.58822634883579,0.4117736511642107
0,1.0119577539680635,-1.0119577539680635
23,17.49981696158313,5.500183038416871
60,64.39448855014905,-4.394488550149049
0,0.15605329187803416,-0.15605329187803416
58,66.38843773327072,-8.38843773327072
16,15.763007242222647,0.23699275777735274
50,45.934908876719604,4.065091123280396
23,22.671606665324795,0.32839333467520504
75,75.92620361805474,-0.9262036180547426
46,42.83492244167527,3.1650775583247324
6,6.393854928891804,-0.3938549288918036
35,27.080872420817627,7.919127579182373
30,30.2176955431845,-0.2176955431845009
0,45.971996389871705,-45.971996389871705
0,37.399346879327695,-37.399346879327695
63,73.75216468338962,-10.752164683389623
70,59.85925472504561,10.14074527495439
16,0.40004472350710524,15.599955276492894
10,19.311443562578656,-9.311443562578656
36,40.45296864182661,-4.452968641826608
57,57.12488492769519,-0.12488492769519155
74,66.06809749620487,7.931902503795129
56,43.957394659127,12.042605340873003
16,22.32511627226913,-6.325116272269131
19,7.411096674488775,11.588903325511225
59,58.09626504705361,0.9037349529463867
14,19.437981350362218,-5.437981350362218
0,11.03525293067553,-11.03525293067553
42,38.71341906911877,3.286580930881229
67,75.02849854613433,-8.02849854613433
34,34.50782013882257,-0.5078201388225665
30,34.328428156372986,-4.328428156372986
0,1.273975842872303,-1.273975842872303
61,55.15862151084764,5.841378489152362
86,70.41560542110267,15.584394578897331
66,68.41988937240993,-2.4198893724099264
0,9.883980901458834,-9.883980901458834
50,46.77210541989811,3.2278945801018892
55,51.60593900862059,3.394060991379412
44,33.13392234678046,10.866077653219541
57,57.991037236263885,-0.9910372362638853
26,25.864244799347738,0.13575520065226243
3,4.118074226266163,-1.1180742262661632
61,50.04788487245062,10.952115127549384
23,20.13029979328535,2.8697002067146506
67,61.10288819244013,5.897111807559867
25,26.91085637857233,-1.9108563785723298
36,20.926638587697553,15.073361412302447
74,53.0026265714323,20.9973734285677
17,17.7139350052571,-0.713935005257099
82,26.42701512143652,55.57298487856348
57,57.36210179862801,-0.36210179862801084
74,71.59291027261408,2.407089727385923
38,43.69003284626814,-5.690032846268139
60,68.44290696692322,-8.442906966923218
38,31.029901698166487,6.970098301833513
47,56.616543050963564,-9.616543050963564
65,61.334558945333384,3.6654410546666156
30,28.556575905914627,1.4434240940853726
1,14.218489547184193,-13.218489547184193
46,44.69309365356143,1.3069063464385735
13,13.401089838022674,-0.40108983802267417
67,64.51109013086358,2.488909869136421
47,38.93465031648656,8.065349683513439
55,55.082885606232765,-0.08288560623276453
57,59.62926007769506,-2.629260077695058
47,64.90278882164458,-17.902788821644577
45,25.442267773146092,19.557732226853908
15,16.000781451375516,-1.0007814513755164
16,17.757085493075735,-1.757085493075735
47,36.18518684629056,10.814813153709437
10,9.519051632164858,0.4809483678351416
1,1.22994419687924,-0.22994419687923995
24,23.762722440214837,0.23727755978516285
44,45.99477115571912,-1.9947711557191212
32,33.07084494574609,-1.0708449457460887
49,54.70708109410072,-5.707081094100722
20,20.32673596952465,-0.32673596952464834
62,64.84695012922764,-2.8469501292276362
37,49.74851019979539,-12.74851019979539
17,24.56553258128961,-7.5655325812896095
0,27.824880642271182,-27.824880642271182
20,20.4091344952587,-0.4091344952587015
44,49.781005630398774,-5.781005630398774
33,39.500486936442265,-6.500486936442265
67,50.40478295305129,16.59521704694871
44,27.58691847746512,16.41308152253488
67,66.14465210572675,0.8553478942732511
44,43.57020116928497,0.4297988307150291
53,47.92234053007177,5.0776594699282285
55,56.71360920890353,-1.7136092089035273
37,40.29907176659782,-3.2990717665978195
33,37.35914638940863,-4.359146389408629
53,51.38743413165377,1.6125658683462305
30,44.66883888157601,-14.668838881576008
42,35.93506162871544,6.064938371284562
32,26.4652613358864,5.5347386641136005
56,58.3656362477803,-2.3656362477803015
63,57.17051049042492,5.829489509575083
48,54.99926109757099,-6.999261097570987
79,61.42442346474483,17.575576535255173
17,16.911238405567826,0.08876159443217446
57,48.89229327912611,8.107706720873892
0,41.484135219504026,-41.484135219504026
48,45.73930395539786,2.260696044602142
47,45.25712077016124,1.7428792298387634
0,11.649237737162144,-11.649237737162144
15,14.500723000286104,0.4992769997138957
50,22.84367531716654,27.15632468283346
56,54.647073347696875,1.3529266523031254
68,48.53422786569862,19.465772134301382
0,27.361887135882135,-27.361887135882135
64,69.52036353192395,-5.520363531923948
0,2.954667832903713,-2.954667832903713
11,7.822099431433033,3.177900568566967
15,14.534351438145858,0.4656485618541417
58,51.799176194167,6.2008238058329965
33,44.618692682186726,-11.618692682186726
12,11.170266440203168,0.829733559796832
47,29.381696006379627,17.618303993620373
15,20.77333297503146,-5.773332975031462
62,59.46331293242058,2.5366870675794218
36,35.77372728524638,0.22627271475361965
52,19.75158338967261,32.24841661032739
86,71.32109865890851,14.678901341091489
37,26.392466422831568,10.607533577168432
68,69.62658918897836,-1.6265891889783575
74,30.37314385026407,43.62685614973593
78,54.99455626383842,23.00544373616158
0,9.080972371352386,-9.080972371352386
59,30.824026870152068,28.175973129847932
81,69.3120518227057,11.687948177294302
39,47.97727710732122,-8.977277107321221
58,49.208618078067886,8.791381921932114
24,23.586916191520853,0.41308380847914705
25,25.656799295218907,-0.6567992952189066
79,63.45060817189203,15.549391828107971
37,58.24436851733912,-21.24436851733912
0,0.8120212493461693,-0.8120212493461693
43,21.275453863094924,21.724546136905076
61,47.34770482448454,13.652295175515462
72,56.91683183142139,15.08316816857861
19,4.1162662946298205,14.88373370537018
47,77.71336476705423,-30.71336476705423
0,19.582723858643217,-19.582723858643217
63,59.02124273917474,3.9787572608252617
0,0.4016556086143715,-0.4016556086143715
30,32.380962802659354,-2.3809628026593543
14,28.499898981126172,-14.499898981126172
1,41.16189970489716,-40.16189970489716
9,24.49736308297739,-15.49736308297739
21,26.966023021450173,-5.966023021450173
19,17.60012344552797,1.39987655447203
39,41.66482547001749,-2.6648254700174903
71,67.34357261573405,3.656427384265953
40,44.829021201263586,-4.829021201263586
57,57.385357627476154,-0.38535762747615365
6,13.481350153680006,-7.481350153680006
0,0.3358015600283642,-0.3358015600283642
55,51.96874417491504,3.031255825084962
6,6.266572004474129,-0.26657200447412865
0,27.5712579511551,-27.5712579511551
53,63.088287149100196,-10.088287149100196
33,36.43098426887622,-3.430984268876223
75,64.84751359892219,10.152486401077809
40,46.570749131306535,-6.570749131306535
38,37.09353288285657,0.9064671171434284
0,5.356864586340911,-5.356864586340911
44,43.1285397221275,0.8714602778725009
0,62.54275110224872,-62.54275110224872
0,42.37128236722627,-42.37128236722627
61,55.33812785315502,5.661872146844978
67,66.6209342110168,0.37906578898319765
0,42.37128236722627,-42.37128236722627
0,42.797144180782716,-42.797144180782716
20,14.311824256406751,5.6881757435932485
23,41.85548644415103,-18.855486444151033
47,38.638702307534864,8.361297692465136
2,18.45650638849143,-16.45650638849143
36,36.451248196819236,-0.4512481968192361
48,48.91824252915116,-0.9182425291511578
0,12.355106903742918,-12.355106903742918
57,50.1003393406231,6.899660659376899
44,46.17503870500022,-2.175038705000219
47,48.07496519879656,-1.074965198796562
26,29.769447768480163,-3.7694477684801626
43,50.335531948915055,-7.335531948915055
57,34.89961028259184,22.100389717408163
76,63.72088815057653,12.279111849423472
29,19.839041374322832,9.160958625677168
26,26.76029604188461,-0.7602960418846116
51,54.000608123770334,-3.000608123770334
43,45.3031768492794,-2.303176849279403
42,13.323302198041919,28.67669780195808
33,18.549868381428187,14.450131618571813
0,21.19873747015519,-21.19873747015519
55,60.39425414638917,-5.394254146389173
20,21.56302925325045,-1.5630292532504484
36,35.77593548465206,0.22406451534794058
63,44.84350040641187,18.15649959358813
50,24.423405361697082,25.576594638302918
34,33.69038810341156,0.3096118965884429
66,65.67872317558046,0.32127682441954164
47,61.35967081370306,-14.359670813703062
34,34.097820460650794,-0.09782046065079442
35,47.161664645648,-12.161664645648003
64,52.65199886751295,11.348001132487049
0,23.414698828634766,-23.414698828634766
59,39.27065597894935,19.72934402105065
0,14.321401666767018,-14.321401666767018
26,30.61942942824506,-4.619429428245059
0,3.666528097713664,-3.666528097713664
72,71.34849526917866,0.651504730821344
25,10.869665224324939,14.130334775675061
47,45.01062537614833,1.989374623851667
28,27.986422035111023,0.013577964888977334
57,56.28798950768246,0.712010492317539
3,46.44659228705617,-43.44659228705617
57,55.10172034563295,1.8982796543670517
52,32.20200579630398,19.79799420369602
51,54.27619877965819,-3.2761987796581877
37,39.30613227146571,-2.3061322714657067
80,60.9178605393801,19.0821394606199
0,6.020841560254059,-6.020841560254059
40,41.14021940561968,-1.140219405619682
22,20.896713162353706,1.1032868376462943
63,52.75842472369495,10.24157527630505
79,73.9594963088447,5.040503691155294
52,17.95201612564003,34.04798387435997
15,16.930900809865893,-1.9309008098658929
35,36.300545498669536,-1.3005454986695355
31,31.122740951867108,-0.1227409518671081
38,39.96544408791741,-1.9654440879174118
33,23.443693680342335,9.556306319657665
0,0.19636737398987916,-0.19636737398987916
73,53.72866477637336,19.271335223626643
34,29.84973247526737,4.15026752473263
15,29.07138859766137,-14.071388597661372
2,1.903278699154988,0.09672130084501207
52,17.05304648759292,34.94695351240708
73,74.64580728868695,-1.645807288686953
24,30.971967553469458,-6.971967553469458
61,51.81717079139482,9.182829208605177
34,33.80903819397223,0.19096180602777224
0,9.92450866314134,-9.92450866314134
78,75.00299529117356,2.997004708826438
21,5.805757308261126,15.194242691738875
71,53.13040163488045,17.86959836511955
37,41.08313957301013,-4.083139573010129
75,49.370694056527505,25.629305943472495
74,54.525421195129915,19.474578804870085
70,55.40183544517466,14.598164554825338
5,5.296171214254828,-0.2961712142548283
38,28.445150052052057,9.554849947947943
0,30.449133745582355,-30.449133745582355
0,25.41149820037417,-25.41149820037417
43,33.48565953810796,9.51434046189204
27,22.125600345394453,4.874399654605547
0,53.11857803991626,-53.11857803991626
68,76.23410047794121,-8.234100477941212
37,38.49266924647521,-1.4926692464752094
75,62.72870481235261,12.27129518764739
18,27.87233130947644,-9.87233130947644
32,36.63341358605526,-4.633413586055262
47,40.75199705076985,6.248002949230148
45,48.494703397665575,-3.4947033976655746
42,39.48158209862756,2.5184179013724375
51,34.38935545988026,16.610644540119743
60,64.12107759136916,-4.121077591369158
20,19.016284016919215,0.9837159830807849
59,24.20383687512036,34.79616312487964
0,0.4406251074043466,-0.4406251074043466
0,24.886522709605572,-24.886522709605572
43,6.629465379184505,36.3705346208155
43,40.017471910088375,2.982528089911625
73,66.98403923821839,6.0159607617816135
24,49.89342464546766,-25.89342464546766
42,40.08905795381333,1.910942046186669
12,8.314156290484943,3.6858437095150567
2,2.7079105900833795,-0.7079105900833795
17,16.931205965374723,0.06879403462527733
70,72.3139877845451,-2.3139877845451053
62,50.60976195312949,11.390238046870508
20,21.43850222403093,-1.4385022240309304
39,40.40602863265992,-1.4060286326599183
0,22.392964885435056,-22.392964885435056
35,36.08350737569356,-1.0835073756935572
81,79.9674986107452,1.0325013892548043
18,18.023251819302093,-0.02325181930209297
59,49.79108683033428,9.20891316966572
39,10.155761543324667,28.844238456675335
39,40.21951071876857,-1.2195107187685679
59,51.71195775765864,7.288042242341362
45,43.38077939451892,1.6192206054810825
56,43.001645899089404,12.998354100910596
77,49.837167239490086,27.162832760509914
38,42.4811225191263,-4.481122519126302
75,69.2119868690335,5.788013130966505
63,63.16400966854297,-0.16400966854296684
30,30.093423842090502,-0.09342384209050181
46,42.32851484056,3.671485159440003
35,34.23305440036918,0.766945599630823
47,50.71776156015065,-3.717761560150649
62,58.826575125827034,3.173424874172966
29,28.02394613567561,0.9760538643243883
50,37.44920268519461,12.550797314805394
36,26.7355868214709,9.2644131785291
58,62.66136223732299,-4.66136223732299
37,36.47286328372389,0.5271367162761109
1,48.037059111445295,-47.037059111445295
53,43.03970685336719,9.960293146632807
39,21.33969257223199,17.66030742776801
1,5.711537891586114,-4.711537891586114
5,5.262982853613575,-0.26298285361357543
69,69.5052049440049,-0.5052049440049018
45,11.156303246097213,33.84369675390279
48,38.834135158756844,9.165864841243156
0,3.154807726422361,-3.154807726422361
54,30.283841188014858,23.716158811985142
58,59.02737904380053,-1.0273790438005292
18,17.71424094206011,0.28575905793989165
56,47.50988154092415,8.490118459075852
47,40.66837110423987,6.331628895760133
65,42.08635584871688,22.913644151283123
43,41.36268284591429,1.6373171540857072
73,74.70261599960787,-1.7026159996078718
69,53.568256753104656,15.431743246895344
12,6.354893049039443,5.645106950960557
69,45.04589691685187,23.954103083148127
59,40.24690409253163,18.75309590746837
47,42.23083215602271,4.769167843977293
0,17.43151239941764,-17.43151239941764
22,21.818469808847386,0.18153019115261415
64,61.971169435193175,2.0288305648068246
57,39.750632871517965,17.249367128482035
74,72.22566434214724,1.7743356578527596
0,4.304242125762744,-4.304242125762744
0,3.7262557408341395,-3.7262557408341395
30,18.254973552448686,11.745026447551314
49,12.958401166664855,36.041598833335144
42,37.869566385382704,4.130433614617296
36,50.63577038170665,-14.63577038170665
22,6.998200409236099,15.001799590763902
39,38.314342930181894,0.6856570698181059
11,14.862110551419116,-3.862110551419116
0,36.68570950927715,-36.68570950927715
60,69.76872225578948,-9.768722255789484
0,12.543440587335581,-12.543440587335581
62,33.99230223240583,28.007697767594173
58,58.59852270137198,-0.5985227013719765
19,22.97049561689219,-3.9704956168921903
72,71.78116732162398,0.2188326783760175
43,46.52141626709804,-3.52141626709804
1,37.05299484978154,-36.05299484978154
31,31.190474454457053,-0.19047445445705335
26,25.02666982822543,0.9733301717745704
1,35.05212818255548,-34.05212818255548
82,74.59679266382003,7.403207336179975
72,64.05413331487239,7.945866685127612
50,40.97529220370389,9.024707796296113
79,68.72246779097112,10.277532209028877
53,51.824541637499465,1.1754583625005353
86,8.241754450309259,77.75824554969074
32,26.871948402332535,5.128051597667465
79,77.4315019376516,1.5684980623483966
36,26.196026843350214,9.803973156649786
35,30.44197494230538,4.558025057694621
74,64.39099741961853,9.609002580381471
48,51.63281746136352,-3.6328174613635227
0,2.029891587416806,-2.029891587416806
0,0.8109210189334508,-0.8109210189334508
46,47.73732117801881,-1.73732117801881
45,44.79713151774196,0.20286848225804022
45,31.166641351139504,13.833358648860496
43,46.350410942014555,-3.3504109420145554
0,32.948857187770386,-32.948857187770386
43,48.29255175610604,-5.292551756106043
63,52.96593918815654,10.03406081184346
18,15.491694093034555,2.508305906965445
50,50.50093114775547,-0.5009311477554732
47,47.984229981013435,-0.984229981013435
65,49.45112602440471,15.548873975595292
22,21.69265273554458,0.3073472644554194
49,48.89699361854802,0.10300638145198349
59,65.55471861926817,-6.554718619268172
25,28.79783984811213,-3.7978398481121296
48,34.03362891514846,13.966371084851538
0,15.603233258251132,-15.603233258251132
0,0.1771232204221895,-0.1771232204221895
42,41.794696532453756,0.20530346754624418
41,40.19458021729027,0.8054197827097269
44,45.597639719219295,-1.5976397192192948
15,7.3460387332786805,7.6539612667213195
0,15.455605253660796,-15.455605253660796
14,14.786771782259784,-0.786771782259784
30,28.577731430922686,1.422268569077314
76,62.224667541718524,13.775332458281476
46,47.329701348976045,-1.3297013489760445
54,41.83976507976655,12.16023492023345
38,46.41469819070743,-8.414698190707433
55,50.20748209815016,4.792517901849841
1,28.18904433644401,-27.18904433644401
43,49.181591953516765,-6.181591953516765
69,51.80778451147004,17.19221548852996
26,33.917071251762074,-7.917071251762074
54,60.64013019682345,-6.640130196823449
45,23.795948990445908,21.204051009554092
11,11.02572997250839,-0.025729972508390375
33,24.101045860530668,8.898954139469332
32,39.59093777750816,-7.5909377775081595
54,45.79351543635818,8.206484563641823
15,25.249060229476697,-10.249060229476697
25,42.52779739218464,-17.527797392184638
71,73.50794154410019,-2.5079415441001913
0,39.87318855461514,-39.87318855461514
62,40.22234178874716,21.77765821125284
31,23.131154542024095,7.868845457975905
59,43.76966463006427,15.23033536993573
34,31.123177426585457,2.876822573414543
31,2.2530891917647766,28.746910808235224
17,16.44074014385638,0.5592598561436191
0,12.87994877907176,-12.87994877907176
15,22.111256968222722,-7.1112569682227225
37,24.687867710335407,12.312132289664593
37,38.61406000086474,-1.6140600008647397
57,50.47082733535872,6.52917266464128
22,29.062571428106107,-7.062571428106107
0,0.4406495852372141,-0.4406495852372141
51,36.53418721254041,14.46581278745959
63,67.48009819426257,-4.480098194262567
0,2.352128474808887,-2.352128474808887
76,68.13798018966382,7.862019810336179
49,43.33473498914971,5.665265010850291
16,25.961460828344283,-9.961460828344283
43,40.26132324637101,2.7386767536289867
51,49.86096139743124,1.1390386025687604
5,38.866806267349375,-33.866806267349375
0,0.540608292961381,-0.540608292961381
18,18.24714716272284,-0.24714716272283965
47,38.719404233898224,8.280595766101776
53,54.44880394078639,-1.4488039407863909
60,36.308686986417555,23.691313013582445
39,39.820732488206126,-0.8207324882061258
55,52.56630811887978,2.433691881120218
40,41.51225668086155,-1.5122566808615474
1,12.986335286720616,-11.986335286720616
18,18.066697964320447,-0.06669796432044706
0,25.773302967242753,-25.773302967242753
16,12.961613690492355,3.0383863095076453
61,63.140763605208875,-2.1407636052088748
17,20.187775136657123,-3.187775136657123
30,29.194827553302535,0.8051724466974655
1,1.0991690821587727,-0.09916908215877274
49,35.199638642325965,13.800361357674035
42,25.772281815338776,16.227718184661224
61,63.1125319849895,-2.112531984989502
25,24.46974536383044,0.530254636169559
31,17.837256800744047,13.162743199255953
6,15.431616034634489,-9.431616034634489
32,5.824594859042832,26.175405140957167
62,61.53720648236174,0.4627935176382607
26,26.089029069621425,-0.0890290696214251
75,33.488368615037395,41.511631384962605
0,0.5225564459955342,-0.5225564459955342
41,45.246788746478174,-4.246788746478174
53,65.53525665102686,-12.535256651026856
42,45.879260809831806,-3.8792608098318055
33,33.6407793649535,-0.6407793649535023
42,47.984229981013435,-5.984229981013435
0,26.17165988646575,-26.17165988646575
51,46.96397682311781,4.036023176882189
54,55.990703116016,-1.9907031160160003
53,11.405520373757676,41.594479626242325
1,54.23566722443491,-53.23566722443491
60,38.48087798058702,21.519122019412983
52,50.84464919048249,1.1553508095175076
0,7.927241808802659,-7.927241808802659
61,56.51355788172963,4.486442118270368
58,55.63197512888947,2.368024871110528
21,18.493140412766145,2.506859587233855
73,56.837744127950074,16.162255872049926
84,60.831758169505534,23.168241830494466
75,78.54882558691412,-3.54882558691412
73,58.09256809593761,14.907431904062392
29,28.85763939327081,0.14236060672919137
35,25.166656738318714,9.833343261681286
47,48.28686197932506,-1.2868619793250602
0,2.251311870641768,-2.251311870641768
85,81.24558301651784,3.754416983482159
23,23.05264500909813,-0.052645009098128526
69,58.992355892425856,10.007644107574144
59,34.16716383422675,24.83283616577325
0,27.5712579511551,-27.5712579511551
46,46.08854531211325,-0.08854531211324712
53,52.466668383858384,0.5333316161416164
64,61.42247500241366,2.5775249975863375
0,9.082397226159008,-9.082397226159008
20,19.938762485043114,0.06123751495688623
47,39.96433674192909,7.035663258070912
54,54.7917523246425,-0.791752324642502
66,69.98881980374202,-3.988819803742018
45,26.302005402496082,18.697994597503918
53,51.26223286692257,1.7377671330774334
40,40.058284488705965,-0.05828448870596503
8,6.213176791595315,1.7868232084046847
62,35.208338875907614,26.791661124092386
0,4.544929108792375,-4.544929108792375
9,8.57593186675888,0.4240681332411196
46,44.84169284606803,1.1583071539319718
24,25.746288486307495,-1.7462884863074954
32,31.042343534540198,0.9576564654598023
0,17.295048449921822,-17.295048449921822
48,46.73050829150016,1.2694917084998423
67,45.74662076689604,21.253379233103963
29,35.20319284338606,-6.203192843386063
68,44.86209981380668,23.13790018619332
30,40.72008377099386,-10.72008377099386
9,43.44938808676476,-34.44938808676476
45,60.298827088788094,-15.298827088788094
50,44.12029644677419,5.879703553225809
3,4.136113019165748,-1.136113019165748
0,6.76034772892598,-6.76034772892598
0,36.24433811538311,-36.24433811538311
0,2.1191838219279093,-2.1191838219279093
76,60.45817817143525,15.54182182856475
31,28.75450429338927,2.245495706610729
65,57.00131099494415,7.9986890050558515
65,46.76534754732711,18.23465245267289
61,41.903305994363414,19.096694005636586
41,36.9248428061639,4.075157193836098
63,63.39882813873786,-0.39882813873786205
11,19.86596026956134,-8.865960269561342
54,49.8773584405024,4.122641559497602
28,27.573188958139745,0.42681104186025465
11,10.920817152905737,0.0791828470942626
0,0.1889190783952041,-0.1889190783952041
1,13.186652720467897,-12.186652720467897
58,71.08060973542217,-13.080609735422172
29,33.88860002111485,-4.888600021114847
46,37.92785163586323,8.072148364136773
66,57.704552080769496,8.295447919230504
45,43.58469415452141,1.415305845478592
66,55.52927720533122,10.47072279466878
2,2.43594113165307,-0.4359411316530699
0,0.2902978846277815,-0.2902978846277815
46,45.60695247261729,0.39304752738271276
57,63.26538953449373,-6.265389534493728
51,58.74119381535503,-7.741193815355032
69,52.797564705746815,16.202435294253185
48,49.50194827521125,-1.501948275211248
0,10.686054802789602,-10.686054802789602
0,1.864084736294922,-1.864084736294922
0,9.734982698989725,-9.734982698989725
71,67.9625054080285,3.0374945919714946
48,20.382363829042305,27.617636170957695
69,49.476758513506105,19.523241486493895
65,47.88280131036024,17.117198689639757
43,53.82642868545388,-10.826428685453877
73,71.31184163160954,1.6881583683904609
67,62.78467401334609,4.215325986653909
65,51.78542593977046,13.214574060229538
41,45.9002611773633,-4.900261177363298
79,69.61378860426477,9.38621139573523
56,59.47357326736041,-3.4735732673604076
47,46.493778593623325,0.5062214063766746
27,26.42656967743675,0.5734303225632509
18,19.10203618909857,-1.1020361890985697
6,16.655248838900523,-10.655248838900523
41,40.209018461178694,0.7909815388213062
31,21.61750000174699,9.38249999825301
0,35.0446574418494,-35.0446574418494
24,23.533011103164228,0.4669888968357725
4,10.24025045452658,-6.24025045452658
62,60.026392636176766,1.973607363823234
34,44.665482755748236,-10.665482755748236
9,8.802620231469577,0.19737976853042305
24,27.572543575791656,-3.5725435757916557
0,20.179042873393353,-20.179042873393353
37,38.22769638824364,-1.2276963882436434
0,37.8431862186227,-37.8431862186227
50,47.869878796446876,2.1301212035531236
70,51.24762531762764,18.752374682372363
0,0.06439072881225553,-0.06439072881225553
42,46.89249798227692,-4.892497982276922
62,59.33353687496278,2.666463125037218
0,0.2835731177517011,-0.2835731177517011
47,42.88188875870677,4.118111241293228
49,50.834525705104376,-1.834525705104376
1,16.965365126299663,-15.965365126299663
4,31.074495217735826,-27.074495217735826
33,31.50465280560687,1.4953471943931298
20,20.841209627812933,-0.8412096278129333
0,0.0,0.0
74,67.22129513759214,6.778704862407864
30,29.53014630101096,0.4698536989890414
1,15.860420970850056,-14.860420970850056
26,38.176528323662616,-12.176528323662616
51,54.372991361165845,-3.3729913611658446
37,40.55326716418914,-3.553267164189137
62,66.67093277253406,-4.670932772534059
0,0.06007200130911471,-0.06007200130911471
22,22.494396919394173,-0.4943969193941733
65,61.31489527894395,3.6851047210560495
32,38.34338397893307,-6.343383978933069
9,9.182333211922913,-0.18233321192291285
36,36.066344584549455,-0.06634458454945502
60,53.57369973462739,6.4263002653726105
0,44.77184889235816,-44.77184889235816
67,56.690729099078915,10.309270900921085
38,28.59456923757041,9.405430762429589
48,58.77046092617474,-10.770460926174742
58,47.993466495856616,10.006533504143384
60,68.18429246038262,-8.184292460382622
77,66.54687750909146,10.453122490908541
0,3.4711929623803077,-3.4711929623803077
58,60.83464215975505,-2.834642159755049
79,66.04410131860395,12.95589868139605
67,65.14724207080927,1.8527579291907301
40,49.09092723823476,-9.090927238234762
63,61.25881532085878,1.7411846791412202
57,67.97087827242893,-10.970878272428934
34,35.519808599408854,-1.5198085994088544
0,9.522220705190447,-9.522220705190447
51,48.698121986775185,2.3018780132248153
0,2.879133504906701,-2.879133504906701
74,23.35666598416776,50.64333401583224
5,12.822331138148202,-7.822331138148202
32,32.146734689928216,-0.14673468992821626
75,77.43720658013153,-2.43720658013153
25,16.373000622892647,8.626999377107353
10,9.782217694504109,0.2177823054958914
19,15.725802773088663,3.274197226911337
39,42.35126303284149,-3.351263032841487
58,62.25192008661223,-4.25192008661223
69,68.74234955003118,0.25765044996882125
56,41.50669996064353,14.49330003935647
36,22.199622793240735,13.800377206759265
64,49.06855280080553,14.931447199194473
35,6.00677220087662,28.99322779912338
26,28.60729097906094,-2.6072909790609415
46,41.836082530039995,4.163917469960005
3,2.7381897828811965,0.2618102171188035
51,49.4535714504885,1.5464285495115035
34,49.116157095687825,-15.116157095687825
46,46.271023347713786,-0.2710233477137862
26,29.126859927617016,-3.1268599276170157
38,27.028814796627234,10.971185203372766
48,29.143030896317764,18.856969103682236
35,39.30309080484685,-4.303090804846853
56,39.43186246845281,16.568137531547187
3,3.2283690504480878,-0.22836905044808775
33,54.438590492137784,-21.438590492137784
63,66.8098600306904,-3.809860030690402
35,34.908260780560546,0.09173921943945373
46,55.37600583197984,-9.376005831979839
58,23.43292334631767,34.567076653682335
52,49.131343117033275,2.868656882966725
56,45.76352902384961,10.236470976150393
42,39.53122223031992,2.468777769680081
74,64.22775257958234,9.772247420417656
25,28.15002788599751,-3.1500278859975097
82,51.34626828947022,30.653731710529783
47,47.06675175615303,-0.06675175615303175
58,34.29109017217328,23.708909827826723
84,52.75165588646249,31.248344113537513
44,43.59262182493614,0.40737817506386165
21,19.67914059873513,1.320859401264869
16,13.833743686174468,2.1662563138255315
70,53.855237168879626,16.144762831120374
8,40.13886228301378,-32.13886228301378
14,25.01125085786545,-11.011250857865448
49,36.19880327859389,12.801196721406107
75,72.23100491813642,2.7689950818635793
52,27.44926784415355,24.55073215584645
64,56.76583126975956,7.234168730240441
21,20.168656588723792,0.8313434112762081
36,35.777042590878594,0.22295740912140616
52,54.52163837483178,-2.521638374831781
0,0.9241910269665864,-0.9241910269665864
52,46.90276444896749,5.097235551032512
10,19.22198131659213,-9.221981316592132
26,26.42656967743675,-0.4265696774367491
38,39.55040810251696,-1.5504081025169612
36,37.311612770358764,-1.3116127703587637
56,53.88758928699787,2.1124107130021272
60,56.983428069858405,3.0165719301415947
6,8.288172963724236,-2.288172963724236
61,65.27858654492628,-4.278586544926284
47,47.29573590695772,-0.29573590695771657
42,39.44578514560642,2.554214854393578
54,54.22581741036756,-0.22581741036756142
0,3.6113951863596374,-3.6113951863596374
29,7.283142305943389,21.71685769405661
30,29.933113763825595,0.0668862361744047
58,62.42371215126248,-4.423712151262478
42,14.904485383312496,27.095514616687502
38,45.40440094127381,-7.404400941273813
23,22.052417957481516,0.9475820425184835
0,9.5372901153829,-9.5372901153829
0,49.13858216583459,-49.13858216583459
0,7.022310750410932,-7.022310750410932
34,39.070912347480935,-5.070912347480935
63,63.43984938490405,-0.43984938490405057
68,68.8543239034264,-0.8543239034264047
52,35.47174370980124,16.52825629019876
44,45.34666868325947,-1.3466686832594732
79,57.27700755175832,21.722992448241683
41,39.00297220222634,1.9970277977736615
57,58.68151246980787,-1.6815124698078705
67,19.08028542667718,47.91971457332282
66,54.55110390854973,11.448896091450273
6,6.184423269186292,-0.1844232691862917
19,19.710427260909036,-0.7104272609090359
31,30.791785829401654,0.20821417059834602
36,19.835002088068073,16.164997911931927
16,63.59270633815943,-47.59270633815943
43,50.737643383768564,-7.737643383768564
3,3.1594650373354605,-0.15946503733546047
41,45.46325217732449,-4.463252177324492
49,46.743246001489,2.2567539985110017
11,10.61156535735939,0.38843464264060934
24,27.44599712578471,-3.445997125784711
0,26.013514784585805,-26.013514784585805
73,73.7922097037706,-0.7922097037705953
39,41.18271589824825,-2.1827158982482473
49,39.06732461638736,9.93267538361264
79,54.670339610225476,24.329660389774524
0,26.91186708239806,-26.91186708239806
1,1.6767930271104,-0.6767930271103999
6,28.701994829329355,-22.701994829329355
45,45.685415820087506,-0.6854158200875062
39,28.032760997935014,10.967239002064986
39,19.58837800807134,19.41162199192866
0,1.3252999871641074,-1.3252999871641074
22,18.83726426478113,3.1627357352188703
52,63.27085736624226,-11.27085736624226
23,13.308222414094155,9.691777585905845
0,0.9492527136857033,-0.9492527136857033
0,0.6202337867008374,-0.6202337867008374
70,62.68321266570585,7.316787334294148
0,14.85999289158914,-14.85999289158914
16,8.049885450597392,7.950114549402608
92,54.60440566735188,37.39559433264812
47,46.966387819863144,0.033612180136856296
1,1.3388604266314754,-0.3388604266314754
0,49.247374269299144,-49.247374269299144
17,17.225358190822348,-0.2253581908223481
50,39.88357518708636,10.116424812913642
61,59.824338608649526,1.1756613913504737
64,64.04721715294815,-0.04721715294814999
47,46.46448763737383,0.5355123626261715
56,60.349320007430535,-4.349320007430535
51,45.63846639225032,5.361533607749678
41,20.093893650531573,20.906106349468427
2,10.226721133842673,-8.226721133842673
65,60.653836311465575,4.346163688534425
0,0.5114721094102537,-0.5114721094102537
64,63.05750066971525,0.9424993302847469
71,68.81683458113383,2.1831654188661673
17,22.715016710959937,-5.715016710959937
15,43.034232067377424,-28.034232067377424
50,37.917627885832374,12.082372114167626
0,0.3163371873969061,-0.3163371873969061
40,29.621707368377606,10.378292631622394
0,38.31944453995879,-38.31944453995879
0,2.3610530502876297,-2.3610530502876297
0,12.220532090984388,-12.220532090984388
60,55.607711890191915,4.392288109808085
11,8.043847552915958,2.956152447084042
41,39.07964787063416,1.9203521293658383
53,47.15498258776951,5.84501741223049
0,61.797473752067916,-61.797473752067916
41,40.601771569271634,0.39822843072836633
0,6.415975465406271,-6.415975465406271
67,65.30955361131694,1.690446388683057
0,17.704446528277842,-17.704446528277842
0,4.632586311364267,-4.632586311364267
76,64.45085594827717,11.549144051722834
24,25.237479205668862,-1.237479205668862
39,39.72533945947777,-0.7253394594777731
0,2.3273138923619627,-2.3273138923619627
47,55.83093385156439,-8.830933851564389
20,18.772717936256168,1.2272820637438322
52,60.02161638251627,-8.021616382516271
29,20.059549121323784,8.940450878676216
51,41.66846051676878,9.331539483231218
1,11.590897710667265,-10.590897710667265
36,38.2481579570412,-2.248157957041201
47,53.1087062763347,-6.108706276334701
34,22.945618883321234,11.054381116678766
47,35.65801858116432,11.34198141883568
78,66.42368221723855,11.57631778276145
22,22.227350600533132,-0.22735060053313205
38,40.39817823156756,-2.398178231567563
2,63.541701506032695,-61.541701506032695
68,68.0577886896021,-0.05778868960210559
42,42.77694704022276,-0.7769470402227583
42,40.27236089946102,1.7276391005389797
41,43.46956331213883,-2.469563312138831
28,3.645730924601453,24.35426907539855
16,17.276182454296652,-1.2761824542966522
39,42.71475048134787,-3.7147504813478704
26,39.03659119107717,-13.036591191077171
49,7.352925263005802,41.6470747369942
0,10.204358787579471,-10.204358787579471
28,27.962630967382157,0.037369032617842635
49,47.04355613299894,1.956443867001063
67,61.78816629690136,5.211833703098641
0,8.724558864675284,-8.724558864675284
64,44.93416954005037,19.06583045994963
38,22.796219622293638,15.203780377706362
71,42.90711994859622,28.09288005140378
0,43.020151256810095,-43.020151256810095
49,41.81391778052873,7.186082219471267
52,53.17940423865456,-1.1794042386545627
10,27.973339832879915,-17.973339832879915
64,68.54762707148092,-4.5476270714809175
41,51.87689131003235,-10.876891310032349
63,68.84921878501768,-5.849218785017683
26,30.347532041778297,-4.347532041778297
56,40.47446450664122,15.525535493358781
0,2.2805754818262503,-2.2805754818262503
35,38.85678625604037,-3.8567862560403725
37,7.27255978678926,29.72744021321074
43,50.616723964141684,-7.616723964141684
51,51.50290745900555,-0.5029074590055487
33,32.103103986226714,0.8968960137732864
34,36.01746307156667,-2.0174630715666666
46,45.34628276182891,0.6537172381710903
70,59.47180619905798,10.52819380094202
33,17.026103705817356,15.973896294182644
62,60.664987193610216,1.3350128063897841
55,59.561413385920005,-4.561413385920005
49,48.26410912216702,0.7358908778329791
45,34.04920783390467,10.950792166095333
3,2.9336571126799726,0.06634288732002736
37,31.618414615256974,5.381585384743026
0,9.17031855760378,-9.17031855760378
67,55.571847406080174,11.428152593919826
40,45.78291266890813,-5.782912668908132
14,14.674592597406532,-0.6745925974065319
50,55.27755720921382,-5.277557209213818
0,46.40131021046687,-46.40131021046687
22,20.749434553173742,1.2505654468262577
49,32.44694208574388,16.553057914256122
56,57.400981009921196,-1.4009810099211961
0,19.124942154211812,-19.124942154211812
76,66.68788227302107,9.312117726978926
39,34.050664136254284,4.949335863745716
42,41.35750678457449,0.6424932154255103
61,54.32389585446015,6.676104145539853
62,64.68521779991595,-2.6852177999159466
17,23.443969207961825,-6.443969207961825
54,54.4590818479066,-0.459081847906603
29,28.878363025306978,0.12163697469302193
40,42.75810509474229,-2.758105094742291
72,56.82801158189096,15.171988418109038
18,27.527102813013435,-9.527102813013435
73,59.3511715319924,13.6488284680076
66,19.013847971952924,46.98615202804707
13,13.468527797748646,-0.4685277977486457
0,33.33660849888617,-33.33660849888617
65,40.73744419710806,24.26255580289194
2,2.3052860424438593,-0.30528604244385926
52,51.87743048310523,0.12256951689477091
15,20.014753149943566,-5.014753149943566
35,37.88586764993153,-2.8858676499315266
0,32.11301912088751,-32.11301912088751
21,18.822829604976782,2.177170395023218
13,13.145417188486752,-0.14541718848675167
50,44.40987777787546,5.590122222124542
49,47.53806470568226,1.4619352943177404
34,43.98946021987029,-9.989460219870288
52,59.63122075364811,-7.631220753648108
0,8.240572176567278,-8.240572176567278
42,39.71402985918872,2.28597014081128
32,31.65629906350093,0.34370093649906863
36,38.40537796124903,-2.4053779612490302
5,4.896190547460172,0.10380945253982787
66,67.30857115078128,-1.308571150781276
61,49.94346377883876,11.056536221161238
6,6.2991357216675725,-0.2991357216675725
55,57.7677482212707,-2.7677482212707005
63,57.27589236554761,5.724107634452388
43,57.50646548698691,-14.506465486986912
2,60.33290550335875,-58.33290550335875
2,49.7512817258963,-47.7512817258963
8,10.295882455202158,-2.2958824552021575
60,57.472736038107826,2.5272639618921744
66,65.90120684438763,0.09879315561236979
78,57.41681535466292,20.583184645337077
11,27.555752310889176,-16.555752310889176
41,40.496313610610166,0.5036863893898342
26,25.952174997584404,0.047825002415596174
54,45.81534109128334,8.184658908716663
73,71.18847764937277,1.8115223506272287
0,6.5851394287086435,-6.5851394287086435
56,54.726818943496646,1.2731810565033541
46,46.40031958724001,-0.4003195872400127
16,21.98270637451898,-5.98270637451898
24,24.103565033181198,-0.10356503318119792
52,43.258090763490344,8.741909236509656
0,2.428862508243951,-2.428862508243951
0,0.3958704863314414,-0.3958704863314414
45,39.89565963864556,5.1043403613544385
37,32.81863201279843,4.181367987201568
29,29.23544957401175,-0.23544957401174926
34,35.84395011450671,-1.8439501145067112
32,35.35487691305482,-3.3548769130548166
2,13.476967138528133,-11.476967138528133
48,42.11330029983025,5.88669970016975
31,30.19936013994723,0.8006398600527689
57,59.13850419851788,-2.1385041985178788
45,46.0772449635272,-1.0772449635271997
0,0.8359593480212039,-0.8359593480212039
23,7.3503222453231505,15.64967775467685
35,37.232361507192856,-2.2323615071928558
20,27.172837755586507,-7.172837755586507
37,39.405700464288124,-2.405700464288124
62,43.65890480264843,18.34109519735157
42,45.225083458911186,-3.225083458911186
0,40.51349342948802,-40.51349342948802
25,27.54001811531799,-2.5400181153179915
25,25.108681911939936,-0.10868191193993582
53,50.68478036214291,2.3152196378570906
50,50.98525999904515,-0.985259999045148
58,57.95702322247167,0.042976777528330956
60,60.184773224933515,-0.18477322493351522
14,23.018540895767494,-9.018540895767494
23,22.82374238597711,0.17625761402289086
33,46.870993771694536,-13.870993771694536
0,45.47413399208964,-45.47413399208964
24,22.50589085117353,1.494109148826471
17,17.581088441750193,-0.5810884417501931
25,26.86675742562263,-1.8667574256226303
48,13.5387711738501,34.4612288261499
73,58.38348271949261,14.616517280507388
0,47.34307020124289,-47.34307020124289
22,22.04345166489289,-0.04345166489288843
73,60.25938323800294,12.74061676199706
30,37.79006062825674,-7.7900606282567395
47,50.5435668692833,-3.5435668692833033
0,29.146218543241073,-29.146218543241073
86,71.72657639246249,14.27342360753751
55,58.113259173014285,-3.113259173014285
29,27.098214148788525,1.901785851211475
40,34.63283668456901,5.367163315430993
22,22.23788764423823,-0.2378876442382314
50,39.27638775281195,10.72361224718805
57,47.30013857009127,9.69986142990873
56,48.97030992937211,7.029690070627893
8,8.080495560012283,-0.08049556001228275
36,39.965512510428496,-3.9655125104284963
0,1.2088933643141855,-1.2088933643141855
19,25.02666982822543,-6.02666982822543
46,45.688837200370315,0.3111627996296846
9,30.340513315818413,-21.340513315818413
19,11.819789204986055,7.180210795013945
68,55.12432895948034,12.875671040519663
35,48.72531422881644,-13.725314228816437
61,48.40833014909463,12.591669850905369
39,35.89088804717953,3.10911195282047
37,28.02617129049036,8.97382870950964
27,29.45360981231141,-2.4536098123114094
65,56.25379912566683,8.74620087433317
4,3.7698374653666376,0.23016253463336245
2,4.986781525722586,-2.986781525722586
16,23.938769963222178,-7.938769963222178
55,62.70333847898637,-7.7033384789863675
50,43.392964479131145,6.607035520868855
70,67.13476674860128,2.8652332513987204
25,28.668081974022854,-3.6680819740228543
53,51.103864406600955,1.8961355933990447
30,30.135005821995097,-0.13500582199509736
65,61.340097546879456,3.6599024531205444
54,66.14707493549508,-12.147074935495084
85,63.33657004728809,21.66342995271191
75,56.43380560306351,18.56619439693649
0,5.465921244317116,-5.465921244317116
31,31.088496027778824,-0.08849602777882382
58,53.426153073716065,4.5738469262839345
40,37.33062394485852,2.669376055141477
0,29.883108264578322,-29.883108264578322
52,45.703352254815165,6.296647745184835
55,59.691476109014516,-4.691476109014516
31,27.017031271785488,3.9829687282145123
63,60.7825815632696,2.217418436730398
27,44.265904002695116,-17.265904002695116
67,68.57712783159144,-1.57712783159144
17,19.211975994732388,-2.211975994732388
35,54.45664771067615,-19.45664771067615
20,20.885180573253262,-0.8851805732532618
69,66.41021638244523,2.5897836175547724
36,37.44752454492587,-1.4475245449258693
0,18.99621409463781,-18.99621409463781
35,34.51576642419706,0.48423357580293924
65,62.992505044949326,2.0074949550506744
54,54.08489811023842,-0.08489811023842009
6,8.375392695874611,-2.375392695874611
53,53.196370271854825,-0.1963702718548248
55,32.83118935300161,22.168810646998388
0,2.2127636328364044,-2.2127636328364044
18,17.87578330651505,0.12421669348495001
0,12.782031869318306,-12.782031869318306
10,10.24026272732015,-0.2402627273201503
0,3.7029773681835536,-3.7029773681835536
73,50.110651326745696,22.889348673254304
0,14.014228821608576,-14.014228821608576
0,3.71843846174356,-3.71843846174356
36,36.30530462932645,-0.3053046293264501
0,6.957331736738912,-6.957331736738912
0,27.103712600480304,-27.103712600480304
0,18.62056037355705,-18.62056037355705
39,40.64474696001716,-1.6447469600171587
0,21.20003684858918,-21.20003684858918
71,61.94425632123178,9.055743678768224
29,34.24558109264825,-5.245581092648251
41,22.440279083118703,18.559720916881297
38,35.97837664524534,2.0216233547546594
56,31.567389239285276,24.432610760714724
47,49.71705579757363,-2.7170557975736287
17,17.480534407895036,-0.48053440789503554
62,49.332227474897955,12.667772525102045
24,22.602203027875607,1.397796972124393
41,33.173856921696256,7.826143078303744
36,46.61149740994818,-10.611497409948178
33,23.38782823136696,9.61217176863304
83,69.26015634547323,13.739843654526766
0,6.91370827460681,-6.91370827460681
0,0.15375323747062009,-0.15375323747062009
5,35.402991261535895,-30.402991261535895
0,0.1221008563792069,-0.1221008563792069
81,70.52313359766083,10.47686640233917
51,50.185141817792946,0.814858182207054
71,53.7226138265299,17.2773861734701
60,64.98558041551571,-4.985580415515713
52,48.435442851893484,3.564557148106516
2,16.09195579587587,-14.091955795875869
75,68.29174119606833,6.70825880393167
0,0.0,0.0
43,42.65510298545829,0.34489701454170785
63,44.06750856687835,18.932491433121648
46,46.89910378234132,-0.8991037823413208
17,17.47213368243751,-0.47213368243750864
10,18.053792559174887,-8.053792559174887
61,69.12735273255915,-8.127352732559146
48,37.544827540743036,10.455172459256964
0,0.44724610695401057,-0.44724610695401057
79,69.29050263483578,9.709497365164225
0,2.042862046481996,-2.042862046481996
67,51.59233484509122,15.407665154908777
4,4.682247648573044,-0.6822476485730444
5,4.951618578629515,0.04838142137048518
41,36.92664349449297,4.073356505507029
0,6.066345816625169,-6.066345816625169
35,39.046901715896354,-4.046901715896354
14,11.742202537574906,2.257797462425094
1,68.08750096076064,-67.08750096076064
53,50.69296951794758,2.3070304820524186
30,28.397565432702542,1.6024345672974576
79,62.782018762459046,16.217981237540954
0,0.14912347898501122,-0.14912347898501122
46,15.338526849372395,30.661473150627607
49,60.30610045027344,-11.30610045027344
54,45.12649242902938,8.873507570970617
37,40.08905795381333,-3.089057953813331
25,22.50589085117353,2.494109148826471
64,39.964472207584954,24.035527792415046
72,33.60397332801063,38.39602667198937
53,53.67881022106103,-0.6788102210610276
57,57.40388797457388,-0.4038879745738768
57,51.867218814117386,5.132781185882614
0,0.02434135166093929,-0.02434135166093929
39,50.668976339446274,-11.668976339446274
73,70.08817340840105,2.9118265915989525
0,2.849715264281682,-2.849715264281682
43,49.69496772164071,-6.694967721640708
4,3.4544600740750733,0.5455399259249267
82,71.6008712833291,10.399128716670901
2,2.0911225928845854,-0.09112259288458535
60,57.35577449216765,2.6442255078323527
64,50.89752522777265,13.102474772227353
56,54.57159790985513,1.4284020901448713
0,22.46056531054138,-22.46056531054138
35,33.719318593103964,1.2806814068960364
21,25.4226720569578,-4.422672056957801
52,57.84073748471635,-5.84073748471635
61,46.09592184256676,14.90407815743324
50,48.781103301904594,1.2188966980954064
39,39.72008849393586,-0.7200884939358616
0,0.6909185623210072,-0.6909185623210072
55,51.56082093552786,3.4391790644721425
0,1.6814549043930491,-1.6814549043930491
0,2.9668418179670715,-2.9668418179670715
74,75.34697818902838,-1.346978189028377
0,8.940687914497625,-8.940687914497625
64,61.84699741023982,2.1530025897601774
36,32.07767801608563,3.9223219839143724
52,9.81840649655406,42.18159350344594
41,39.827132579842655,1.1728674201573455
27,32.42223562864019,-5.422235628640188
5,2.8521850933737216,2.1478149066262784
0,21.46249915430639,-21.46249915430639
75,47.72314808005684,27.276851919943162
0,18.330462180639852,-18.330462180639852
62,62.27191159369848,-0.2719115936984835
63,49.80825016798895,13.191749832011048
51,46.65686892376485,4.343131076235153
30,31.859235533469942,-1.859235533469942
40,34.086248779018106,5.913751220981894
36,35.44275994246469,0.55724005753531
37,38.86378975065347,-1.863789750653467
55,52.54214827021846,2.457851729781538
49,45.67207642659007,3.327923573409933
0,0.07093914104223381,-0.07093914104223381
43,54.82644166987901,-11.82644166987901
55,54.059376708454124,0.9406232915458759
32,31.920715816031752,0.0792841839682481
24,24.213857646709155,-0.21385764670915464
59,54.166827265923104,4.833172734076896
67,54.115699677401956,12.884300322598044
49,47.58889083633592,1.4111091636640793
42,39.01988315242683,2.9801168475731714
0,0.4457308346811868,-0.4457308346811868
24,25.052353858385622,-1.0523538583856222
63,59.97720289702158,3.022797102978423
54,56.05831569553124,-2.058315695531242
58,38.088559550522824,19.911440449477176
9,11.098897661903877,-2.0988976619038766
0,42.16227664786562,-42.16227664786562
51,44.74279349576069,6.2572065042393135
43,44.139241076900205,-1.1392410769002055
52,41.413783762846236,10.586216237153764
1,44.858785105111096,-43.858785105111096
2,31.221107341230734,-29.221107341230734
3,3.0770324047394157,-0.07703240473941575
51,50.075898060266105,0.9241019397338945
56,55.239264087652145,0.7607359123478545
38,36.14033101162157,1.8596689883784308
16,14.974559572569875,1.0254404274301248
51,36.70641597197027,14.293584028029727
29,29.505536063246467,-0.5055360632464669
40,46.76534754732711,-6.76534754732711
0,14.986805683920375,-14.986805683920375
0,4.1832246668513635,-4.1832246668513635
0,0.4301537625600435,-0.4301537625600435
3,20.937435273674815,-17.937435273674815
52,56.40511323253133,-4.405113232531328
15,17.792231756388688,-2.792231756388688
49,33.33456934273236,15.665430657267642
45,46.93568305579723,-1.9356830557972273
48,41.75688185867431,6.243118141325688
66,2.701632977726145,63.29836702227386
13,13.922413373772155,-0.9224133737721552
0,0.0736813396607211,-0.0736813396607211
0,17.68129786402983,-17.68129786402983
70,66.35149443725025,3.6485055627497474
75,73.2181687538052,1.7818312461947983
17,17.033938334782018,-0.03393833478201813
18,18.76152183550199,-0.7615218355019913
68,64.61908432619856,3.3809156738014394
2,42.15018947369388,-40.15018947369388
0,0.3679441692328291,-0.3679441692328291
74,60.72102602152615,13.27897397847385
58,58.53447351902224,-0.5344735190222423
73,49.728428317083925,23.271571682916075
0,12.416696650055279,-12.416696650055279
58,35.56167061681144,22.43832938318856
0,0.23936889761632035,-0.23936889761632035
32,30.249440105251672,1.7505598947483278
46,52.698802257568694,-6.698802257568694
32,31.096422604859438,0.9035773951405623
82,65.62835367062785,16.371646329372155
62,55.279238536520715,6.720761463479285
82,59.5808706488364,22.419129351163598
0,34.90257955022249,-34.90257955022249
24,27.56649881301466,-3.566498813014661
41,40.4322069313282,0.5677930686717971
15,19.307281081767005,-4.307281081767005
71,42.07838877845687,28.92161122154313
44,44.71458033386321,-0.7145803338632106
47,47.475435929572704,-0.4754359295727042
26,25.289091166691232,0.7109088333087676
41,32.86157484621487,8.138425153785128
0,0.6516787908540486,-0.6516787908540486
0,0.6776282606334076,-0.6776282606334076
0,37.24372855719939,-37.24372855719939
70,40.83194947560202,29.168050524397977
29,33.75430979644482,-4.754309796444822
3,42.973370927946156,-39.973370927946156
22,21.82566839063027,0.17433160936973024
32,32.71924853909744,-0.7192485390974426
31,29.23278118491306,1.7672188150869417
41,40.184053015118685,0.8159469848813146
0,20.92547380213405,-20.92547380213405
52,68.7167672137202,-16.716767213720203
73,41.09348095717095,31.906519042829053
73,66.7118150736783,6.288184926321705
25,33.189712094778976,-8.189712094778976
0,0.40507281950580926,-0.40507281950580926
25,44.941137727417306,-19.941137727417306
64,61.02008127233865,2.9799187276613495
29,27.288372295217297,1.7116277047827033
67,68.12298497079684,-1.1229849707968356
0,8.204291272069725,-8.204291272069725
0,48.6448620808395,-48.6448620808395
37,44.76990629638503,-7.769906296385031
33,38.15418715367312,-5.154187153673121
43,44.915775711066466,-1.9157757110664662
49,56.4091932531729,-7.4091932531729014
77,22.31539327866258,54.68460672133742
43,41.06668361764699,1.9333163823530128
20,40.986782599618486,-20.986782599618486
0,9.004581641323291,-9.004581641323291
50,61.97770866332902,-11.977708663329018
27,30.149128629182698,-3.149128629182698
44,47.487644890538284,-3.4876448905382844
0,0.2308659561942941,-0.2308659561942941
36,43.88352740187557,-7.883527401875568
71,66.63263893058513,4.367361069414869
28,35.69751380785065,-7.6975138078506475
38,35.97366137517874,2.026338624821257
36,45.12400296130493,-9.124002961304932
40,44.83630411540948,-4.836304115409483
0,45.70657657223915,-45.70657657223915
47,47.19257554725019,-0.19257554725019332
58,57.071590162341714,0.9284098376582861
16,22.68963569973609,-6.68963569973609
36,35.242660170786294,0.7573398292137057
52,24.837260359564972,27.162739640435028
10,13.853121815675854,-3.8531218156758538
0,28.910634469787464,-28.910634469787464
0,1.7742360581756453,-1.7742360581756453
5,7.218555204462014,-2.218555204462014
63,51.18142615982556,11.818573840174437
47,46.995382622533036,0.004617377466964001
0,13.346998886035706,-13.346998886035706
46,30.762334658163798,15.237665341836202
55,46.95689192901765,8.043108070982349
25,26.05535650180703,-1.0553565018070294
51,45.31665762414934,5.683342375850657
50,33.75367189770971,16.246328102290292
1,49.72703840471089,-48.72703840471089
33,32.33153001616761,0.668469983832388
58,53.19327501271315,4.806724987286849
24,22.71021150916119,1.2897884908388093
0,0.3867266181699171,-0.3867266181699171
34,32.1988083193361,1.801191680663898
23,23.117527461412944,-0.11752746141294423
36,37.148888208244166,-1.1488882082441663
76,73.39005237944464,2.60994762055536
36,35.319547547659255,0.6804524523407451
45,45.146775281031864,-0.14677528103186432
0,0.4702016482944318,-0.4702016482944318
51,49.61997443553615,1.3800255644638497
6,9.625608133408612,-3.625608133408612
4,4.299934818752682,-0.299934818752682
25,25.282549112877312,-0.2825491128773123
0,17.746107931954704,-17.746107931954704
17,44.90153527949783,-27.90153527949783
0,2.3766970879617184,-2.3766970879617184
0,40.10564105446964,-40.10564105446964
34,39.4740002942717,-5.474000294271697
8,33.07752717955659,-25.07752717955659
57,16.04554552522008,40.95445447477992
46,55.37322037621651,-9.373220376216508
10,9.274453542779371,0.7255464572206289
79,80.89306654139214,-1.8930665413921446
57,56.07930913454915,0.920690865450851
54,58.47283933346831,-4.472839333468308
47,54.40327594073579,-7.403275940735789
0,6.358125505491991,-6.358125505491991
35,33.71994048946338,1.280059510536617
21,21.00744501901329,-0.007445019013289311
13,15.70365059562074,-2.70365059562074
0,4.112809408450309,-4.112809408450309
49,46.448929198136646,2.5510708018633537
6,8.87197147442016,-2.8719714744201603
33,40.26423514642361,-7.264235146423609
51,50.21744344739459,0.7825565526054135
66,55.81696726614836,10.18303273385164
76,62.253348692677385,13.746651307322615
53,31.01144221243021,21.98855778756979
25,42.776462066823434,-17.776462066823434
54,45.08766210779103,8.912337892208967
66,65.12678895867964,0.87321104132036
0,2.0478629522443956,-2.0478629522443956
44,38.68131554678178,5.318684453218218
39,40.0407631708538,-1.0407631708538005
0,5.6821010950084885,-5.6821010950084885
38,37.18853644846504,0.8114635515349633
42,53.13040163488045,-11.13040163488045
72,58.94390126477422,13.056098735225781
49,46.8831054890426,2.116894510957401
56,55.45857519257415,0.5414248074258481
57,51.62567136116737,5.37432863883263
0,0.8310637052905094,-0.8310637052905094
40,47.48973649893505,-7.489736498935052
44,54.75457044162912,-10.75457044162912
29,28.337564829201515,0.662435170798485
72,66.98344988596962,5.01655011403038
30,23.406566728222902,6.593433271777098
38,39.76547379389976,-1.7654737938997584
38,37.78084870026162,0.2191512997383782
10,10.839753374611766,-0.8397533746117656
0,19.493518927220766,-19.493518927220766
71,67.71873255686599,3.2812674431340128
0,28.69426481184331,-28.69426481184331
63,64.50919785920316,-1.5091978592031552
0,19.44661808942419,-19.44661808942419
71,62.427104666888056,8.572895333111944
38,44.345440437528055,-6.345440437528055
50,59.47580029944498,-9.475800299444977
55,46.31816046353726,8.68183953646274
47,45.77736411164183,1.2226358883581696
20,18.852904816358564,1.1470951836414365
22,22.08191888481877,-0.0819188848187693
70,66.20242610313183,3.7975738968681725
0,32.707101195478415,-32.707101195478415
58,47.671224500816926,10.328775499183074
65,54.57009655197304,10.429903448026963
0,35.89508818599535,-35.89508818599535
60,55.289036066996886,4.710963933003114
63,14.256781079299039,48.74321892070096
44,42.31000067756425,1.689999322435753
63,43.5791228481842,19.4208771518158
3,8.237723705356938,-5.237723705356938
2,51.883813416640514,-49.883813416640514
75,76.01839786240444,-1.0183978624044414
23,29.895848567105578,-6.895848567105578
2,3.566960953279208,-1.566960953279208
0,10.437796862351265,-10.437796862351265
0,0.29293275848468203,-0.29293275848468203
41,34.417294319101934,6.582705680898066
63,52.59685969700518,10.40314030299482
42,40.92421243775828,1.0757875622417217
36,34.7716041015615,1.2283958984384995
65,57.56601059046638,7.433989409533623
61,55.47114486965374,5.528855130346258
9,23.39080573960872,-14.39080573960872
57,43.01418872828899,13.985811271711007
24,24.035303142410374,-0.03530314241037402
37,37.57432592597676,-0.5743259259767584
55,28.213719084594448,26.786280915405552
42,42.710124224410706,-0.7101242244107056
54,51.67944273667367,2.3205572633263287
66,51.41641220887025,14.583587791129752
75,66.24860522153165,8.751394778468352
62,58.28015470093993,3.7198452990600686
0,0.5593412806923388,-0.5593412806923388
59,57.942847911558964,1.0571520884410361
79,71.56561732027448,7.434382679725516
38,35.69040314496716,2.3095968550328365
0,0.016950832672482156,-0.016950832672482156
54,53.0715025084174,0.928497491582597
15,12.002865084219144,2.9971349157808564
32,37.707893287151244,-5.7078932871512436
25,52.41832817687224,-27.418328176872237
44,34.15361587525494,9.846384124745057
81,64.55564247411674,16.444357525883262
49,50.00707703064045,-1.0070770306404526
62,60.61777180643271,1.3822281935672933
72,28.710154441795396,43.289845558204604
48,46.816831598174566,1.1831684018254336
48,34.114923981191176,13.885076018808824
60,53.841823971727784,6.158176028272216
44,44.184714997540425,-0.18471499754042497
40,36.209692023421546,3.790307976578454
65,64.18764757215213,0.8123524278478698
66,70.32254380397322,-4.322543803973218
29,40.23844297279851,-11.23844297279851
13,13.389633022609095,-0.38963302260909494
0,0.053564646765855435,-0.053564646765855435
34,36.70509570097868,-2.7050957009786814
52,48.526425233704764,3.4735747662952363
61,48.81425193305826,12.185748066941741
16,16.930900809865893,-0.9309008098658929
52,61.971169435193175,-9.971169435193175
76,54.7917523246425,21.208247675357498
22,22.174719548671103,-0.17471954867110284
61,57.58890810727747,3.4110918927225313
29,28.9799146691575,0.020085330842501747
48,48.90697760906454,-0.9069776090645405
44,43.43833258868406,0.5616674113159377
79,73.32010047096739,5.67989952903261
59,57.661934809804244,1.3380651901957563
22,29.729043786628726,-7.729043786628726
13,15.437574888378792,-2.4375748883787924
74,71.10825664252604,2.891743357473956
1,0.9024000647073932,0.0975999352926068
46,34.726905163930965,11.273094836069035
63,61.16011830018644,1.83988169981356
52,52.185922035229694,-0.18592203522969442
37,38.181639265699424,-1.181639265699424
52,35.8951030591334,16.104896940866603
81,57.06141900181484,23.93858099818516
65,52.85970899137817,12.14029100862183
49,44.37477842883048,4.625221571169519
89,29.080456142257777,59.91954385774223
46,13.681070790917003,32.318929209082995
0,34.08474625991743,-34.08474625991743
57,53.8527426494271,3.1472573505729002
0,0.5316015414310327,-0.5316015414310327
0,0.4913044102694788,-0.4913044102694788
31,38.048867348703176,-7.048867348703176
41,45.73405135214365,-4.734051352143652
2,11.469706970706978,-9.469706970706978
9,10.426344979864949,-1.4263449798649486
32,49.822293882408516,-17.822293882408516
31,33.50008941517478,-2.5000894151747772
48,48.744370685907334,-0.7443706859073345
44,35.81794032739566,8.182059672604339
57,44.89370382069368,12.10629617930632
24,12.222936768377169,11.777063231622831
20,20.269440757282876,-0.26944075728287586
0,0.7136321992314054,-0.7136321992314054
87,81.55895452973431,5.441045470265692
6,7.004797361819038,-1.0047973618190378
44,43.3591992864433,0.6408007135567004
64,62.27510138554266,1.724898614457338
74,69.0659102865974,4.934089713402599
65,64.51024733352719,0.48975266647281046
0,0.30356547805001416,-0.30356547805001416
57,59.89668781966139,-2.8966878196613877
32,31.411636601411786,0.5883633985882142
21,46.263011488122466,-25.263011488122466
40,40.00629115479094,-0.0062911547909365595
0,0.8537419529687567,-0.8537419529687567
55,6.880665059743948,48.11933494025605
58,58.85346703279506,-0.8534670327950593
5,5.785186477071377,-0.7851864770713766
35,45.21072534823505,-10.210725348235052
47,47.443657985124574,-0.4436579851245739
52,52.94184953206097,-0.9418495320609708
60,60.07126342679562,-0.07126342679561759
30,31.32656472929617,-1.3265647292961695
23,24.207290510408573,-1.2072905104085727
0,26.837793680022262,-26.837793680022262
53,58.80883928156725,-5.808839281567252
72,68.74933696918498,3.2506630308150193
23,35.25609000870747,-12.256090008707467
79,62.00047607481991,16.999523925180092
47,60.67196449231072,-13.671964492310721
0,4.482746768257684,-4.482746768257684
77,57.35800401507155,19.64199598492845
35,35.87423716340511,-0.8742371634051125
43,36.867659519874124,6.132340480125876
25,24.72368720666647,0.2763127933335312
33,32.87501747602955,0.12498252397045206
76,50.53705663836794,25.462943361632057
7,8.154414151801983,-1.1544141518019835
38,28.839767551971242,9.160232448028758
15,22.04520340412106,-7.045203404121061
50,59.40558035804135,-9.405580358041348
0,2.730883967969302,-2.730883967969302
42,34.20497881213596,7.795021187864037
80,73.10808059633794,6.891919403662058
45,46.760570360911125,-1.7605703609111245
44,45.93245390162772,-1.9324539016277171
38,36.68140823451499,1.3185917654850101
0,18.834301315999603,-18.834301315999603
2,7.738845051066714,-5.738845051066714
36,38.719404233898224,-2.7194042338982243
0,14.779504450235518,-14.779504450235518
50,55.007166303572035,-5.007166303572035
0,0.4434285168821251,-0.4434285168821251
63,47.29720134633589,15.70279865366411
35,39.15337947602535,-4.15337947602535
0,12.750052589469767,-12.750052589469767
0,4.355545925526943,-4.355545925526943
64,27.94044463008674,36.059555369913255
0,0.052935742526696965,-0.052935742526696965
0,0.08631221745533377,-0.08631221745533377
11,22.491081645768016,-11.491081645768016
56,43.299671973182946,12.700328026817054
51,50.82520824577807,0.17479175422192839
5,12.238341207534196,-7.238341207534196
31,39.13792269397679,-8.13792269397679
32,35.35487691305482,-3.3548769130548166
78,66.72972683691299,11.270273163087012
74,70.29818664233727,3.7018133576627292
9,37.37090761827875,-28.37090761827875
52,50.7838158854879,1.216184114512103
57,50.92034990726817,6.079650092731832
0,1.6283026973546553,-1.6283026973546553
18,19.589776972794038,-1.5897769727940378
72,61.23509338990798,10.76490661009202
38,37.67918274336773,0.32081725663226734
45,41.25101771234357,3.748982287656432
3,59.96009532207959,-56.96009532207959
77,71.4134416484174,5.586558351582596
26,29.76042743222229,-3.76042743222229
83,62.74285733983179,20.257142660168213
52,30.554698100883655,21.445301899116345
82,58.94204610441545,23.057953895584554
36,26.854512335511522,9.145487664488478
0,34.98039297172662,-34.98039297172662
47,50.92520533448793,-3.925205334487927
20,20.220465486605207,-0.2204654866052067
36,19.68467596342424,16.31532403657576
34,35.28897199095964,-1.288971990959638
0,0.2774747386769335,-0.2774747386769335
27,27.710205854149937,-0.7102058541499368
48,30.004540992802802,17.995459007197198
36,36.543068990916815,-0.5430689909168152
1,4.049374317931017,-3.049374317931017
36,42.75572288516295,-6.755722885162953
44,45.11350807553668,-1.1135080755366786
47,49.60718098817987,-2.60718098817987
0,6.507621301777319,-6.507621301777319
45,43.06764402131834,1.932355978681663
52,52.91996672842134,-0.9199667284213433
45,32.09751791485378,12.902482085146218
56,56.70957183928784,-0.7095718392878396
0,0.10767468499427262,-0.10767468499427262
28,28.15538856909371,-0.15538856909370935
39,39.69963894410708,-0.6996389441070789
74,70.8418966030477,3.158103396952299
38,32.14601299210423,5.853987007895768
36,35.64500031275513,0.3549996872448702
0,5.255780082622108,-5.255780082622108
87,62.878111109262086,24.121888890737914
66,55.861998275659815,10.138001724340185
0,0.7454498423041375,-0.7454498423041375
46,37.55041219597636,8.449587804023643
0,9.716571608811735,-9.716571608811735
24,29.456307940510783,-5.456307940510783
58,52.902636093666025,5.097363906333975
11,12.400560341927402,-1.4005603419274024
88,68.2258666805569,19.774133319443095
30,30.640601445957458,-0.6406014459574578
24,24.881391320768728,-0.8813913207687278
47,44.06532848416018,2.934671515839817
84,71.17182726190445,12.828172738095546
0,54.72350679194572,-54.72350679194572
9,15.639429296896012,-6.639429296896012
1,1.332548704312107,-0.3325487043121069
48,54.68356861368893,-6.6835686136889265
34,39.28949895674305,-5.289498956743053
55,44.06122487086023,10.93877512913977
22,23.53944997501821,-1.5394499750182113
28,28.203501645038763,-0.203501645038763
0,1.390543858585096,-1.390543858585096
22,28.18007176451154,-6.180071764511538
49,51.471646600163865,-2.471646600163865
37,43.96849763266415,-6.968497632664153
40,46.601105426134254,-6.601105426134254
36,35.7303764281949,0.26962357180509855
45,33.10173548557247,11.898264514427531
0,25.63046571970124,-25.63046571970124
31,33.542695899152534,-2.542695899152534
39,46.379338886420676,-7.379338886420676
0,0.6332414380921313,-0.6332414380921313
56,53.18378342379792,2.8162165762020805
0,0.0,0.0
35,35.488631891274146,-0.48863189127414586
65,52.61565424715133,12.384345752848667
52,52.94225377811662,-0.9422537781166227
52,42.582776253424214,9.417223746575786
13,14.849080039693773,-1.8490800396937725
53,58.19479379961389,-5.19479379961389
37,34.19726243973868,2.8027375602613205
21,21.141158344992185,-0.14115834499218494
4,3.8968161471610885,0.10318385283891152
62,61.18400420729844,0.8159957927015569
53,51.698004957890085,1.3019950421099153
42,18.169878185931402,23.830121814068598
57,57.06732435836625,-0.06732435836624973
67,46.95689192901765,20.04310807098235
20,18.30961421367724,1.6903857863227607
75,67.88100704649514,7.118992953504858
33,50.794349000706056,-17.794349000706056
0,48.890652187166225,-48.890652187166225
43,42.14757793442115,0.8524220655788497
27,34.672429514848666,-7.672429514848666
38,41.87173085995658,-3.8717308599565783
73,64.38776290007118,8.61223709992882
0,7.6142066630788605,-7.6142066630788605
42,34.543918445121406,7.456081554878594
57,54.41336241617893,2.586637583821073
62,61.40626807961949,0.5937319203805131
6,8.991826257591216,-2.9918262575912156
74,72.89497588634377,1.1050241136562278
50,42.66206585080745,7.337934149192549
40,49.83778655000837,-9.837786550008367
0,10.726467552296702,-10.726467552296702
0,12.55913024706129,-12.55913024706129
42,38.56750969051235,3.4324903094876476
64,54.33601579101838,9.663984208981617
0,62.034633264549335,-62.034633264549335
79,48.52554902201933,30.474450977980673
42,34.5812327763803,7.418767223619703
41,43.50788082449988,-2.5078808244998783
3,58.10112343888246,-55.10112343888246
63,54.5842606085201,8.415739391479903
19,10.910189898827038,8.089810101172962
51,41.09550587587102,9.90449412412898
57,52.884266093684126,4.115733906315874
0,22.197804134757178,-22.197804134757178
7,5.924840601930844,1.0751593980691556
64,64.28521473183886,-0.28521473183886314
0,15.445086549605396,-15.445086549605396
0,0.2693523029919265,-0.2693523029919265
60,67.23677896256436,-7.236778962564358
54,43.04386872959938,10.956131270400618
0,2.983042532451543,-2.983042532451543
57,62.296145828936375,-5.296145828936375
41,40.204688140715206,0.7953118592847943
37,35.90179099888619,1.0982090011138084
36,34.826937094155326,1.1730629058446738
61,61.618609457956815,-0.6186094579568149
28,28.020343393659118,-0.020343393659118192
47,47.11377624665647,-0.1137762466564709
37,37.6735628780327,-0.6735628780326977
0,0.021183640309651895,-0.021183640309651895
4,3.681538221355338,0.3184617786446622
0,35.74833054211532,-35.74833054211532
59,49.33927298608619,9.660727013913807
55,50.47291049101203,4.52708950898797
0,17.20148913319285,-17.20148913319285
11,17.461207154432874,-6.4612071544328735
0,13.581237150661268,-13.581237150661268
8,8.117716413913376,-0.11771641391337617
65,36.934384150779934,28.065615849220066
46,41.22281361844,4.77718638156
34,31.719480309893605,2.280519690106395
50,66.35974670541535,-16.359746705415347
53,52.846719753368276,0.15328024663172357
35,35.45553999144544,-0.4555399914454412
26,23.41421735337672,2.5857826466232794
17,10.705743225080921,6.294256774919079
0,6.090951661635811,-6.090951661635811
27,29.329941417634792,-2.3299414176347923
78,63.01001140933257,14.98998859066743
57,64.72497331955559,-7.724973319555588
59,53.36583221018103,5.634167789818967
71,70.91470535298636,0.0852946470136402
58,52.1028640487041,5.897135951295901
5,5.940224669259958,-0.9402246692599583
41,40.30282109169889,0.6971789083011117
0,0.22613992922184661,-0.22613992922184661
40,37.201680551270115,2.7983194487298846
36,29.20651880833877,6.793481191661229
24,19.404019335070902,4.5959806649290975
31,36.57403587625283,-5.574035876252829
60,47.57742667609451,12.422573323905489
26,26.126959908328732,-0.1269599083287325
32,30.97755835010231,1.02244164989769
57,48.171910706188,8.828089293811999
74,67.51934196601685,6.480658033983147
0,15.384571192194425,-15.384571192194425
39,38.117720035442126,0.882279964557874
69,60.25310144146099,8.746898558539009
0,26.623704043194117,-26.623704043194117
72,67.38150804043808,4.618491959561922
64,64.55339867748518,-0.5533986774851769
21,23.427233641113958,-2.4272336411139577
54,57.539167521182215,-3.5391675211822147
22,30.652548866224386,-8.652548866224386
0,9.053980818083211,-9.053980818083211
48,27.603668522163748,20.396331477836252
0,4.997753954712717,-4.997753954712717
0,6.02720977682232,-6.02720977682232
37,35.01407397413555,1.985926025864451
52,38.71097274240377,13.289027257596231
0,0.31645889293164703,-0.31645889293164703
55,51.045258798881356,3.954741201118644
24,41.56015565627328,-17.56015565627328
44,38.15010272378542,5.849897276214577
63,62.16240384199577,0.8375961580042315
20,19.77883925911496,0.22116074088503979
33,33.91850730718581,-0.9185073071858127
42,26.981470226957423,15.018529773042577
54,53.36368645808032,0.6363135419196766
1,2.1976801485392556,-1.1976801485392556
20,18.27889117969209,1.7211088203079115
65,37.76221510514856,27.237784894851437
0,42.32025771976309,-42.32025771976309
23,22.93908934760321,0.060910652396788834
77,74.09060170495847,2.9093982950415267
28,24.88401379349012,3.1159862065098807
39,51.99119423855767,-12.991194238557668
69,65.25479383058816,3.745206169411844
28,27.900277870179053,0.09972212982094675
56,54.52858596530825,1.4714140346917475
0,4.164167165714835,-4.164167165714835
53,47.45502066496217,5.54497933503783
67,61.51000299768077,5.489997002319228
0,0.6803637249857181,-0.6803637249857181
30,30.059372290195398,-0.059372290195398136
37,39.26698047348773,-2.2669804734877275
20,36.87967020920518,-16.87967020920518
40,24.286294699186634,15.713705300813366
80,63.562241849411635,16.437758150588365
20,15.552293993537177,4.447706006462823
69,66.86500824795559,2.1349917520444137
64,48.128521318571956,15.871478681428044
28,46.769868632533786,-18.769868632533786
70,45.52301373088837,24.476986269111627
51,51.67207585474208,-0.6720758547420829
0,2.3055269046919133,-2.3055269046919133
36,39.24601310209854,-3.246013102098537
40,59.00751043973192,-19.007510439731917
38,37.218043559284524,0.7819564407154758
32,38.46956028100799,-6.469560281007993
0,16.780548981008206,-16.780548981008206
0,19.346583313714653,-19.346583313714653
55,64.90935977761758,-9.909359777617581
59,50.7722909249712,8.227709075028798
49,40.73845940278853,8.261540597211471
43,55.859667744783,-12.859667744783003
38,44.05384538854736,-6.053845388547359
0,8.6273873471573,-8.6273873471573
78,48.478556278303145,29.521443721696855
31,24.8886993034282,6.111300696571799
70,67.4609133158052,2.5390866841947997
24,35.89088804717953,-11.89088804717953
61,46.072113340975896,14.927886659024104
65,62.81235215546985,2.1876478445301473
0,8.723392824927183,-8.723392824927183
0,0.0,0.0
60,41.31084857981792,18.68915142018208
61,42.48372244185051,18.51627755814949
77,63.29741183791653,13.702588162083472
0,0.04383623878905711,-0.04383623878905711
71,61.72940047106818,9.270599528931818
45,41.280043291027255,3.719956708972745
42,42.6206872683679,-0.6206872683679023
0,0.1931847147238914,-0.1931847147238914
0,0.2498082196535805,-0.2498082196535805
42,35.56012045127114,6.439879548728861
32,31.449367043202486,0.5506329567975143
63,64.50399874938735,-1.5039987493873497
20,20.85709819188851,-0.857098191888511
50,28.887203041455457,21.112796958544543
24,18.27223077537692,5.727769224623081
32,31.539974601816443,0.46002539818355714
36,39.834714310021006,-3.834714310021006
42,37.59716750751505,4.402832492484947
48,45.593150001887025,2.4068499981129747
25,22.733103357777157,2.266896642222843
34,34.046656601164116,-0.046656601164116296
13,16.559590626739993,-3.5595906267399933
21,29.188376084135417,-8.188376084135417
42,50.43642016409744,-8.436420164097441
22,16.46323219557502,5.536767804424979
0,0.7308865622762364,-0.7308865622762364
27,26.95665085035216,0.043349149647841756
49,47.77578290222979,1.2242170977702074
43,42.893204486330845,0.10679551366915518
47,47.03776662411745,-0.03776662411745235
12,10.30478351907035,1.6952164809296502
68,63.01045866983132,4.989541330168677
21,14.608584585701855,6.3914154142981445
0,0.2387830473470992,-0.2387830473470992
22,18.852539164657994,3.147460835342006
13,14.174331839079274,-1.174331839079274
63,74.18807520422087,-11.188075204220866
26,26.228840045674442,-0.22884004567444194
17,17.28088916439509,-0.2808891643950915
57,58.847605796997776,-1.847605796997776
13,19.119649206866423,-6.119649206866423
0,25.409370307144286,-25.409370307144286
73,45.247677016523674,27.752322983476326
1,27.266015649192937,-26.266015649192937
52,38.599965961449456,13.400034038550544
64,37.69339898214811,26.30660101785189
9,9.599278784385607,-0.5992787843856071
20,20.29433014013543,-0.294330140135429
0,55.69793748610669,-55.69793748610669
0,34.900142461467006,-34.900142461467006
18,18.297937727553307,-0.2979377275533075
63,58.62252152777113,4.377478472228873
32,45.38011437924945,-13.380114379249449
0,0.546790558247304,-0.546790558247304
71,68.63750482107275,2.3624951789272473
36,43.17246183081359,-7.172461830813589
54,50.902809961988126,3.097190038011874
51,46.73195183977525,4.268048160224751
0,0.09164989848539826,-0.09164989848539826
52,20.98366828283508,31.01633171716492
44,46.030368522687034,-2.0303685226870343
36,33.429213198198404,2.570786801801596
0,3.666528097713664,-3.666528097713664
66,66.48979870465173,-0.4897987046517329
42,39.91238357011175,2.08761642988825
21,20.592421279798497,0.4075787202015029
0,39.51139568767245,-39.51139568767245
3,3.8864621164220594,-0.8864621164220594
48,48.83066667882139,-0.8306666788213874
35,36.31124359147178,-1.3112435914717793
40,41.057425186989,-1.0574251869890006
20,17.201002485815195,2.798997514184805
36,35.983922256079964,0.016077743920035914
0,1.4140180452410085,-1.4140180452410085
0,11.12088140996434,-11.12088140996434
0,0.5044222241750248,-0.5044222241750248
0,1.1092407057127933,-1.1092407057127933
55,49.14672394046969,5.853276059530309
26,30.149128629182698,-4.149128629182698
0,21.939676149613245,-21.939676149613245
0,42.15540453815274,-42.15540453815274
0,0.32662844636101146,-0.32662844636101146
45,43.24153480643844,1.7584651935615625
62,66.63302805167717,-4.633028051677172
0,52.029208839270076,-52.029208839270076
73,66.38272825055599,6.617271749444015
33,34.19089421864939,-1.1908942186493903
68,57.17315069177511,10.826849308224887
69,57.33494330849775,11.66505669150225
0,2.8355841294410533,-2.8355841294410533
6,6.695083595034417,-0.6950835950344167
0,0.026911017171049375,-0.026911017171049375
33,37.06246635172605,-4.0624663517260515
0,3.1477247629883647,-3.1477247629883647
0,5.988615121222202,-5.988615121222202
39,28.546594246286123,10.453405753713877
66,65.05383814432788,0.9461618556721163
24,21.721029976530197,2.278970023469803
63,31.618057230617833,31.381942769382167
40,30.97172692939814,9.028273070601859
45,44.650724193330504,0.3492758066694961
65,60.256489986169264,4.743510013830736
0,0.25064299625510944,-0.25064299625510944
2,2.6268640130968883,-0.6268640130968883
21,18.51358627715487,2.4864137228451284
32,30.812002292025785,1.1879977079742154
0,6.823858734625987,-6.823858734625987
76,72.08188752948112,3.918112470518878
40,40.311440035889206,-0.31144003588920555
0,8.106717020617685,-8.106717020617685
30,31.0467001327121,-1.0467001327121004
0,24.74771514322305,-24.74771514322305
46,45.00194903679623,0.9980509632037666
38,43.41079745573048,-5.410797455730481
45,56.59544948399921,-11.59544948399921
59,46.55278420102375,12.447215798976252
68,66.96217575156209,1.0378242484379143
54,55.48728932014488,-1.4872893201448818
0,0.24435402322000263,-0.24435402322000263
0,14.85999289158914,-14.85999289158914
35,30.706957691569343,4.293042308430657
1,42.01494814017661,-41.01494814017661
24,29.466134985306173,-5.466134985306173
62,70.88835178002736,-8.888351780027364
0,5.118829286045864,-5.118829286045864
48,40.61702127613661,7.382978723863388
39,32.709397311731095,6.290602688268905
59,67.96205015118572,-8.962050151185721
73,69.57023385641854,3.4297661435814604
17,14.257287672715343,2.742712327284657
67,23.211305436795367,43.78869456320463
65,56.40369154148717,8.59630845851283
50,24.582204727200264,25.417795272799736
8,7.873844135425241,0.12615586457475914
0,0.5952319171657957,-0.5952319171657957
73,75.24127156983948,-2.2412715698394834
12,28.810963113076927,-16.810963113076927
35,34.67632785507607,0.3236721449239326
39,70.37232748299597,-31.37232748299597
0,9.961295965385808,-9.961295965385808
34,10.112651323971924,23.887348676028076
53,49.12877274690574,3.8712272530942613
48,8.835297886549682,39.16470211345032
51,50.95728292120257,0.042717078797430474
45,31.712273470051002,13.287726529948998
24,25.072488398973075,-1.072488398973075
79,74.39522121994311,4.60477878005689
52,28.98872969059816,23.01127030940184
0,10.611403110669695,-10.611403110669695
9,8.998519297900984,0.0014807020990161845
0,7.500515621371102,-7.500515621371102
40,45.40440094127381,-5.404400941273813
0,0.3371374392971512,-0.3371374392971512
35,32.168176261747206,2.831823738252794
43,39.93371816539124,3.066281834608759
23,24.58865203001489,-1.5886520300148916
55,53.7075974902474,1.2924025097525984
79,39.70231882700036,39.29768117299964
0,9.748054976915528,-9.748054976915528
4,3.7263080371327804,0.27369196286721964
78,75.21810302484326,2.781896975156741
0,36.48408424621799,-36.48408424621799
35,33.94248803947639,1.0575119605236125
80,78.4760108607286,1.523989139271393
47,47.19981239726517,-0.19981239726516975
0,11.074264981658786,-11.074264981658786
47,46.215745929581175,0.7842540704188252
64,57.96567325750728,6.034326742492723
64,59.04336898648067,4.956631013519328
21,19.666801364519408,1.333198635480592
39,41.19451445042981,-2.194514450429807
0,3.2983389400242,-3.2983389400242
67,55.757903417374656,11.242096582625344
0,0.2698334191821941,-0.2698334191821941
36,36.64639382646256,-0.6463938264625568
50,47.03776662411745,2.9622333758825476
56,58.43365907719795,-2.4336590771979516
83,77.06335003368388,5.936649966316125
46,48.32928721393455,-2.329287213934549
43,42.7568367070694,0.24316329293060335
27,27.18959609800308,-0.1895960980030793
0,11.171968528647385,-11.171968528647385
65,65.62778612187073,-0.6277861218707272
67,25.50456226190763,41.49543773809237
63,63.94662133869228,-0.9466213386922817
18,22.601089265856892,-4.601089265856892
66,60.865072443363665,5.134927556636335
38,40.59799368252802,-2.5979936825280205
25,25.112793780661242,-0.11279378066124224
28,22.32261235632362,5.677387643676379
60,62.383989766150385,-2.3839897661503855
35,38.44425439390464,-3.444254393904643
3,44.105507380341116,-41.105507380341116
34,34.73956460318791,-0.7395646031879082
43,33.8617618969423,9.138238103057702
59,57.41911217579813,1.5808878242018665
44,53.28010084928259,-9.28010084928259
38,35.89885957319274,2.1011404268072624
72,70.99991585253167,1.0000841474683284
0,0.03848797250859106,-0.03848797250859106
28,34.90875764646778,-6.908757646467777
34,33.93299467591363,0.06700532408636661
43,43.314907590306014,-0.3149075903060137
26,29.28578336785481,-3.2857833678548083
28,28.329328400303414,-0.3293284003034138
52,41.869912712714765,10.130087287285235
5,66.99303502242815,-61.993035022428145
50,40.32334502889464,9.676654971105357
47,42.299731778357774,4.700268221642226
50,49.10386236345959,0.8961376365404092
52,60.904883974748586,-8.904883974748586
11,20.011297589013456,-9.011297589013456
0,31.48488683119149,-31.48488683119149
11,14.934764940660008,-3.934764940660008
0,0.5811210869820271,-0.5811210869820271
26,34.44519398830311,-8.44519398830311
52,51.29209779384052,0.7079022061594813
51,47.66920591840133,3.3307940815986683
53,32.88540910995059,20.114590890049413
41,6.126235623064023,34.87376437693598
29,29.11781678716395,-0.1178167871639495
82,75.63406651754293,6.365933482457066
47,46.79407813472187,0.20592186527812828
58,53.14489162384949,4.855108376150511
71,48.71141861319888,22.28858138680112
58,47.582904909738254,10.417095090261746
66,68.88823551606355,-2.8882355160635456
0,35.736997904212195,-35.736997904212195
51,46.25683637983009,4.743163620169909
0,0.996463108217972,-0.996463108217972
13,12.863925342407441,0.13607465759255888
50,60.134548930833134,-10.134548930833134
48,50.349552106442,-2.3495521064419975
0,70.19150236023017,-70.19150236023017
53,52.83481792292008,0.16518207707991905
19,9.622588044666351,9.377411955333649
50,55.53970166459065,-5.539701664590652
81,77.76267186419443,3.237328135805569
42,42.37469442716864,-0.37469442716864165
69,69.4315718291849,-0.4315718291849038
29,29.05386085768749,-0.05386085768748927
46,45.551031964123446,0.448968035876554
75,81.25891424875404,-6.258914248754039
56,49.18163065082653,6.818369349173473
71,50.69435200549512,20.30564799450488
49,32.01549395022613,16.98450604977387
56,62.96322512784046,-6.9632251278404595
49,46.829987557584126,2.1700124424158744
35,36.14871663831539,-1.148716638315392
0,23.86331127258839,-23.86331127258839
6,4.915131899355788,1.0848681006442122
21,22.445919253530988,-1.4459192535309882
0,55.2313528574663,-55.2313528574663
51,52.89711366472902,-1.8971136647290194
15,4.776872194797036,10.223127805202964
32,31.1950465160103,0.8049534839896992
0,24.7708881733955,-24.7708881733955
46,28.843765928772665,17.156234071227335
40,40.38265897212388,-0.38265897212387756
49,49.106474153613966,-0.1064741536139664
58,73.88284256291465,-15.882842562914647
36,42.09341392034842,-6.093413920348418
65,56.37450789734073,8.625492102659273
5,5.553993940940843,-0.5539939409408428
34,22.881748996594872,11.118251003405128
45,42.050071619459125,2.949928380540875
42,43.09991840104665,-1.0999184010466507
49,48.14241702611437,0.8575829738856271
59,41.51404126743568,17.48595873256432
35,48.66841881152662,-13.668418811526621
70,54.140283363823876,15.859716636176124
0,0.35672131124719103,-0.35672131124719103
38,37.38915211495215,0.6108478850478534
72,70.82003313021158,1.1799668697884158
16,15.689647299315075,0.31035270068492515
43,43.11542606126957,-0.11542606126956656
30,27.12433072312923,2.87566927687077
0,0.6437064857434569,-0.6437064857434569
69,40.364450129070576,28.635549870929424
79,68.68344419221725,10.316555807782748
49,45.51211765048213,3.487882349517868
37,43.443476843164234,-6.443476843164234
61,57.95139882409026,3.048601175909738
14,14.347071006960636,-0.3470710069606362
49,49.81103991966094,-0.8110399196609421
22,45.03404683104738,-23.034046831047377
38,52.70012711569469,-14.700127115694691
75,67.71910558204587,7.28089441795413
0,32.665523092353915,-32.665523092353915
60,69.76968788579798,-9.769687885797978
78,56.41861751029588,21.58138248970412
14,13.880451982448076,0.11954801755192435
0,24.467028467698544,-24.467028467698544
0,2.2881720989968417,-2.2881720989968417
27,27.068723646911103,-0.06872364691110278
12,13.767550569881527,-1.7675505698815268
52,22.96346982839548,29.03653017160452
39,37.53297137448326,1.4670286255167397
49,35.784403234231,13.215596765769
62,51.4092050747521,10.590794925247899
0,53.958954128387894,-53.958954128387894
31,49.524670240696366,-18.524670240696366
0,1.1203293621830108,-1.1203293621830108
13,13.40459670028355,-0.40459670028355
0,1.864084736294922,-1.864084736294922
30,34.357959369045496,-4.357959369045496
44,43.058945982177924,0.9410540178220757
51,50.60202652342531,0.3979734765746912
58,58.47433450015785,-0.47433450015785183
48,38.635886894274606,9.364113105725394
63,43.72394052439125,19.276059475608747
0,32.57258783570833,-32.57258783570833
32,17.553418342897526,14.446581657102474
46,44.86997348646107,1.1300265135389296
39,41.67661015721875,-2.6766101572187466
56,51.887050742815156,4.1129492571848445
66,58.34146823077635,7.65853176922365
65,58.396427622258464,6.603572377741536
72,65.77344708617093,6.226552913829067
0,0.675779378335822,-0.675779378335822
48,18.34127594432947,29.65872405567053
75,73.4797094709808,1.5202905290192064
56,55.6194597565582,0.38054024344179993
42,41.36310669755655,0.6368933024434469
39,36.481923086420295,2.518076913579705
32,29.524464036052624,2.475535963947376
32,31.34007839428968,0.6599216057103199
39,45.59666733486619,-6.59666733486619
41,28.195328897565354,12.804671102434646
50,48.0169935344095,1.983006465590499
77,62.85411140213042,14.145888597869579
1,18.877312919431752,-17.877312919431752
92,75.38019882921313,16.61980117078687
5,3.5986434972317984,1.4013565027682016
34,46.32061036826599,-12.320610368265989
0,7.7216485012687945,-7.7216485012687945
0,13.388177269271488,-13.388177269271488
70,73.72393939146878,-3.7239393914687753
48,36.54038445715934,11.459615542840659
54,49.566620466911495,4.433379533088505
72,63.17821567678134,8.821784323218658
57,53.23160179234957,3.768398207650428
25,24.39807454079001,0.6019254592099905
0,38.622305240612654,-38.622305240612654
80,66.28081174560897,13.719188254391028
35,38.39863277870318,-3.398632778703181
27,27.68059751408333,-0.6805975140833311
0,2.0295960705833624,-2.0295960705833624
23,22.986435243404795,0.013564756595204841
76,70.30638545034358,5.693614549656417
65,56.777474033641944,8.222525966358056
1,28.089502011222113,-27.089502011222113
43,65.94622323116286,-22.94622323116286
71,68.71355658720483,2.2864434127951654
45,35.65080551817403,9.349194481825968
60,59.681484399818274,0.3185156001817262
38,37.663461757875154,0.3365382421248455
31,34.63283668456901,-3.632836684569007
20,21.43852949725408,-1.4385294972540805
40,39.20483717400625,0.7951628259937493
53,56.07930913454915,-3.079309134549149
1,3.997873553253638,-2.997873553253638
3,2.5606771758042046,0.4393228241957954
50,40.53525507095425,9.46474492904575
0,2.3778586926527425,-2.3778586926527425
63,59.405692572468276,3.5943074275317244
63,67.78483586838884,-4.784835868388839
54,53.02054242415259,0.9794575758474124
18,18.314150147520863,-0.3141501475208628
37,36.247501812240685,0.7524981877593149
31,33.379780818743946,-2.3797808187439458
36,32.38499163215782,3.6150083678421794
2,2.540976648354975,-0.5409766483549752
52,53.67037148393102,-1.6703714839310209
28,28.630149156966475,-0.6301491569664748
28,34.449161453691495,-6.449161453691495
33,31.056025493017387,1.943974506982613
0,21.183053343253775,-21.183053343253775
24,54.09820231186966,-30.098202311869663
23,6.299800413191148,16.70019958680885
43,41.93341546110969,1.0665845388903108
49,47.96360935576459,1.0363906442354107
0,1.2486731644268676,-1.2486731644268676
57,24.965236906628434,32.034763093371566
68,56.81280228809725,11.187197711902748
0,29.354312161356443,-29.354312161356443
15,17.822190438233527,-2.8221904382335268
56,36.65816068859611,19.341839311403888
49,54.641639675441525,-5.641639675441525
36,41.557764282193254,-5.557764282193254
50,49.163429134510764,0.8365708654892359
47,54.16268901730522,-7.162689017305219
65,58.13082761350648,6.869172386493517
55,70.56684873926181,-15.566848739261815
0,0.04477094030473952,-0.04477094030473952
45,38.82780508110449,6.1721949188955065
53,52.828770869770985,0.17122913022901542
63,62.29004174861505,0.709958251384947
51,50.11806716445504,0.8819328355449585
42,37.33315081655033,4.666849183449671
74,63.41983917247445,10.580160827525553
37,30.075534104514887,6.924465895485113
31,37.419474038234505,-6.419474038234505
51,67.70194511795553,-16.701945117955532
70,60.730533093222675,9.269466906777325
40,40.145535330328414,-0.14553533032841415
35,45.919287847415376,-10.919287847415376
29,21.737729115327657,7.262270884672343
77,77.90653278690044,-0.906532786900442
5,5.493296565691291,-0.4932965656912911
29,29.281172173086578,-0.2811721730865777
39,40.3224352667272,-1.3224352667271972
74,57.27743645356889,16.72256354643111
70,47.27558401456753,22.724415985432472
39,39.0088252677053,-0.00882526770529779
33,32.97079409181812,0.02920590818187918
62,45.182241368317904,16.817758631682096
52,60.18984571300973,-8.189845713009731
29,29.52528116910302,-0.525281169103021
38,29.960572763873618,8.039427236126382
33,33.659382624929,-0.6593826249290018
2,45.214975075469994,-43.214975075469994
46,46.16601929989548,-0.16601929989548125
55,58.05649970560823,-3.056499705608232
31,33.00581234502282,-2.005812345022818
0,0.07046037200676375,-0.07046037200676375
0,17.214607976979117,-17.214607976979117
29,34.35078060319857,-5.350780603198572
27,13.704106166071291,13.295893833928709
72,66.420786346459,5.579213653541004
58,66.32578688315381,-8.32578688315381
23,10.271853972768078,12.728146027231922
73,69.66432063540785,3.3356793645921528
24,24.78162087229831,-0.7816208722983085
13,30.451191029454986,-17.451191029454986
43,40.51521201054364,2.4847879894563576
62,61.34638279502876,0.6536172049712405
62,62.31151159026596,-0.3115115902659582
65,54.520150658497194,10.479849341502806
5,4.915131899355788,0.08486810064421224
68,42.78936470279104,25.21063529720896
73,57.29332696450176,15.706673035498241
79,74.11585277830436,4.884147221695642
45,46.57872495678135,-1.5787249567813504
38,38.27076556294574,-0.2707655629457406
31,15.921411226443055,15.078588773556945
43,34.6368905086542,8.363109491345803
15,36.902634224106244,-21.902634224106244
1,1.4001970843207954,-0.40019708432079537
0,0.20308778856338214,-0.20308778856338214
0,15.836943711143652,-15.836943711143652
53,37.95669522766206,15.04330477233794
0,1.9382783425612424,-1.9382783425612424
71,69.02732526367893,1.9726747363210677
68,61.269083701601545,6.730916298398455
44,41.35301003008938,2.6469899699106207
0,9.167274648006988,-9.167274648006988
72,53.38465520107132,18.61534479892868
39,45.42172207799491,-6.421722077994907
36,35.76723913582743,0.23276086417256892
0,7.936167939701395,-7.936167939701395
37,35.83235324273119,1.1676467572688125
22,24.581530106571105,-2.5815301065711047
14,15.061984851040178,-1.0619848510401777
15,22.51090139575738,-7.510901395757379
0,12.225194860504137,-12.225194860504137
53,46.090391382519414,6.909608617480586
32,34.23023415670338,-2.230234156703382
42,42.32851484056,-0.3285148405599969
43,0.8899545255699773,42.110045474430024
65,34.22059640262916,30.779403597370838
0,34.1307836528049,-34.1307836528049
18,17.818121316781813,0.18187868321818712
47,39.69935983865109,7.300640161348909
38,34.95255991344835,3.047440086551653
11,12.934392339163242,-1.9343923391632423
0,36.57531551294685,-36.57531551294685
57,75.51797611523,-18.51797611523
42,46.669582155279734,-4.669582155279734
53,35.705255536696946,17.294744463303054
37,30.14452530969102,6.855474690308981
42,37.481619091167204,4.518380908832796
5,4.5421604446699115,0.45783955533008847
38,35.980197615639604,2.0198023843603963
0,4.955920651547993,-4.955920651547993
72,69.94452464432861,2.0554753556713905
7,29.004257381234776,-22.004257381234776
54,45.62283030170087,8.377169698299127
0,0.4237924550346193,-0.4237924550346193
48,47.61479878945519,0.3852012105448068
37,26.62214231550673,10.377857684493272
46,37.01018612120648,8.98981387879352
82,78.65716834190634,3.342831658093658
35,39.70784448120987,-4.707844481209868
36,29.622464394103517,6.377535605896483
33,12.336426896137867,20.663573103862134
45,25.604607467908135,19.395392532091865
19,20.847815261674455,-1.8478152616744552
18,4.9412586220643036,13.058741377935696
38,38.092877929131525,-0.09287792913152515
47,60.51085946848701,-13.510859468487013
20,20.88854583000616,-0.8885458300061586
20,20.014960466916236,-0.01496046691623576
34,35.31261554394996,-1.3126155439499598
30,28.87704484962741,1.12295515037259
59,54.009253058605836,4.990746941394164
19,22.423456431740465,-3.4234564317404654
83,32.00627749016925,50.99372250983075
15,14.880822903870166,0.11917709612983352
78,32.383059073751504,45.616940926248496
29,44.559632439703336,-15.559632439703336
89,81.55895452973431,7.441045470265692
42,41.67487399124235,0.32512600875764974
75,72.82669759156538,2.1733024084346226
37,37.62884604473981,-0.6288460447398094
51,50.129267458091405,0.8707325419085947
46,46.08666687652834,-0.08666687652834071
27,35.56879288599643,-8.56879288599643
80,62.18633538918362,17.81366461081638
58,57.083176098435914,0.9168239015640864
31,25.59134723382298,5.4086527661770205
27,27.56557953551065,-0.5655795355106505
31,29.893847440713596,1.1061525592864037
66,64.57509834023543,1.424901659764572
58,53.21130212298523,4.788697877014769
41,39.96256521975119,1.0374347802488089
62,60.184773224933515,1.8152267750664848
0,1.654912724148356,-1.654912724148356
26,39.76311638356701,-13.76311638356701
29,21.14187908832312,7.858120911676881
56,29.820105292950377,26.179894707049623
20,22.713568851024394,-2.7135688510243945
31,31.016430900586446,-0.01643090058644603
33,14.11580437923483,18.88419562076517
39,28.03434501527102,10.965654984728982
45,44.70834550461085,0.2916544953891531
26,26.23945974019216,-0.2394597401921601
0,26.442689358190727,-26.442689358190727
63,61.40777087575591,1.592229124244092
63,45.37744426987862,17.622555730121377
0,0.09251759122893144,-0.09251759122893144
41,63.4149056043892,-22.414905604389197
0,30.153591412040456,-30.153591412040456
6,4.023197362572248,1.9768026374277516
38,38.024743743446216,-0.02474374344621566
53,49.52158553927433,3.4784144607256735
32,32.976349137778435,-0.9763491377784348
84,77.95486747022616,6.045132529773838
65,69.71237165659113,-4.712371656591131
61,63.11867873692872,-2.1186787369287217
13,29.68204831042851,-16.68204831042851
40,39.250401404687395,0.7495985953126052
78,71.95495362453468,6.0450463754653185
45,42.80847508099552,2.191524919004479
48,45.61843907035371,2.381560929646291
46,34.80417213708701,11.195827862912992
61,64.95097609204225,-3.9509760920422536
21,15.422236136248008,5.577763863751992
8,23.480174221272193,-15.480174221272193
48,45.4528396189762,2.547160381023801
14,14.80121054337189,-0.8012105433718908
26,25.187590548637946,0.8124094513620541
40,41.31756336205006,-1.317563362050059
10,11.092254169198526,-1.092254169198526
40,47.984229981013435,-7.984229981013435
44,36.63200725300358,7.367992746996421
48,51.455891410867025,-3.455891410867025
66,65.04713024616804,0.9528697538319619
63,63.01070391803886,-0.010703918038856841
66,63.00170083378866,2.998299166211339
0,58.77031936614838,-58.77031936614838
67,60.8391099128123,6.160890087187703
58,56.20906728284064,1.7909327171593574
0,19.350046323960758,-19.350046323960758
40,50.336262481619706,-10.336262481619706
46,42.91336444640665,3.0866355535933465
48,54.42430303096488,-6.424303030964879
35,34.91681163634063,0.08318836365936733
51,49.97419288769589,1.0258071123041077
0,0.17386134293350788,-0.17386134293350788
32,31.856352475314868,0.1436475246851323
32,33.12018047753906,-1.1201804775390585
0,25.221570273206797,-25.221570273206797
44,46.296445643864274,-2.296445643864274
50,16.035510545619918,33.964489454380086
18,28.816328850271145,-10.816328850271145
39,25.583264789130084,13.416735210869916
48,35.4034901144799,12.5965098855201
54,28.867083025905544,25.132916974094456
71,59.6574503527306,11.3425496472694
32,44.8728976250157,-12.872897625015703
72,52.793209850447134,19.206790149552866
59,59.48113853132216,-0.4811385313221592
15,17.971070426726914,-2.9710704267269143
0,29.7397301289684,-29.7397301289684
6,5.502931669662027,0.4970683303379726
44,53.097869928190406,-9.097869928190406
68,63.01313901473659,4.986860985263412
20,7.530097655018959,12.46990234498104
78,56.21080762744637,21.78919237255363
66,60.9115883446386,5.088411655361398
59,56.78056770953128,2.219432290468717
55,55.81726088361163,-0.8172608836116311
84,76.17086677310695,7.829133226893049
28,35.08819929243638,-7.088199292436379
26,16.323068641213514,9.676931358786486
14,13.66952326194539,0.3304767380546103
36,37.63565174781199,-1.6356517478119912
0,33.04498731199453,-33.04498731199453
45,39.26353708485448,5.736462915145523
0,13.154836222569164,-13.154836222569164
43,37.51830020234908,5.4816997976509185
40,40.073341117549575,-0.07334111754957462
46,35.22421904785581,10.775780952144189
86,74.07934264210424,11.920657357895763
66,65.30955361131694,0.690446388683057
32,45.542870146802386,-13.542870146802386
48,43.77200981582046,4.227990184179539
0,1.6437157535095683,-1.6437157535095683
74,39.66740478216022,34.33259521783978
36,36.51170138731611,-0.5117013873161085
16,18.43977606274777,-2.4397760627477716
41,43.86794756526482,-2.8679475652648208
53,47.13406968184974,5.865930318150262
72,72.6602566930426,-0.6602566930425979
29,29.058284638706095,-0.05828463870609468
54,39.76464687690976,14.235353123090242
36,33.156217038395674,2.843782961604326
88,30.285464828202993,57.71453517179701
65,68.47343420197159,-3.4734342019715854
43,37.32298655058185,5.677013449418148
66,64.68776000648162,1.312239993518375
0,0.10287187039764359,-0.10287187039764359
63,62.22705673165409,0.7729432683459123
33,34.57845779609098,-1.57845779609098
1,54.20768665248475,-53.20768665248475
47,41.36765318117862,5.632346818821382
17,17.445704175397296,-0.4457041753972959
46,45.63446723038435,0.3655327696156476
45,45.21192089367948,-0.2119208936794834
13,19.9795649474911,-6.979564947491099
45,41.182191979244884,3.817808020755116
75,64.26930793519126,10.730692064808736
58,41.14776592410419,16.852234075895808
42,45.42172207799491,-3.4217220779949074
68,46.63196330193013,21.368036698069872
37,36.28177219285423,0.7182278071457731
29,26.096389712671243,2.903610287328757
53,46.48856592468194,6.511434075318057
43,49.22977415963641,-6.229774159636413
39,39.81428482012473,-0.8142848201247332
16,17.35285174394908,-1.3528517439490813
31,24.337642643278365,6.662357356721635
0,6.251985641070289,-6.251985641070289
0,42.69767434790451,-42.69767434790451
30,35.80912110310167,-5.809121103101667
34,35.10649693596064,-1.1064969359606422
34,34.18110531580903,-0.18110531580902745
0,5.428510583939502,-5.428510583939502
60,48.01344005369675,11.986559946303252
66,10.008940687535366,55.991059312464635
68,74.07838472400529,-6.078384724005289
0,0.06007200130911471,-0.06007200130911471
70,62.71642497623477,7.283575023765231
70,56.106226358334425,13.893773641665575
44,43.008225724333926,0.9917742756660743
34,58.341435275070246,-24.341435275070246
42,46.04995242798839,-4.049952427988387
64,49.280743664169215,14.719256335830785
36,34.50797242794613,1.4920275720538712
32,24.45289881515963,7.547101184840368
37,37.74180337970659,-0.7418033797065888
59,60.94572341420873,-1.9457234142087287
17,16.904293928124943,0.09570607187505686
37,23.85970586294828,13.140294137051718
20,20.1649436679944,-0.1649436679944003
48,60.18984571300973,-12.189845713009731
0,13.809133544125986,-13.809133544125986
37,37.59061163530371,-0.5906116353037092
65,34.207298971867495,30.792701028132505
54,56.548143017305975,-2.548143017305975
0,0.30498281786941583,-0.30498281786941583
0,31.74705898266016,-31.74705898266016
13,36.82109933963295,-23.82109933963295
16,19.929418519440365,-3.9294185194403646
0,0.40282418704583345,-0.40282418704583345
39,41.80809040119839,-2.808090401198392
41,41.43207503894745,-0.4320750389474526
5,5.719998093886303,-0.7199980938863026
0,38.57544530548005,-38.57544530548005
4,44.62888181154889,-40.62888181154889
76,35.92650110331891,40.07349889668109
0,33.04433261167924,-33.04433261167924
1,41.53426521782351,-40.53426521782351
41,46.047468612261085,-5.047468612261085
24,15.352846906517248,8.647153093482752
48,47.08199809920447,0.9180019007955309
9,43.564485992693754,-34.564485992693754
4,3.9782106027581756,0.021789397241824382
63,56.48844312954946,6.511556870450541
40,39.474718564142684,0.5252814358573161
19,17.813873245296776,1.1861267547032242
7,57.73149725957285,-50.73149725957285
72,52.963178489218215,19.036821510781785
42,31.571413220627317,10.428586779372683
71,15.591793809338714,55.40820619066129
32,38.64263136225633,-6.642631362256331
41,50.31945931721381,-9.319459317213813
20,19.199133239923874,0.8008667600761257
0,0.0,0.0
37,36.60688923899264,0.39311076100735676
0,0.14943745771154238,-0.14943745771154238
36,22.873920433852913,13.126079566147087
52,48.583167199093836,3.416832800906164
68,67.40486435300348,0.5951356469965248
0,6.719981353629835,-6.719981353629835
60,57.966869092628116,2.033130907371884
0,18.500313395453922,-18.500313395453922
30,33.80987894769933,-3.8098789476993318
0,0.32381554363165543,-0.32381554363165543
0,47.78367707893265,-47.78367707893265
59,50.78279064766639,8.217209352333612
38,46.148902228257185,-8.148902228257185
34,19.75683297627186,14.243167023728141
17,18.546064106587483,-1.5460641065874832
25,20.950887024231744,4.0491129757682565
78,64.31472283618497,13.68527716381503
76,72.2174598534344,3.7825401465655943
1,43.01916064290946,-42.01916064290946
40,39.60778030812361,0.3922196918763916
1,48.33237597761394,-47.33237597761394
0,8.849087829797554,-8.849087829797554
21,30.481320203631128,-9.481320203631128
0,1.0270875539719238,-1.0270875539719238
56,55.728699421752246,0.2713005782477538
24,16.12097922759667,7.879020772403329
9,10.820694313025,-1.8206943130249993
22,21.51810904702661,0.4818909529733908
37,51.28601403749344,-14.286014037493437
72,62.39902146430379,9.600978535696207
0,20.03840660606419,-20.03840660606419
29,27.535118093024074,1.4648819069759256
0,41.54404309180054,-41.54404309180054
0,7.197889656734063,-7.197889656734063
67,64.48445197578252,2.5155480242174804
1,4.757333207490087,-3.7573332074900874
42,25.576360908445285,16.423639091554715
0,0.0019636720667648502,-0.0019636720667648502
55,51.20470090627103,3.7952990937289712
37,46.89163040610648,-9.89163040610648
19,14.462860570585656,4.537139429414344
7,7.515332462543642,-0.5153324625436424
57,57.155046879769685,-0.15504687976968512
38,33.590674484618106,4.409325515381894
49,49.76877058408252,-0.7687705840825174
0,43.80568781992492,-43.80568781992492
62,60.83442154942625,1.1655784505737472
32,34.06673697102978,-2.0667369710297834
58,40.20360075710812,17.79639924289188
40,40.765521194783254,-0.7655211947832541
0,1.0799693541145976,-1.0799693541145976
37,37.41727393056233,-0.417273930562331
51,45.55514413147562,5.444855868524378
12,51.401818648005786,-39.401818648005786
48,50.68184107277357,-2.6818410727735724
40,38.06077994777326,1.9392200522267373
31,23.658417543524205,7.341582456475795
8,20.47366926648566,-12.473669266485661
28,27.9298632836446,0.07013671635539964
32,31.251149024824098,0.7488509751759018
36,36.81683760211187,-0.8168376021118675
49,45.76683181825213,3.233168181747871
31,30.315123339264183,0.6848766607358172
85,74.97376804314547,10.02623195685453
0,12.74258475143151,-12.74258475143151
48,38.825883107936676,9.174116892063324
34,27.15587453259935,6.8441254674006515
0,0.2024443006401769,-0.2024443006401769
25,37.24081913715242,-12.240819137152421
78,71.79849870996846,6.201501290031544
23,21.640816602993766,1.359183397006234
0,5.838796113703617,-5.838796113703617
51,45.890462169293905,5.1095378307060955
28,30.295811122422595,-2.295811122422595
14,13.266168207937795,0.7338317920622046
4,4.351710736300653,-0.3517107363006531
45,47.1220614045033,-2.122061404503299
40,45.60060296911178,-5.600602969111783
39,43.60920212458679,-4.609202124586787
64,56.43020629497938,7.569793705020622
0,35.32317038683539,-35.32317038683539
42,51.766970499318106,-9.766970499318106
34,39.6999428038285,-5.699942803828499
24,24.05475655976056,-0.05475655976055904
31,25.87543958321474,5.124560416785261
31,30.58611303577941,0.4138869642205911
49,45.21072534823505,3.7892746517649485
67,40.98075918788419,26.01924081211581
28,6.623700597455132,21.376299402544866
0,0.38730741385380557,-0.38730741385380557
0,8.811901679065057,-8.811901679065057
36,25.548569630130533,10.451430369869467
0,14.080955245878847,-14.080955245878847
50,53.47708876752138,-3.47708876752138
65,51.62884682500992,13.371153174990077
9,74.3892926767991,-65.3892926767991
43,44.35926414690973,-1.3592641469097302
73,62.002340199523054,10.997659800476946
6,19.9175655433794,-13.9175655433794
58,64.06963878594743,-6.069638785947433
45,18.26470863101185,26.73529136898815
31,30.452162778085054,0.5478372219149463
62,60.43927488906569,1.5607251109343068
66,55.50470248967475,10.495297510325251
0,10.09936781362136,-10.09936781362136
68,63.7358964613379,4.2641035386620985
73,68.52086742456069,4.4791325754393085
22,24.365747188751428,-2.3657471887514276
49,41.03898085188795,7.961019148112051
60,60.60751076294808,-0.6075107629480812
34,22.884069229221144,11.115930770778856
31,16.790894145231075,14.209105854768925
57,52.640379806352186,4.359620193647814
21,19.400792179993502,1.599207820006498
25,32.10607860054163,-7.106078600541629
51,23.96707433953553,27.03292566046447
13,13.18958990775383,-0.18958990775382922
1,65.29199180997091,-64.29199180997091
20,44.15996098641962,-24.15996098641962
47,47.804006723184365,-0.8040067231843651
27,41.38945088236458,-14.389450882364578
32,69.05815422412321,-37.058154224123214
67,58.15757002698112,8.84242997301888
46,46.44753379755192,-0.4475337975519196
87,25.368234246545327,61.63176575345467
2,2.148321425273329,-0.14832142527332914
24,24.89985931003241,-0.8998593100324115
23,25.925517388263295,-2.9255173882632945
48,48.83107261255476,-0.8310726125547632
63,60.146528545238915,2.8534714547610847
0,1.0278922245325512,-1.0278922245325512
40,39.304899913528565,0.6951000864714345
28,27.62564737990914,0.37435262009086046
65,64.11102201990202,0.8889779800979767
40,39.96985251611625,0.030147483883752102
0,4.220970235137111,-4.220970235137111
55,59.13123969946637,-4.13123969946637
0,11.911103962089262,-11.911103962089262
6,20.952373863843835,-14.952373863843835
44,44.13499227661591,-0.13499227661591107
0,3.029954508459822,-3.029954508459822
84,48.383485763814164,35.616514236185836
80,68.04291620262377,11.957083797376228
70,72.42312839434301,-2.42312839434301
51,50.31975860925275,0.6802413907472484
42,46.75909903854016,-4.759099038540157
38,30.343574979536747,7.656425020463253
78,64.65350027421546,13.34649972578454
0,1.6694143734201266,-1.6694143734201266
86,79.33664636623908,6.66335363376092
0,5.910123034930419,-5.910123034930419
52,51.8361875170546,0.16381248294540285
72,49.90593872509213,22.094061274907872
36,37.80298373117425,-1.8029837311742511
70,69.96980326925657,0.03019673074342677
58,58.85346703279506,-0.8534670327950593
40,40.52379522318944,-0.5237952231894383
55,51.0510324182527,3.948967581747297
40,39.02231746723092,0.9776825327690801
37,40.73469744688539,-3.7346974468853915
49,43.24417541661452,5.755824583385483
72,70.4723632055721,1.527636794427906
37,39.170414235648714,-2.170414235648714
44,44.55172189393173,-0.5517218939317274
59,65.3423037995054,-6.342303799505402
55,55.73502697164978,-0.7350269716497806
1,1.333017669026737,-0.333017669026737
58,43.037907894762306,14.962092105237694
0,1.444474630943703,-1.444474630943703
54,54.689325083482444,-0.6893250834824443
39,39.831423809628966,-0.8314238096289657
74,69.57023385641854,4.42976614358146
47,53.89081340525825,-6.89081340525825
53,55.37600583197984,-2.376005831979839
1,27.401299542463693,-26.401299542463693
26,48.46043157785151,-22.46043157785151
80,75.35233541336925,4.6476645866307535
30,30.299829255471156,-0.29982925547115613
41,38.573065702290165,2.4269342977098347
35,35.02821171413188,-0.02821171413187784
77,67.41074612063404,9.589253879365955
24,29.879909974569188,-5.879909974569188
2,42.59618046052302,-40.59618046052302
66,55.27303223801813,10.726967761981868
40,47.94867656922987,-7.9486765692298675
0,1.6086634266315776,-1.6086634266315776
22,25.04436756677365,-3.0443675667736514
52,52.53251098175502,-0.5325109817550171
42,46.71741843523942,-4.7174184352394235
56,73.50075037575716,-17.500750375757164
30,39.24558914001265,-9.245589140012648
0,12.757345419150559,-12.757345419150559
59,36.69627810956757,22.303721890432428
52,52.575549352009666,-0.5755493520096664
49,61.87817621905409,-12.87817621905409
42,54.04469059675869,-12.044690596758691
71,69.88550267270038,1.1144973272996168
54,38.510867879944776,15.489132120055224
39,9.743820410237788,29.256179589762212
13,12.716737274388736,0.2832627256112641
68,45.54054494483855,22.45945505516145
82,73.29819391180226,8.701806088197742
74,73.69946345178285,0.3005365482171527
72,60.43978561664832,11.560214383351678
47,54.98151198017212,-7.981511980172122
77,74.30109373145501,2.698906268544988
69,68.52006251298992,0.4799374870100763
26,24.892078760195666,1.1079212398043339
0,24.679369635295764,-24.679369635295764
27,26.89610962001615,0.10389037998384865
40,40.94038700380032,-0.9403870038003177
70,68.50361157264211,1.4963884273578856
34,37.70523194323418,-3.705231943234182
67,54.20187621656693,12.79812378343307
21,20.29769920844155,0.70230079155845
22,22.726045215395583,-0.7260452153955832
60,51.84092840992742,8.159071590072578
33,36.90826639149962,-3.908266391499623
14,7.004797361819038,6.995202638180962
3,18.212998591909816,-15.212998591909816
66,66.420786346459,-0.42078634645899626
57,43.55840809428086,13.441591905719143
46,44.45354815246008,1.5464518475399203
37,36.04719461319299,0.9528053868070074
79,77.15890712857903,1.841092871420969
63,62.95599804978466,0.044001950215339036
24,33.489415573703305,-9.489415573703305
38,35.6624052109454,2.3375947890545987
74,55.85750148383114,18.142498516168857
0,6.239702712984183,-6.239702712984183
47,30.9422624209399,16.0577375790601
3,2.965930614479177,0.03406938552082295
62,52.97387828349119,9.026121716508811
0,16.061531099025053,-16.061531099025053
0,1.286190451396637,-1.286190451396637
49,38.61453287016128,10.385467129838723
45,38.698407415947386,6.301592584052614
56,49.70317152953267,6.296828470467332
37,39.24601310209854,-2.246013102098537
25,38.47689086906774,-13.476890869067738
69,65.9956560457527,3.004343954247304
24,9.190572212753583,14.809427787246417
72,61.07282196292407,10.927178037075933
32,30.991967962165347,1.0080320378346528
13,12.80855504622547,0.1914449537745302
13,47.62223133775784,-34.62223133775784
59,59.12087097164962,-0.12087097164962302
55,55.42057434954459,-0.4205743495445873
18,22.642227788506165,-4.642227788506165
6,6.269696672283707,-0.26969667228370664
10,22.85405165741812,-12.854051657418118
68,57.54920626991661,10.45079373008339
48,48.169837933417774,-0.16983793341777442
64,72.48173100159502,-8.481731001595023
36,50.30293628770046,-14.302936287700462
32,27.217988289077272,4.782011710922728
44,42.59218672463491,1.4078132753650934
37,36.76240465793921,0.2375953420607928
61,35.23587716091733,25.764122839082667
4,3.956453537246916,0.04354646275308394
1,27.45821975822641,-26.45821975822641
0,0.2544390674357716,-0.2544390674357716
51,35.92355304543511,15.076446954564886
61,56.99684401178079,4.003155988219213
51,49.777586448384284,1.2224135516157162
79,68.0588049393966,10.941195060603405
67,45.95050056515955,21.04949943484045
18,32.8459807466049,-14.845980746604901
42,42.31437506535943,-0.31437506535942816
57,43.146500108157156,13.853499891842844
4,10.514249609745413,-6.514249609745413
50,45.30190783956784,4.698092160432161
73,73.10980633133542,-0.10980633133542028
60,60.67806671491942,-0.6780667149194173
26,40.42539068588174,-14.425390685881737
35,30.020092568335258,4.979907431664742
66,54.26668519167524,11.733314808324756
44,44.54901544496102,-0.5490154449610216
62,64.3652677328215,-2.3652677328214935
65,49.08337390258962,15.91662609741038
43,68.62398869066493,-25.62398869066493
20,20.09449980623158,-0.09449980623157828
0,1.3944087603871964,-1.3944087603871964
19,18.105327288144192,0.894672711855808
33,23.573832512603076,9.426167487396924
36,37.84569809248479,-1.8456980924847883
84,66.82326540401803,17.17673459598197
21,23.870882778843093,-2.870882778843093
0,9.537221659643471,-9.537221659643471
16,19.536105877575558,-3.536105877575558
0,39.542604073539316,-39.542604073539316
40,40.21422064192307,-0.21422064192307033
1,5.774228759815214,-4.774228759815214
3,37.961352947591195,-34.961352947591195
9,10.893836214573014,-1.8938362145730139
59,57.03412872784861,1.9658712721513893
51,49.70711974140115,1.2928802585988493
57,44.29959129160503,12.700408708394967
62,51.885872129830126,10.114127870169874
50,23.989575696287705,26.010424303712295
46,43.594267227339905,2.4057327726600946
63,56.12476544523797,6.875234554762031
59,57.84881543980019,1.151184560199809
48,49.192190344492325,-1.1921903444923245
34,33.39709006683688,0.6029099331631187
24,24.440687803291627,-0.4406878032916275
84,75.83449556912652,8.165504430873483
38,38.19267866855191,-0.1926786685519133
81,46.15144033199362,34.84855966800638
80,30.250687808324475,49.74931219167553
52,38.629476130242665,13.370523869757335
34,31.81298898863552,2.187011011364479
38,41.36153621271576,-3.3615362127157624
69,69.24687205834421,-0.24687205834420922
45,34.27820545664628,10.721794543353717
52,38.48530506250951,13.51469493749049
44,30.756878900478256,13.243121099521744
13,20.039594732178408,-7.039594732178408
0,3.6777595359035415,-3.6777595359035415
27,39.76547379389976,-12.765473793899758
63,41.565375677285026,21.434624322714974
6,13.678602566338752,-7.678602566338752
54,57.95617477129885,-3.9561747712988478
12,14.630021245964356,-2.6300212459643557
23,23.067695197081328,-0.06769519708132776
20,20.56016841908722,-0.5601684190872191
45,57.41080864420552,-12.410808644205517
67,62.193487973993776,4.806512026006224
59,63.22380216885564,-4.2238021688556415
64,50.71191579300723,13.288084206992771
34,30.629902519623755,3.370097480376245
0,38.24847118653291,-38.24847118653291
48,38.836227563723334,9.163772436276666
18,20.371051031396316,-2.3710510313963162
0,0.21005607603545745,-0.21005607603545745
30,28.487921326641594,1.5120786733584062
44,43.457986290074494,0.5420137099255058
77,66.40424284105902,10.595757158940984
0,0.711170357317103,-0.711170357317103
20,25.82602191804948,-5.826021918049481
11,10.982526662738088,0.01747333726191158
25,26.245648191000132,-1.2456481910001322
51,46.80837532549321,4.191624674506791
59,58.704372283759355,0.2956277162406451
79,75.10020049287397,3.8997995071260334
70,63.5551064326327,6.444893567367302
31,30.556286571707396,0.44371342829260385
33,41.919013257672034,-8.919013257672034
31,23.480627095196425,7.519372904803575
82,57.58890810727747,24.41109189272253
0,0.6423068435955035,-0.6423068435955035
72,56.25300139238373,15.74699860761627
0,25.218800618901646,-25.218800618901646
0,0.6638845499670241,-0.6638845499670241
0,59.702445098420895,-59.702445098420895
44,34.45800655259158,9.541993447408423
53,59.20774817780634,-6.207748177806337
47,37.37076255940316,9.629237440596839
0,0.3748538403177578,-0.3748538403177578
64,57.756484102367665,6.243515897632335
52,57.87206087068843,-5.872060870688429
23,24.804291290421233,-1.804291290421233
7,8.7769068618783,-1.7769068618783006
34,34.466390101012585,-0.4663901010125855
32,32.857320693148914,-0.8573206931489139
37,36.81717807893627,0.1828219210637272
0,0.3608442334248786,-0.3608442334248786
40,48.52351291862525,-8.52351291862525
16,15.994557181546005,0.005442818453994747
22,24.288270785241323,-2.2882707852413233
48,46.99707394952525,1.0029260504747484
45,48.42652808782517,-3.4265280878251687
23,25.423460326934215,-2.423460326934215
63,68.84189472672088,-5.841894726720881
0,10.328838608657154,-10.328838608657154
34,24.16355852558756,9.836441474412439
2,48.55202650105754,-46.55202650105754
76,19.151544713912088,56.84845528608791
6,7.53039714016307,-1.5303971401630703
50,44.56677257903562,5.4332274209643785
48,41.76996096287751,6.230039037122488
6,6.7171342626890596,-0.7171342626890596
67,67.65701599230815,-0.6570159923081462
50,42.9987251618614,7.001274838138599
22,33.217759368048576,-11.217759368048576
43,37.1657704207253,5.834229579274698
20,17.991494038232126,2.0085059617678738
26,29.779170385279354,-3.779170385279354
69,42.90259765236704,26.097402347632958
28,26.4652613358864,1.5347386641136005
10,12.024734577756233,-2.0247345777562327
35,22.822824656766514,12.177175343233486
58,51.06052617895509,6.939473821044913
82,75.23293406125751,6.7670659387424905
16,32.223075199811475,-16.223075199811475
52,30.62401807611538,21.37598192388462
0,26.31696279343626,-26.31696279343626
36,33.60282871935189,2.3971712806481094
66,33.710478303695474,32.289521696304526
66,53.58722332710396,12.412776672896037
37,31.104828726868604,5.895171273131396
42,39.36559073025106,2.634409269748943
0,31.665206237230574,-31.665206237230574
43,48.99201489890562,-5.992014898905623
34,34.218060583164956,-0.2180605831649558
53,45.99567087384198,7.004329126158019
45,36.89267189231054,8.107328107689462
4,11.998814557598033,-7.998814557598033
5,11.126092099464604,-6.1260920994646035
37,44.0153279235295,-7.015327923529497
1,28.910634469787464,-27.910634469787464
59,60.61212936086147,-1.6121293608614735
55,47.501627215353,7.498372784647003
73,69.50112611785252,3.4988738821474783
51,48.2183255209385,2.7816744790615004
37,36.869558339799106,0.1304416602008942
41,46.784535991679434,-5.784535991679434
56,54.602818733781234,1.397181266218766
45,47.056543540932786,-2.056543540932786
27,27.167272083260958,-0.16727208326095777
58,69.28481036808459,-11.284810368084592
37,16.82571948949341,20.17428051050659
51,51.12484474304212,-0.12484474304211801
66,36.75756182404018,29.24243817595982
72,66.60661612904927,5.3933838709507285
0,5.349896008696796,-5.349896008696796
0,0.06439072881225553,-0.06439072881225553
66,68.5233408185516,-2.5233408185516026
58,63.75355037099612,-5.753550370996123
60,48.23328882880479,11.766711171195212
52,50.72091655769558,1.2790834423044188
48,20.14845129788317,27.85154870211683
0,7.391681834201282,-7.391681834201282
49,46.04577916971239,2.9542208302876105
0,2.6479031850165873,-2.6479031850165873
52,37.576798959499385,14.423201040500615
52,49.994378151201204,2.0056218487987962
23,22.291216203631084,0.7087837963689161
44,37.75919382225321,6.240806177746791
50,75.30104215230504,-25.301042152305044
0,0.9002285731280866,-0.9002285731280866
28,30.013557444025135,-2.0135574440251354
66,66.44067137526798,-0.44067137526798206
4,22.716782961391818,-18.716782961391818
50,47.581783602256166,2.4182163977438336
48,64.73226713807918,-16.73226713807918
0,11.862673101342136,-11.862673101342136
0,38.6447008831275,-38.6447008831275
0,7.87310391488978,-7.87310391488978
0,1.4983315739193077,-1.4983315739193077
46,46.112564129916855,-0.11256412991685494
43,40.20161587534838,2.7983841246516192
42,41.71267855248803,0.287321447511971
56,54.418913241484375,1.5810867585156245
48,55.01536387550114,-7.015363875501137
12,11.8662380158646,0.13376198413540052
55,35.87022132535535,19.129778674644648
55,70.94797193765906,-15.947971937659062
6,4.85827919282335,1.1417208071766503
40,40.01248952544064,-0.012489525440642524
28,45.57632358085714,-17.576323580857142
44,43.190734409102625,0.8092655908973754
0,12.682454332929572,-12.682454332929572
48,39.41179792766254,8.58820207233746
49,39.29980705630694,9.700192943693061
21,23.51033308622634,-2.510333086226339
56,54.95962946150494,1.0403705384950612
65,54.36374209418364,10.636257905816358
48,47.08780253521354,0.912197464786459
65,64.16439390272005,0.8356060972799497
30,29.91292075646953,0.08707924353047147
31,31.16366097692264,-0.16366097692263892
29,37.19061417508031,-8.190614175080313
73,68.05731485539597,4.942685144604027
22,24.059176060521605,-2.0591760605216045
28,24.68513003057806,3.3148699694219417
41,33.201478215499016,7.798521784500984
21,21.11656910083623,-0.11656910083623018
62,52.78082188032253,9.219178119677473
63,51.73924827497129,11.260751725028712
48,51.02411094905063,-3.0241109490506304
52,62.78237544355908,-10.782375443559083
47,46.23619647427015,0.7638035257298483
19,11.25486779192444,7.74513220807556
9,9.208006166717581,-0.2080061667175812
25,19.404019335070902,5.5959806649290975
70,70.72058239564629,-0.7205823956462893
0,7.403820870963306,-7.403820870963306
35,40.886774225121336,-5.886774225121336
61,63.874494335707844,-2.874494335707844
40,1.3165648558257979,38.683435144174204
72,56.67258926377211,15.32741073622789
34,36.30289669947775,-2.302896699477749
14,20.287267609126673,-6.287267609126673
53,39.48639560520127,13.513604394798733
56,56.126462356177285,-0.12646235617728507
42,49.52707061876312,-7.527070618763119
74,65.53901989623331,8.460980103766687
56,47.144583032311246,8.855416967688754
0,2.049796748816297,-2.049796748816297
50,34.51249900429598,15.487500995704018
58,53.21626476832267,4.783735231677333
37,30.962161796409898,6.037838203590102
0,65.41025464198361,-65.41025464198361
0,44.18890732697008,-44.18890732697008
51,31.781638905206247,19.218361094793753
22,16.930900809865893,5.069099190134107
69,18.562030951346827,50.43796904865317
43,51.476161472550956,-8.476161472550956
9,18.272627325454895,-9.272627325454895
65,57.534527223838886,7.465472776161114
64,68.47543116605765,-4.475431166057646
58,58.57293229094632,-0.5729322909463193
64,56.77013654398607,7.2298634560139305
37,43.6335468664691,-6.6335468664691035
19,20.007602287317553,-1.0076022873175532
30,35.11632831396749,-5.116328313967493
3,33.75235907061694,-30.75235907061694
0,46.226076789014186,-46.226076789014186
10,18.02698880912223,-8.02698880912223
62,49.09105792914414,12.908942070855858
38,37.306897782439705,0.6931022175602948
0,0.47843629715817,-0.47843629715817
51,43.43833258868406,7.561667411315938
68,61.44709802506504,6.5529019749349615
35,45.065011036348785,-10.065011036348785
26,30.400277355487543,-4.4002773554875425
37,24.874361987835396,12.125638012164604
7,8.269701854372206,-1.2697018543722063
38,39.292291698495234,-1.2922916984952337
34,35.324312299063294,-1.324312299063294
58,60.51969152449571,-2.5196915244957125
31,43.54188149098552,-12.541881490985517
41,40.64688478855919,0.3531152114408087
64,44.05335952699757,19.946640473002432
0,0.0,0.0
3,2.0525083079483446,0.9474916920516554
0,0.016950832672482156,-0.016950832672482156
52,50.91888378017854,1.0811162198214603
70,67.30857115078128,2.691428849218724
42,42.55786692224986,-0.5578669222498576
38,51.01258956917199,-13.012589569171993
31,31.1771674284506,-0.1771674284505984
0,18.27955656648334,-18.27955656648334
62,55.45724902616855,6.542750973831453
56,64.72851869232426,-8.728518692324258
51,52.6081147871128,-1.6081147871127968
43,43.19479354421934,-0.19479354421933692
21,22.038523202534,-1.0385232025340017
36,31.95518184790092,4.044818152099079
11,11.917044940560551,-0.917044940560551
39,39.59186140526478,-0.5918614052647797
0,1.875414170145826,-1.875414170145826
0,12.72701133084129,-12.72701133084129
2,14.12748807776177,-12.12748807776177
8,8.991826257591216,-0.9918262575912156
11,20.941438398963278,-9.941438398963278
47,47.92168468307948,-0.9216846830794765
38,36.95061135031125,1.0493886496887512
0,20.997010059550558,-20.997010059550558
7,7.271014776144907,-0.27101477614490666
59,54.67690166705796,4.323098332942038
35,26.81933395395584,8.18066604604416
45,43.84438906363459,1.155610936365413
68,66.52453713457759,1.475462865422415
0,0.5153045469106466,-0.5153045469106466
0,11.421782427238679,-11.421782427238679
43,29.879978472864433,13.120021527135567
51,51.22056648902784,-0.22056648902783849
33,12.202515513971672,20.797484486028328
36,41.92246006914208,-5.922460069142083
34,37.84569809248479,-3.8456980924847883
0,6.264284142585012,-6.264284142585012
69,63.492936641150344,5.507063358849656
24,30.615176257039224,-6.615176257039224
57,27.00653299920787,29.99346700079213
82,75.66926810754478,6.330731892455219
41,40.72475008329127,0.2752499167087308
7,7.107233246810976,-0.10723324681097601
0,40.01587678461863,-40.01587678461863
48,44.42294923169343,3.57705076830657
0,8.999350827721917,-8.999350827721917
0,0.0019636720667648502,-0.0019636720667648502
24,23.81941315003021,0.1805868499697887
49,11.547201381578473,37.452798618421525
13,21.04386805291389,-8.04386805291389
48,44.910873751726676,3.089126248273324
23,36.068093685258724,-13.068093685258724
18,18.093653088981494,-0.09365308898149394
55,60.349320007430535,-5.349320007430535
31,31.914610561975906,-0.9146105619759055
0,42.313914302127436,-42.313914302127436
42,52.92152314788915,-10.921523147889147
9,11.76387025188995,-2.7638702518899496
16,16.42457665310681,-0.42457665310681136
37,47.543203463611604,-10.543203463611604
16,12.423176971886722,3.576823028113278
53,58.506631882751215,-5.506631882751215
45,37.800566842958844,7.199433157041156
58,56.32954602231482,1.6704539776851774
39,46.314867858474926,-7.314867858474926
28,28.332482119654266,-0.3324821196542658
0,15.254486737791366,-15.254486737791366
33,29.587700480521722,3.412299519478278
63,47.11109757522606,15.888902424773939
63,68.34720339118584,-5.347203391185843
76,35.985279850136195,40.014720149863805
0,5.68085957321726,-5.68085957321726
15,41.87777842257566,-26.87777842257566
49,49.552144953637075,-0.5521449536370753
13,13.476631086587462,-0.4766310865874619
46,53.249675223972076,-7.249675223972076
53,30.33437449027996,22.66562550972004
67,67.87313141075698,-0.873131410756983
44,26.488458934381075,17.511541065618925
47,50.41549353487695,-3.4154935348769513
33,31.842848031520024,1.157151968479976
23,25.787412699996633,-2.787412699996633
0,58.49509839996908,-58.49509839996908
26,21.336727957905563,4.663272042094437
73,73.95872865619137,-0.9587286561913686
46,44.291238706903265,1.7087612930967353
47,40.885782386563946,6.114217613436054
30,28.319906995614538,1.680093004385462
0,20.52401045975583,-20.52401045975583
33,35.4555881109324,-2.4555881109324034
41,42.46614071791168,-1.4661407179116779
66,66.54676302012162,-0.5467630201216167
19,19.236778716280995,-0.23677871628099467
58,73.93102538114697,-15.931025381146966
14,24.31372377426591,-10.31372377426591
47,47.25278746565729,-0.25278746565729193
2,2.8713631149755225,-0.8713631149755225
36,36.13617332822462,-0.13617332822462203
0,1.5648697062432655,-1.5648697062432655
67,59.34976665859412,7.65023334140588
13,15.511644875292273,-2.511644875292273
76,56.37218238259821,19.62781761740179
46,38.06539748705045,7.934602512949553
30,33.06833357148688,-3.068333571486882
58,41.99857118884551,16.00142881115449
47,50.330459015032986,-3.330459015032986
40,56.02019876041235,-16.02019876041235
14,38.12815507677167,-24.12815507677167
20,20.71550066784813,-0.7155006678481293
34,33.70610100536407,0.2938989946359314
27,24.12331404215655,2.876685957843449
0,0.3432455148061263,-0.3432455148061263
65,56.186148011940816,8.813851988059184
40,38.91469515742229,1.0853048425777132
7,11.108567109733292,-4.108567109733292
0,3.317161659225135,-3.317161659225135
20,22.16891982099639,-2.16891982099639
10,53.40771419907154,-43.40771419907154
72,52.68417524469113,19.315824755308867
74,71.88849427024132,2.111505729758676
72,50.06791246511352,21.932087534886477
0,1.0987438481286171,-1.0987438481286171
70,54.22906663121592,15.770933368784078
86,68.1181107890151,17.881889210984895
18,18.146114619077636,-0.14611461907763612
48,45.0763637876313,2.9236362123686988
14,14.222139293852347,-0.2221392938523472
14,15.226657306018957,-1.2266573060189572
12,15.443520219440698,-3.443520219440698
71,54.17031877953156,16.829681220468437
0,2.545458155776451,-2.545458155776451
20,19.437981350362218,0.5620186496377819
67,49.142285556065936,17.857714443934064
26,18.59523248420574,7.4047675157942585
24,23.69152794898359,0.30847205101640895
46,44.67515323384986,1.324846766150138
70,36.70997753003385,33.29002246996615
40,40.55061215482621,-0.5506121548262115
13,15.32993960499724,-2.3299396049972394
66,60.07325671705565,5.926743282944351
45,46.685262727276154,-1.6852627272761538
71,64.20652174056424,6.793478259435759
59,66.44462661914767,-7.4446266191476695
21,15.542508473533125,5.457491526466875
0,24.718876702243104,-24.718876702243104
51,36.915360062814706,14.084639937185294
41,25.667236624957837,15.332763375042163
46,46.76738693709276,-0.7673869370927591
43,26.818461274283482,16.181538725716518
65,66.81305030172466,-1.8130503017246582
34,28.16409615550226,5.835903844497739
67,45.60665938465802,21.393340615341977
45,45.89779827040322,-0.8977982704032215
0,10.905010507271923,-10.905010507271923
14,14.14066232431299,-0.14066232431298964
59,46.23816222601728,12.76183777398272
50,48.44694770846617,1.553052291533831
46,28.83431848904208,17.16568151095792
70,50.220706155307944,19.779293844692056
41,37.657424904172245,3.3425750958277547
26,28.291042020555167,-2.2910420205551674
28,42.52781326639776,-14.527813266397757
63,59.22739257018191,3.7726074298180876
36,37.890011685464,-1.8900116854640032
18,18.026927639789793,-0.02692763978979329
43,44.98535604672481,-1.9853560467248101
41,40.95524969009376,0.044750309906241625
44,42.639393986711504,1.3606060132884963
65,58.84111851215171,6.158881487848291
31,30.979858593730402,0.02014140626959815
6,5.698085410883876,0.3019145891161239
59,63.79261771965663,-4.792617719656633
46,45.283010360740334,0.7169896392596655
36,27.33830831492755,8.661691685072451
58,66.21553460935115,-8.215534609351153
39,39.29956184621871,-0.2995618462187082
0,17.066152763214266,-17.066152763214266
64,64.10051284119653,-0.10051284119653303
20,19.495575740735298,0.5044242592647024
54,54.94271953789896,-0.9427195378989595
49,48.62808124100847,0.3719187589915265
15,16.118173910496807,-1.1181739104968074
0,0.7886315537192171,-0.7886315537192171
68,60.256268218386204,7.743731781613796
14,11.906918284649608,2.093081715350392
61,51.885158634381646,9.114841365618354
14,15.226657306018957,-1.2266573060189572
0,39.6383767544618,-39.6383767544618
42,43.35372530821051,-1.3537253082105067
57,45.286103316898306,11.713896683101694
40,39.92859821100148,0.07140178899852145
49,43.17001314080538,5.829986859194619
0,2.4109633945216316,-2.4109633945216316
54,54.442030450784316,-0.4420304507843156
81,79.338264146125,1.6617358538750011
48,55.21997696358035,-7.219976963580351
39,47.268511669581116,-8.268511669581116
39,42.03418623098273,-3.0341862309827334
53,53.978117839581174,-0.9781178395811736
57,16.024018088245143,40.97598191175486
69,63.74739873844637,5.252601261553629
18,18.616605100147744,-0.6166051001477442
45,34.00473267214771,10.99526732785229
41,38.89081745124185,2.109182548758149
17,17.561200961554224,-0.5612009615542242
0,0.06439072881225553,-0.06439072881225553
77,67.45858104845078,9.541418951549218
37,41.97850338009174,-4.9785033800917375
66,62.41653109796054,3.5834689020394634
54,41.318531785707826,12.681468214292174
0,1.7259552943468277,-1.7259552943468277
9,9.49705457027712,-0.4970545702771201
46,38.422276479477596,7.5777235205224045
71,69.48150383982104,1.5184961601789553
0,28.788770078725335,-28.788770078725335
16,16.17483423872883,-0.17483423872883108
46,52.328815383368685,-6.328815383368685
19,19.812149077777438,-0.8121490777774376
26,47.05523960333815,-21.05523960333815
31,30.57466343023718,0.42533656976281975
53,42.73347337715203,10.26652662284797
0,0.00565113580577498,-0.00565113580577498
52,43.493507390520634,8.506492609479366
30,29.145916225847063,0.8540837741529366
45,44.36547666113827,0.6345233388617331
45,44.521100667690085,0.4788993323099149
71,47.94752957844239,23.052470421557608
63,46.20331772720678,16.79668227279322
36,53.620124686780635,-17.620124686780635
22,15.528089263352493,6.471910736647507
0,4.253751137829415,-4.253751137829415
20,21.436958740193706,-1.436958740193706
97,83.38837339043532,13.61162660956468
67,73.27823960100963,-6.278239601009631
21,20.771611312971196,0.22838868702880433
57,60.76920515583976,-3.7692051558397566
21,17.757085493075735,3.242914506924265
69,68.11988153719743,0.8801184628025709
38,38.4274588618811,-0.4274588618810995
42,54.00628850623302,-12.00628850623302
51,51.7512654721837,-0.7512654721836967
56,51.15138358152932,4.848616418470677
3,26.04416039889493,-23.04416039889493
49,44.56980706135905,4.43019293864095
49,47.06681779423311,1.9331822057668901
50,48.924661605736425,1.075338394263575
0,47.16583793892194,-47.16583793892194
66,53.535456130926825,12.464543869073175
6,9.160562884130368,-3.1605628841303677
41,42.527376945143125,-1.527376945143125
10,17.3763957379163,-7.376395737916301
71,63.97028081549982,7.0297191845001805
65,46.64881008738908,18.35118991261092
61,61.988964700276355,-0.9889647002763553
0,0.6520927963620505,-0.6520927963620505
43,52.96812648511138,-9.968126485111377
77,62.63809229739733,14.361907702602672
58,49.835896509952114,8.164103490047886
46,43.60295397617196,2.3970460238280396
50,30.626092011813544,19.373907988186456
69,68.11988153719743,0.8801184628025709
60,59.03667379463996,0.9633262053600404
61,52.04005909472811,8.959940905271893
35,36.14130284358697,-1.1413028435869705
39,49.69374603076272,-10.693746030762718
20,20.204338287959516,-0.2043382879595157
41,33.442403660845414,7.5575963391545855
0,18.214257595514457,-18.214257595514457
65,65.15856548184887,-0.15856548184886776
22,22.106780709445218,-0.10678070944521778
23,23.950405773654225,-0.9504057736542251
50,49.29539684823044,0.704603151769561
19,18.27556973449499,0.7244302655050099
25,23.294097357710804,1.705902642289196
0,0.026911017171049375,-0.026911017171049375
46,47.986986130006684,-1.9869861300066844
0,0.40239905188358804,-0.40239905188358804
55,55.92705703629991,-0.9270570362999067
38,40.06675258195132,-2.06675258195132
27,31.16027746695488,-4.160277466954881
28,27.036440570986652,0.9635594290133476
38,39.50786201111408,-1.507862011114078
72,70.52951760871912,1.470482391280882
21,22.76295495005137,-1.7629549500513697
40,43.96039478294672,-3.9603947829467216
65,54.00104121819896,10.998958781801043
33,25.13553019072905,7.86446980927095
22,29.45431917105779,-7.45431917105779
81,44.4622288616144,36.5377711383856
79,76.89671444272393,2.1032855572760667
0,4.70087321012882,-4.70087321012882
58,27.363705545898455,30.636294454101545
0,15.614421210324295,-15.614421210324295
0,0.5646808613303459,-0.5646808613303459
58,49.376443135943575,8.623556864056425
0,0.5423535212601951,-0.5423535212601951
52,51.90825771727875,0.09174228272124907
50,50.154057072546905,-0.15405707254690526
57,56.19530627602175,0.8046937239782466
26,33.185956425267115,-7.185956425267115
56,56.00142554819599,-0.001425548195989279
34,25.166676069539154,8.833323930460846
0,38.04177327295664,-38.04177327295664
0,10.835951751514214,-10.835951751514214
15,14.429017063722082,0.5709829362779182
4,3.881393387899722,0.11860661210027779
53,53.366998330002524,-0.3669983300025237
0,7.854016592355386,-7.854016592355386
37,35.52762751590974,1.4723724840902577
47,50.0728042739495,-3.072804273949501
46,44.69269660155992,1.3073033984400766
36,39.28847216272038,-3.2884721627203817
42,26.512567752320063,15.487432247679937
17,16.959107869932225,0.0408921300677747
16,16.50784375476163,-0.5078437547616304
58,56.392498357124644,1.6075016428753557
56,58.89488095769908,-2.8948809576990797
67,54.86985366137093,12.130146338629068
0,11.674863431170765,-11.674863431170765
63,61.5130935416231,1.4869064583769003
75,60.82033279382597,14.179667206174031
52,55.77069614701201,-3.7706961470120106
0,0.16213061555173702,-0.16213061555173702
65,53.20743686112957,11.792563138870428
0,0.5920020281052871,-0.5920020281052871
91,75.22052950167819,15.779470498321814
66,62.88314561962361,3.116854380376388
71,65.64356889780369,5.356431102196311
0,0.046686303387334316,-0.046686303387334316
35,33.91642807098876,1.0835719290112422
61,60.51893797010339,0.48106202989661284
49,40.340650997589016,8.659349002410984
63,60.66473316858073,2.3352668314192684
38,37.87017966450949,0.12982033549050698
0,19.96651431940536,-19.96651431940536
12,13.063501767816222,-1.0635017678162217
32,36.40339234693548,-4.403392346935483
62,47.87002308147793,14.129976918522068
4,3.2713316474186067,0.7286683525813933
53,45.33544971171968,7.664550288280317
79,58.51901845233679,20.480981547663212
23,25.4226720569578,-2.4226720569578006
34,22.73799143996522,11.26200856003478
26,28.896480137846247,-2.896480137846247
14,20.930636527241937,-6.930636527241937
0,15.191740828546404,-15.191740828546404
31,41.071112207708964,-10.071112207708964
27,33.314343684031556,-6.314343684031556
56,46.56178394546376,9.438216054536241
70,69.20681687767524,0.7931831223247627
0,18.86091350799273,-18.86091350799273
70,47.04071514460838,22.959284855391623
36,36.69734256700575,-0.697342567005748
54,57.85262474612756,-3.8526247461275602
59,62.90503842739212,-3.905038427392121
30,28.990887401842897,1.0091125981571025
33,24.20608104540345,8.793918954596549
89,71.48623721262481,17.513762787375185
38,37.301147857795904,0.6988521422040961
39,39.49750842131633,-0.49750842131633277
48,43.96560824981651,4.034391750183488
29,39.49245927759161,-10.492459277591607
59,53.630871601886845,5.369128398113155
38,22.6362042194324,15.3637957805676
34,38.42550430949511,-4.4255043094951105
73,49.35710727075901,23.64289272924099
58,58.42503995127321,-0.42503995127321303
36,39.20146805674224,-3.201468056742243
41,41.7837071629524,-0.7837071629524033
43,34.723359872209834,8.276640127790166
34,35.95026228169432,-1.9502622816943216
8,33.95464217283742,-25.954642172837417
41,49.75020319699656,-8.750203196996559
65,70.26031117741371,-5.260311177413712
54,23.430951531434243,30.569048468565757
52,43.43375497238827,8.566245027611728
65,71.97290277809793,-6.972902778097932
2,2.7677262309184667,-0.7677262309184667
36,13.701092101913687,22.298907898086313
58,62.489514549134896,-4.489514549134896
73,57.00345462900981,15.99654537099019
66,66.82071318236235,-0.8207131823623541
22,22.443765772439445,-0.4437657724394448
72,67.70160195012242,4.2983980498775765
23,22.078743964118114,0.9212560358818855
0,10.225935355599923,-10.225935355599923
0,5.373062737783438,-5.373062737783438
65,58.964758321629425,6.035241678370575
6,7.905892296809317,-1.9058922968093173
17,18.64059064476114,-1.64059064476114
47,45.16248420539909,1.837515794600911
33,17.02695518829143,15.973044811708569
16,21.15574900941274,-5.155749009412741
62,2.047162354919494,59.95283764508051
80,53.97965147420912,26.02034852579088
6,6.131616842973155,-0.13161684297315457
17,20.283600377863397,-3.2836003778633973
21,35.852424163818725,-14.852424163818725
49,31.13293993206096,17.86706006793904
24,22.519489843178476,1.4805101568215235
69,65.61652955492222,3.3834704450777764
40,33.11855092451187,6.881449075488128
60,58.33533456198481,1.6646654380151915
29,27.878391598419316,1.1216084015806835
22,20.50637361691648,1.4936263830835195
27,18.247003741180407,8.752996258819593
47,44.58520783380528,2.4147921661947223
53,52.41430370060175,0.5856962993982506
40,38.27452888917963,1.7254711108203722
0,28.596634046369655,-28.596634046369655
72,48.914075161028634,23.085924838971366
30,30.10427937974026,-0.1042793797402588
6,5.840000051463295,0.15999994853670518
59,59.31617448522978,-0.3161744852297801
68,62.75682496270772,5.243175037292282
30,29.447314211486,0.5526857885140011
30,25.23731209279183,4.762687907208171
78,49.06917989652904,28.930820103470957
23,30.126913194503476,-7.1269131945034765
51,35.897918847791495,15.102081152208505
0,2.412201924830791,-2.412201924830791
0,8.649785103560005,-8.649785103560005
0,39.96168052425707,-39.96168052425707
39,44.16383076676164,-5.163830766761642
74,51.16492855313063,22.83507144686937
1,13.835958135654682,-12.835958135654682
52,47.582904909738254,4.417095090261746
47,47.361869476716954,-0.36186947671695435
52,55.15760727739401,-3.157607277394007
47,43.218140842485,3.781859157515001
47,46.52243441926416,0.4775655807358419
20,16.006659030475475,3.9933409695245246
50,56.696691758145356,-6.696691758145356
0,6.719981353629835,-6.719981353629835
53,54.1211131574406,-1.1211131574405968
0,45.52364352337583,-45.52364352337583
16,16.272222713037625,-0.2722227130376247
29,26.93698173986476,2.063018260135241
68,64.39099741961853,3.609002580381471
0,0.745555156644152,-0.745555156644152
9,7.973048396080734,1.026951603919266
1,50.11835150173522,-49.11835150173522
0,9.75057109154409,-9.75057109154409
0,16.292913021827484,-16.292913021827484
29,35.561481658148494,-6.5614816581484945
26,24.421345877142187,1.578654122857813
61,51.6027480451,9.3972519549
0,10.144074749488086,-10.144074749488086
26,26.160048413888436,-0.16004841388843616
78,76.0653305864519,1.934669413548093
64,52.702138124844154,11.297861875155846
0,0.5698999072710413,-0.5698999072710413
10,14.059091315010098,-4.0590913150100985
12,3.750422425049949,8.24957757495005
0,14.058850494675237,-14.058850494675237
40,24.17558173474753,15.824418265252469
35,38.719404233898224,-3.7194042338982243
62,63.89408309061407,-1.8940830906140675
5,7.379009289576551,-2.379009289576551
50,50.44638509957365,-0.44638509957364647
36,42.009543229101816,-6.009543229101816
85,58.446882872641936,26.553117127358064
23,7.806393131306083,15.193606868693916
58,54.04757724473667,3.9524227552633278
78,69.65438480062451,8.345615199375487
0,6.925224069285624,-6.925224069285624
29,29.309887057917926,-0.30988705791792626
63,61.90673144820047,1.0932685517995324
2,1.8030281936262307,0.19697180637376932
31,37.260330782341626,-6.260330782341626
38,37.29314018805598,0.706859811944021
0,0.4615174821360389,-0.4615174821360389
38,31.54146022100811,6.4585397789918915
31,29.371003615333244,1.6289963846667561
18,18.3808908138101,-0.38089081381010104
10,9.850930862527877,0.14906913747212336
10,11.156703185336443,-1.1567031853364433
49,35.388332748248125,13.611667251751875
6,5.848595896620331,0.1514041033796687
7,8.366381293376142,-1.3663812933761417
27,29.668966411456715,-2.668966411456715
70,56.839705479130764,13.160294520869236
6,45.21987698213487,-39.21987698213487
26,32.42494494946766,-6.424944949467658
11,17.273650146298376,-6.273650146298376
66,48.22025408035986,17.779745919640142
0,39.78729914743998,-39.78729914743998
48,51.421004533524105,-3.421004533524105
0,3.01313582703193,-3.01313582703193
0,0.04056210112911144,-0.04056210112911144
56,44.55480896665017,11.445191033349829
32,48.18782292349777,-16.18782292349777
67,60.61575322523015,6.384246774769849
41,44.02524814983813,-3.025248149838127
30,29.919534134202554,0.08046586579744641
14,13.613925296574772,0.3860747034252281
25,23.105617163396335,1.8943828366036648
16,14.40075603219648,1.5992439678035204
46,7.671886634462053,38.328113365537945
46,45.74564516922784,0.2543548307721579
58,62.04866133074121,-4.048661330741211
3,26.781510031118728,-23.781510031118728
90,77.0139503226773,12.986049677322697
27,29.083699136512987,-2.083699136512987
47,8.0497412063171,38.9502587936829
66,62.13018491935994,3.869815080640059
0,1.1972626752695477,-1.1972626752695477
0,1.2278675006475301,-1.2278675006475301
80,66.72587287621822,13.274127123781781
50,49.901093800629845,0.09890619937015543
25,24.713035079329323,0.2869649206706768
61,28.432890871579456,32.56710912842054
5,9.685822821819869,-4.685822821819869
0,0.6829153060455836,-0.6829153060455836
66,65.9808222290636,0.019177770936394722
21,12.522002507398241,8.477997492601759
38,40.35880046961894,-2.3588004696189415
45,45.13301373295353,-0.13301373295352903
1,22.96143238227476,-21.96143238227476
45,45.38201728193083,-0.3820172819308283
16,16.64694005990247,-0.6469400599024695
21,28.482274072666126,-7.482274072666126
19,31.641330145939257,-12.641330145939257
20,22.512366441916292,-2.512366441916292
64,54.8040833933229,9.195916606677102
13,13.632560811382843,-0.6325608113828434
1,39.06978932494579,-38.06978932494579
35,38.191035716235604,-3.1910357162356036
53,47.7393512886349,5.2606487113651
0,1.254907439429722,-1.254907439429722
2,18.784659360874045,-16.784659360874045
28,30.230824941736515,-2.2308249417365147
58,49.20731582885461,8.792684171145389
47,46.13607451920375,0.8639254807962473
58,60.99480785098679,-2.9948078509867884
42,69.99543280265529,-27.995432802655287
35,38.07105793882972,-3.0710579388297177
45,46.491062169398404,-1.491062169398404
41,41.93676193348355,-0.9367619334835524
26,41.205335607109404,-15.205335607109404
49,36.03785919566198,12.96214080433802
32,29.317019075947243,2.6829809240527567
50,44.82730560415958,5.1726943958404235
43,43.62537084756283,-0.6253708475628272
61,58.50544580040845,2.4945541995915477
63,48.74014894323535,14.259851056764653
61,64.6187104489157,-3.6187104489157065
12,19.437981350362218,-7.437981350362218
57,64.60090601638092,-7.600906016380918
45,46.52410656701758,-1.5241065670175828
57,58.85346703279506,-1.8534670327950593
0,22.009044375649623,-22.009044375649623
79,73.70622552137047,5.29377447862953
0,34.98039297172662,-34.98039297172662
71,68.397164860034,2.602835139966004
17,16.55131969952804,0.4486803004719597
32,36.26433015163905,-4.264330151639051
45,40.837153873215456,4.162846126784544
36,25.857803424709235,10.142196575290765
0,0.2516205176926351,-0.2516205176926351
39,38.428829568102294,0.5711704318977056
24,49.45923086778655,-25.45923086778655
46,49.75953758998398,-3.759537589983978
35,33.838350865494,1.1616491345059998
21,22.50589085117353,-1.505890851173529
49,49.45793757377347,-0.4579375737734708
53,56.247040994569,-3.247040994568998
36,38.21006010209931,-2.2100601020993125
72,52.36231558583817,19.637684414161832
38,37.13882631548734,0.8611736845126572
0,8.68218166020243,-8.68218166020243
75,57.65941116456771,17.340588835432293
61,57.34460501928286,3.6553949807171406
50,57.41385699455602,-7.413856994556021
15,35.64169168877719,-20.641691688777193
41,24.726232917517134,16.273767082482866
35,14.639061578622925,20.360938421377075
34,34.411794265022124,-0.4117942650221238
83,60.2457812389015,22.7542187610985
0,11.492340558065225,-11.492340558065225
13,11.841115371633334,1.1588846283666658
0,0.06649738793810166,-0.06649738793810166
65,44.04679995903434,20.953200040965662
26,29.865795440749846,-3.865795440749846
0,10.796962265452107,-10.796962265452107
71,65.58719631471715,5.412803685282853
30,21.991730442625148,8.008269557374852
0,22.783168378097717,-22.783168378097717
71,71.13599175156101,-0.13599175156100785
21,21.162668769916714,-0.16266876991671353
39,42.30460500283647,-3.3046050028364675
39,39.90646597653846,-0.9064659765384633
23,22.98470479696086,0.015295203039141114
48,42.484438420272724,5.515561579727276
43,51.21051666056588,-8.21051666056588
70,58.911169711196465,11.088830288803535
59,61.43225540582744,-2.4322554058274406
54,54.43713113002335,-0.4371311300233529
11,8.293120713547317,2.7068792864526827
78,65.20978812254458,12.79021187745542
1,46.16806727940142,-45.16806727940142
34,26.781703706899556,7.218296293100444
62,60.184773224933515,1.8152267750664848
13,14.203599500970949,-1.2035995009709488
1,28.844470954684276,-27.844470954684276
49,38.27398741276025,10.726012587239751
42,47.77821772331624,-5.778217723316239
29,28.673034161524757,0.3269658384752425
58,46.16156251255232,11.838437487447678
4,58.287129545342154,-54.287129545342154
0,10.437608324619646,-10.437608324619646
60,66.48156737731262,-6.481567377312615
0,50.27775347131436,-50.27775347131436
40,37.72337003585035,2.276629964149649
27,23.55502319969665,3.444976800303351
69,55.89868523275901,13.101314767240993
81,65.25992492172317,15.740075078276831
74,70.8995187983336,3.1004812016663976
49,58.673827885311894,-9.673827885311894
39,20.014935716174456,18.985064283825544
34,33.9769971602502,0.02300283974980033
74,74.00967555721029,-0.009675557210286456
2,2.0254789406851264,-0.02547894068512635
44,42.81868572661244,1.1813142733875566
32,26.11287707473084,5.887122925269161
70,66.13742569668074,3.8625743033192634
33,33.552684037954315,-0.5526840379543145
35,19.35111682546038,15.64888317453962
59,63.16939374139804,-4.169393741398039
75,65.31564485276274,9.684355147237255
33,30.029053699347717,2.970946300652283
52,53.46302779558637,-1.4630277955863704
38,37.246876589585675,0.7531234104143252
2,13.730689952725667,-11.730689952725667
39,44.68660866125031,-5.686608661250311
37,37.20663647415614,-0.2066364741561415
53,40.1679157509378,12.832084249062198
41,42.4839032935968,-1.4839032935968035
72,78.61914727756651,-6.619147277566512
64,57.58890810727747,6.411091892722531
31,33.81775004788953,-2.8177500478895325
78,60.803337982744075,17.196662017255925
16,23.79586666033791,-7.795866660337911
29,39.32955648651429,-10.329556486514292
0,11.9279761094484,-11.9279761094484
47,37.151074335970534,9.848925664029466
0,1.7717449688947218,-1.7717449688947218
41,39.39205329332316,1.6079467066768416
19,34.64035982298247,-15.640359822982468
12,10.936866447179597,1.0631335528204033
64,37.14480817082277,26.85519182917723
56,53.79497091289691,2.2050290871030924
1,1.5616025190202472,-0.5616025190202472
73,43.330581960451134,29.669418039548866
0,0.5316464285803069,-0.5316464285803069
26,53.12698373256605,-27.126983732566053
0,0.0,0.0
8,8.007725075349107,-0.007725075349107158
37,36.265882550757254,0.7341174492427456
43,47.80086651598425,-4.8008665159842465
26,25.5038689963641,0.4961310036358988
0,16.976383178457777,-16.976383178457777
0,20.70544626621946,-20.70544626621946
31,10.050916482355174,20.949083517644826
60,55.76859084075909,4.231409159240911
25,28.896480137846247,-3.896480137846247
53,56.96209596169743,-3.962095961697429
80,39.79402941464798,40.20597058535202
69,66.92489126940816,2.075108730591836
73,60.996196014565896,12.003803985434104
73,62.16437943407966,10.835620565920337
53,43.85364411816194,9.146355881838062
48,47.978826974576535,0.02117302542346522
67,51.67238548437488,15.327614515625122
35,35.7463882864891,-0.7463882864891005
79,73.67642646110289,5.323573538897108
60,62.96361846932688,-2.9636184693268817
38,38.004543148771994,-0.004543148771993799
70,56.17541208858786,13.824587911412138
61,69.07340153197121,-8.073401531971214
51,50.58345324096229,0.41654675903770766
48,43.67157937631054,4.3284206236894605
44,39.80992984923765,4.190070150762352
67,38.43106579119158,28.56893420880842
42,37.53037219467143,4.469627805328571
62,56.514127757398946,5.485872242601054
2,46.48775866795941,-44.48775866795941
47,35.777137799543794,11.222862200456206
22,22.62878230403129,-0.6287823040312901
12,20.934446674536325,-8.934446674536325
44,35.52762751590974,8.472372484090258
69,56.27013749084386,12.729862509156142
78,73.82369970945662,4.176300290543381
50,51.438340413713725,-1.4383404137137248
40,50.89062439689733,-10.89062439689733
72,65.30554266353022,6.694457336469782
12,14.14757327899491,-2.1475732789949102
55,52.778153030663056,2.2218469693369443
50,59.21554049479208,-9.21554049479208
53,47.198243507579626,5.801756492420374
0,14.157609510771762,-14.157609510771762
77,67.35557521869596,9.64442478130404
57,73.64899526735586,-16.648995267355858
84,55.893151018575196,28.106848981424804
28,29.879909974569188,-1.8799099745691876
42,37.19087954213889,4.809120457861113
39,29.593442640524533,9.406557359475467
0,10.443975839794163,-10.443975839794163
58,28.18530306728829,29.81469693271171
19,19.432260754074264,-0.4322607540742638
20,34.42866815286645,-14.42866815286645
32,21.340936917664834,10.659063082335166
62,49.36332449929845,12.63667550070155
18,18.184795642985712,-0.18479564298571205
60,40.01403323422599,19.98596676577401
49,46.945549107322165,2.054450892677835
56,43.66258640592054,12.337413594079457
0,3.9505696491751308,-3.9505696491751308
36,36.47026554336206,-0.4702655433620606
69,61.53112220979927,7.468877790200729
0,0.320420825833197,-0.320420825833197
48,56.788410596124905,-8.788410596124905
47,48.37411593616067,-1.3741159361606705
0,12.79672154702525,-12.79672154702525
16,19.386126015305372,-3.386126015305372
0,8.364572437021147,-8.364572437021147
36,25.94473635114225,10.05526364885775
36,19.164723883026717,16.835276116973283
39,41.509458970723294,-2.509458970723294
0,24.502258592244633,-24.502258592244633
49,49.03637804847154,-0.03637804847154058
66,67.49078630225354,-1.4907863022535395
49,50.423963088805394,-1.4239630888053938
75,69.49752228655433,5.502477713445671
48,59.35819940295256,-11.358199402952557
34,36.779144850948384,-2.7791448509483843
5,20.7121715333767,-15.7121715333767
50,39.834598882364354,10.165401117635646
82,76.88478764056624,5.115212359433755
45,45.492623433136316,-0.4926234331363162
28,47.05402064613528,-19.054020646135278
52,48.28813309761158,3.7118669023884223
37,37.53082678642277,-0.5308267864227716
30,30.371723742400626,-0.37172374240062567
18,18.24534458933598,-0.24534458933597847
53,54.38842214500541,-1.388422145005407
59,59.73688013144813,-0.7368801314481317
34,30.901720434104032,3.098279565895968
38,42.542067914428394,-4.542067914428394
18,17.56516552124567,0.434834478754329
46,49.38026799452192,-3.3802679945219225
41,45.36085051920425,-4.360850519204249
73,69.82412400784447,3.1758759921555253
44,40.96559775559123,3.034402244408767
71,46.826595654341304,24.173404345658696
27,23.919032606059528,3.0809673939404725
15,16.588740206451817,-1.588740206451817
72,48.375703507138546,23.624296492861454
44,22.91664204026808,21.08335795973192
50,30.168880383664803,19.831119616335197
27,25.757878658317328,1.2421213416826724
5,30.765515179944305,-25.765515179944305
65,58.99915536616827,6.000844633831733
68,64.21839565995683,3.781604340043174
0,0.5196546089327494,-0.5196546089327494
3,19.042852617544465,-16.042852617544465
77,50.29646055357046,26.703539446429538
45,42.45578952245471,2.544210477545292
46,61.90022392304944,-15.900223923049438
28,27.79657381059785,0.20342618940215118
70,54.13890399367155,15.861096006328452
29,19.421620176660355,9.578379823339645
0,40.8506958627993,-40.8506958627993
59,52.09822225719142,6.9017777428085765
10,9.601042690925254,0.3989573090747456
5,5.107691475993194,-0.10769147599319417
18,18.549868381428187,-0.5498683814281868
36,28.39954778688421,7.600452213115791
0,7.820189057633452,-7.820189057633452
53,44.43411957615805,8.565880423841953
1,9.083782266045704,-8.083782266045704
33,17.81549585535703,15.184504144642968
55,52.95632319793611,2.0436768020638922
2,31.1803963946667,-29.1803963946667
77,73.45402798232654,3.5459720176734635
45,42.05678410750739,2.94321589249261
54,44.784204498079944,9.215795501920056
40,39.800326215703095,0.1996737842969054
1,4.461360426944443,-3.4613604269444433
11,25.626327672813794,-14.626327672813794
52,36.33634959571641,15.663650404283587
14,10.426344979864949,3.5736550201350514
19,22.054447068561384,-3.054447068561384
44,41.711911860368566,2.2880881396314336
35,35.63283393789365,-0.6328339378936505
0,25.642179650228368,-25.642179650228368
66,58.83561080219544,7.16438919780456
52,40.56446392075367,11.435536079246333
32,35.13001525101644,-3.130015251016438
19,15.942997018901693,3.0570029810983073
56,39.27638775281195,16.72361224718805
36,35.57046247875113,0.4295375212488679
61,40.287504580760256,20.712495419239744
45,48.17318829157373,-3.17318829157373
63,62.74206406843366,0.25793593156633676
31,26.831185909531793,4.1688140904682065
52,46.11519985424014,5.884800145759861
0,0.3226756234815303,-0.3226756234815303
69,64.46036527763367,4.53963472236633
44,47.07535604250508,-3.075356042505078
31,30.51900078033501,0.4809992196649908
0,18.618497321316195,-18.618497321316195
0,15.324317008448231,-15.324317008448231
65,65.0420816742078,-0.042081674207793185
0,31.403314239275538,-31.403314239275538
3,7.834040495726321,-4.834040495726321
0,0.2861251304485299,-0.2861251304485299
67,58.93324650942184,8.066753490578158
66,57.667781017355274,8.332218982644726
53,44.298492211319946,8.701507788680054
35,32.23904231347792,2.760957686522083
59,56.543064141958794,2.4569358580412057
9,23.70559822795259,-14.705598227952589
31,22.089941722008128,8.910058277991872
48,53.489595550404815,-5.489595550404815
0,34.133672602370574,-34.133672602370574
0,17.635566123452726,-17.635566123452726
0,9.810256408120724,-9.810256408120724
22,13.841248159881005,8.158751840118995
53,42.11694165621997,10.883058343780029
0,36.7767225124915,-36.7767225124915
21,20.320008454459654,0.6799915455403465
40,43.59055168430677,-3.5905516843067673
23,30.652548866224386,-7.652548866224386
0,0.2731379266825689,-0.2731379266825689
55,37.90766587185966,17.092334128140337
55,45.80289463747831,9.19710536252169
58,60.155399705329124,-2.155399705329124
21,26.781703706899556,-5.781703706899556
31,18.639688010642786,12.360311989357214
71,65.39506677360836,5.604933226391637
30,28.612920991698253,1.3870790083017468
0,51.66127897830661,-51.66127897830661
0,0.5994903573123591,-0.5994903573123591
59,52.25191411839708,6.748085881602918
0,0.2737128627676588,-0.2737128627676588
53,57.60237683779465,-4.602376837794651
66,49.90830590825819,16.091694091741807
25,37.236738428769286,-12.236738428769286
72,67.65304928690894,4.346950713091061
11,12.025757941728731,-1.025757941728731
8,7.835923604147912,0.16407639585208766
0,0.32381554363165543,-0.32381554363165543
0,20.997010059550558,-20.997010059550558
52,49.58518538309407,2.414814616905929
42,37.34378190424808,4.6562180957519175
37,38.3103882370063,-1.3103882370063005
12,11.994812618349561,0.005187381650438638
47,34.28692770415431,12.713072295845691
29,18.77107648302011,10.22892351697989
66,55.78764805032882,10.21235194967118
0,5.318345614025286,-5.318345614025286
11,11.097408434412726,-0.09740843441272595
41,39.485712638625785,1.5142873613742154
81,72.48468619928681,8.515313800713187
46,38.66029582677301,7.339704173226991
27,36.922957607073755,-9.922957607073755
73,65.23525542689038,7.764744573109624
61,37.62978023471349,23.370219765286507
0,5.134461736824398,-5.134461736824398
62,60.337032413699504,1.6629675863004962
60,40.195434328974066,19.804565671025934
0,1.8255334871314264,-1.8255334871314264
54,54.98803312400461,-0.988033124004609
0,55.546540065783624,-55.546540065783624
48,47.582904909738254,0.4170950902617463
41,33.274264317647834,7.725735682352166
33,39.24672675695056,-6.246726756950558
14,17.472237445680456,-3.472237445680456
8,17.1066535377891,-9.1066535377891
34,31.495181191687216,2.504818808312784
44,41.2991955587056,2.7008044412944017
0,1.02365604994471,-1.02365604994471
61,68.42143741104344,-7.421437411043442
23,23.044770087089134,-0.04477008708913388
44,49.6026817766892,-5.602681776689202
6,7.310095196020918,-1.3100951960209182
34,33.96054966142016,0.03945033857984015
68,40.31413826112468,27.685861738875317
28,29.221437019594248,-1.2214370195942479
24,28.87416764581594,-4.874167645815941
35,22.444874816959352,12.555125183040648
18,19.9785710569688,-1.9785710569688
36,35.35394745679672,0.6460525432032824
33,31.635588338726418,1.3644116612735822
9,7.312378743588136,1.6876212564118642
0,6.82007287946687,-6.82007287946687
67,49.36047926380156,17.639520736198442
71,62.07159252803301,8.928407471966992
44,35.769262354572845,8.230737645427155
46,48.040347677142734,-2.0403476771427336
86,67.05863422322696,18.94136577677304
59,61.30693537769048,-2.306935377690479
0,34.738361078727124,-34.738361078727124
36,36.70529095881224,-0.7052909588122418
38,37.981190814766336,0.01880918523366404
59,62.999245639746576,-3.999245639746576
10,73.09913848135528,-63.09913848135528
69,71.05326802000262,-2.053268020002619
0,0.03730489546756066,-0.03730489546756066
41,41.46818390769249,-0.46818390769249163
0,1.2346113317762801,-1.2346113317762801
18,13.450838568563718,4.549161431436282
39,45.8685134926125,-6.8685134926125
66,40.88545921337793,25.114540786622072
44,41.77054818486836,2.2294518151316396
76,58.07960110966012,17.920398890339882
16,18.24460885890731,-2.244608858907309
15,19.423739053258114,-4.423739053258114
31,33.82610855808908,-2.826108558089082
68,56.143053552938476,11.856946447061524
0,0.577061855670103,-0.577061855670103
17,23.263431667746456,-6.263431667746456
57,60.92374151677344,-3.9237415167734397
38,40.51497392092897,-2.5149739209289734
28,28.07558298013786,-0.07558298013785958
50,48.59144181664434,1.4085581833556589
26,24.755796303079386,1.2442036969206143
35,26.131277515495928,8.868722484504072
62,64.75448041423307,-2.754480414233072
46,54.10352488555322,-8.10352488555322
22,26.427815074413605,-4.427815074413605
78,73.26844892359063,4.7315510764093744
0,13.479700560916834,-13.479700560916834
0,12.80443250338491,-12.80443250338491
80,56.00359167161242,23.99640832838758
0,22.849396071496944,-22.849396071496944
16,58.04095231453172,-42.04095231453172
10,9.821464583410082,0.17853541658991823
34,33.96434046958265,0.03565953041734815
48,44.66145641677415,3.3385435832258494
64,44.79399337521996,19.206006624780038
35,36.85487191276434,-1.854871912764338
33,32.40261025596088,0.5973897440391198
37,36.23396156670137,0.7660384332986325
42,44.17158136139532,-2.1715813613953188
34,31.057964205985016,2.942035794014984
22,22.215412849596596,-0.21541284959659635
29,33.27517390073898,-4.275173900738977
35,40.07311509219743,-5.073115092197433
0,7.641156879735285,-7.641156879735285
49,45.092655901210485,3.9073440987895154
45,50.330459015032986,-5.330459015032986
20,34.27377759903868,-14.27377759903868
18,19.101218848805992,-1.101218848805992
19,18.44161799643989,0.5583820035601086
15,14.462860570585656,0.5371394294143439
36,35.73761910983421,0.2623808901657867
33,40.65290287532988,-7.652902875329879
45,46.07999873631732,-1.0799987363173216
44,54.63990867666699,-10.639908676666991
48,32.88725003241249,15.112749967587511
79,65.28285419663754,13.717145803362456
23,21.529162608088036,1.4708373919119637
32,21.837187905461985,10.162812094538015
44,31.684539681977967,12.315460318022033
58,48.35366901088686,9.646330989113139
44,12.312217470250113,31.68778252974989
56,55.318834903843765,0.681165096156235
0,49.87132292543715,-49.87132292543715
51,29.276421191089895,21.723578808910105
33,31.150892536370357,1.8491074636296432
18,17.72422917592691,0.2757708240730885
63,64.384509476827,-1.3845094768270059
25,10.4734231373085,14.5265768626915
3,59.3793042703737,-56.3793042703737
54,53.847790151843846,0.15220984815615424
67,63.134753124399566,3.865246875600434
53,56.287287612135515,-3.287287612135515
84,42.45229520038013,41.54770479961987
0,1.3336529889869628,-1.3336529889869628
57,17.444870116196007,39.55512988380399
41,40.15005649277062,0.8499435072293835
33,39.264000743845024,-6.264000743845024
0,38.1436032444796,-38.1436032444796
77,75.92780773839925,1.0721922616007475
22,7.04192992440415,14.958070075595849
0,3.111167850858573,-3.111167850858573
46,45.72851821352625,0.27148178647374976
24,20.26151899237538,3.738481007624621
0,1.8394832725388912,-1.8394832725388912
2,52.032002955778836,-50.032002955778836
63,61.962197426084174,1.037802573915826
41,37.58053473484181,3.4194652651581876
0,8.87600250450902,-8.87600250450902
34,35.310051239856094,-1.3100512398560937
45,32.04183878519753,12.958161214802473
59,48.415481365248596,10.584518634751404
1,47.60732803387316,-46.60732803387316
58,45.02182199050834,12.978178009491657
23,15.43318051688305,7.56681948311695
46,54.64515498322586,-8.645154983225858
47,31.431033877950558,15.568966122049442
17,17.310943753773206,-0.3109437537732056
0,0.6543231867519314,-0.6543231867519314
14,22.808678765848917,-8.808678765848917
54,60.371662173431744,-6.371662173431744
63,59.32086150671817,3.679138493281833
55,58.484019107362016,-3.484019107362016
42,40.13569492688975,1.864305073110252
53,49.053542983509196,3.946457016490804
41,53.20864282390816,-12.208642823908157
38,21.74930661570798,16.25069338429202
73,58.013884743874016,14.986115256125984
58,47.961521864506466,10.038478135493534
0,2.3447562841892737,-2.3447562841892737
44,45.20086829629375,-1.2008682962937485
74,75.38602942577545,-1.3860294257754475
42,40.93192480034348,1.0680751996565192
15,16.323567588363797,-1.3235675883637974
53,69.95544213976999,-16.955442139769985
15,12.90282681555496,2.0971731844450403
34,33.384360630862,0.6156393691380018
23,22.822473168626942,0.1775268313730578
28,30.50864841276681,-2.50864841276681
44,48.76824711595138,-4.768247115951382
54,54.56342174383,-0.5634217438299984
15,6.146531403171155,8.853468596828845
50,48.994873757466245,1.0051262425337555
52,47.98955514510882,4.010444854891183
25,30.37426299604981,-5.374262996049811
73,78.5166102229118,-5.516610222911794
44,43.96549606437693,0.03450393562307141
50,48.11305007923995,1.8869499207600526
58,61.21031951079087,-3.2103195107908675
40,40.76281750861683,-0.762817508616827
47,17.808293874563617,29.191706125436383
61,60.7907427737513,0.20925722624870247
50,40.905109059184,9.094890940816
81,51.00997545793556,29.99002454206444
57,49.352061314948536,7.647938685051464
71,71.19735601174565,-0.19735601174565431
38,37.16157365167822,0.8384263483217822
0,0.10287187039764359,-0.10287187039764359
36,35.47919822033779,0.5208017796622073
52,47.695910943552256,4.304089056447744
24,56.13219890178247,-32.13219890178247
40,31.192304448024917,8.807695551975083
34,32.674979720004565,1.3250202799954351
3,53.597949749914555,-50.597949749914555
43,45.46380881408396,-2.4638088140839614
33,32.327421970159754,0.6725780298402455
0,0.15735447256065813,-0.15735447256065813
67,58.7348201821506,8.2651798178494
39,39.24092643550009,-0.24092643550009285
20,20.16536771229913,-0.16536771229912972
0,2.3248137739675303,-2.3248137739675303
33,31.16065081259061,1.8393491874093897
18,23.62380244792452,-5.623802447924518
60,18.488981511661144,41.511018488338856
0,29.417544131055188,-29.417544131055188
74,73.72717494022771,0.27282505977228766
48,53.61567303831571,-5.6156730383157125
46,54.349584108119934,-8.349584108119934
40,45.95146704460648,-5.951467044606481
28,27.208225121832545,0.7917748781674554
32,34.672784784094276,-2.672784784094276
43,41.236395265599874,1.7636047344001256
55,47.59566809205379,7.404331907946208
65,18.55259956978788,46.44740043021212
53,54.179658028063066,-1.1796580280630664
47,32.48820929417237,14.511790705827629
38,27.6084954583681,10.3915045416319
42,30.17205160580754,11.827948394192461
26,26.04388760542816,-0.043887605428160725
73,61.83461737736589,11.165382622634112
0,0.5215547397304456,-0.5215547397304456
36,31.82240055670493,4.177599443295069
66,68.86042989283652,-2.860429892836521
0,1.1208536690495452,-1.1208536690495452
83,74.61902893596542,8.380971064034583
8,17.94495303988805,-9.944953039888048
18,17.767662855621207,0.23233714437879271
25,29.02511645028936,-4.02511645028936
1,16.424952283868436,-15.424952283868436
37,52.043949191669675,-15.043949191669675
70,55.220627387039826,14.779372612960174
65,56.185092480479526,8.814907519520474
0,9.794819046146422,-9.794819046146422
2,26.43399342730838,-24.43399342730838
0,21.826897180035015,-21.826897180035015
54,46.73179542692368,7.268204573076318
58,55.33230544183517,2.6676945581648326
60,36.46678259201234,23.533217407987657
68,67.30857115078128,0.6914288492187239
36,21.552693577883172,14.447306422116828
35,32.05368208508278,2.9463179149172234
43,51.476161472550956,-8.476161472550956
32,30.065069729896262,1.934930270103738
61,29.207437093546847,31.792562906453153
36,36.320839725785184,-0.32083972578518427
72,65.08297320086868,6.917026799131321
22,16.92912025764255,5.070879742357452
38,38.42311832337046,-0.42311832337045985
38,44.26051837225774,-6.260518372257742
38,37.4877496093181,0.5122503906818991
16,16.487982906892817,-0.4879829068928174
37,40.47185474420701,-3.4718547442070076
12,25.77990123821439,-13.77990123821439
34,14.971236987650771,19.02876301234923
67,63.31688835613162,3.6831116438683793
47,58.020138485956316,-11.020138485956316
64,64.81163422471884,-0.8116342247188442
0,4.173674268897348,-4.173674268897348
36,40.56812969462457,-4.568129694624567
41,39.07551095032092,1.9244890496790816
4,51.53306805514711,-47.53306805514711
47,56.99328734486351,-9.99328734486351
40,40.515306170074005,-0.5153061700740054
52,53.58593670484409,-1.5859367048440873
66,35.274154698640594,30.725845301359406
1,31.434488001085676,-30.434488001085676
31,30.14128469249387,0.8587153075061309
47,22.472277527136416,24.527722472863584
73,61.48902440841839,11.510975591581612
68,71.02438339736483,-3.0243833973648293
14,19.62204679346688,-5.622046793466879
48,39.71757025439298,8.282429745607018
72,59.744633019655645,12.255366980344355
78,44.18363877407356,33.81636122592644
2,17.538742102629303,-15.538742102629303
32,33.59101177051893,-1.5910117705189322
34,34.17856236220152,-0.178562362201518
0,13.27886373681047,-13.27886373681047
19,24.950735998081978,-5.950735998081978
71,11.084881551247529,59.91511844875247
51,50.87818429098464,0.12181570901535821
28,24.556446735533733,3.443553264466267
51,18.070051513140754,32.929948486859246
59,66.66855832565521,-7.668558325655212
43,25.822274833323398,17.177725166676602
71,37.28355391351088,33.71644608648912
44,50.15746491721173,-6.157464917211733
75,64.65536185867333,10.34463814132667
28,43.41079745573048,-15.410797455730481
0,4.0345662928137145,-4.0345662928137145
50,53.10105020532518,-3.10105020532518
19,19.32172103339812,-0.32172103339811997
48,47.945026974501985,0.05497302549801475
34,34.01271353470617,-0.012713534706172425
0,1.5900375032693599,-1.5900375032693599
68,64.30589522778209,3.694104772217912
15,15.105654291600446,-0.10565429160044637
42,36.5352574777205,5.464742522279501
40,39.84528187450048,0.1547181254995209
52,54.55807898666208,-2.558078986662082
51,51.03075859604679,-0.030758596046787545
0,9.16620434658827,-9.16620434658827
53,42.609349768043415,10.390650231956585
0,13.586209716397917,-13.586209716397917
50,45.26711620558443,4.732883794415571
0,2.3273138923619627,-2.3273138923619627
0,0.37303158999846386,-0.37303158999846386
27,28.001137433825246,-1.001137433825246
40,40.95090715510193,-0.9509071551019304
53,56.186148011940816,-3.1861480119408156
2,51.21929809193649,-49.21929809193649
57,50.85225358884304,6.147746411156959
50,46.29973743425534,3.7002625657446586
33,40.283983496111475,-7.283983496111475
28,29.09973315673012,-1.099733156730121
22,38.90392163613284,-16.903921636132843
24,22.412397500475908,1.5876024995240918
52,48.549346330503674,3.450653669496326
82,77.76046588918474,4.239534110815256
1,0.9024000647073932,0.0975999352926068
66,58.227232506261785,7.772767493738215
46,43.95962011679177,2.0403798832082316
39,38.38552194527237,0.614478054727627
46,38.397767165629766,7.602232834370234
78,71.91880966501057,6.081190334989429
71,42.645165631090144,28.354834368909856
5,9.293663925277437,-4.293663925277437
55,55.644413594022105,-0.6444135940221045
0,19.82187390019535,-19.82187390019535
37,38.34622286179894,-1.3462228617989425
30,23.858926346881397,6.141073653118603
18,17.963064929292273,0.03693507070772739
70,52.1520558085493,17.8479441914507
29,21.232092268024456,7.767907731975544
43,50.15961343994276,-7.15961343994276
14,14.853175873791688,-0.8531758737916881
50,22.30847692731383,27.69152307268617
14,15.990634005250891,-1.9906340052508913
37,36.23244639620534,0.76755360379466
47,33.15353864882262,13.846461351177382
63,49.85858220725136,13.14141779274864
52,34.36382077775851,17.636179222241488
70,44.27043667023087,25.729563329769128
39,38.93965184345211,0.06034815654788872
13,9.88571273270265,3.1142872672973496
0,0.40568696290345774,-0.40568696290345774
35,12.909268933787637,22.090731066212363
0,0.5299718615573574,-0.5299718615573574
0,18.53921599956318,-18.53921599956318
56,60.067115458420844,-4.067115458420844
31,30.121750531151516,0.8782494688484839
0,19.94426916800767,-19.94426916800767
17,21.2612017171191,-4.2612017171191
73,30.691636978529992,42.30836302147001
71,72.38860066826717,-1.3886006682671734
0,11.083364602659888,-11.083364602659888
0,24.406521273784257,-24.406521273784257
65,24.390497360607554,40.609502639392446
70,76.28491239976633,-6.284912399766327
52,54.834314732132555,-2.8343147321325546
59,57.70372160274928,1.2962783972507168
35,31.21975367343839,3.7802463265616097
64,56.664275946085894,7.335724053914106
0,2.130923796443508,-2.130923796443508
39,34.203237797040934,4.796762202959066
41,33.220927655418706,7.779072344581294
11,11.124859567690661,-0.12485956769066142
16,1.3789928391571877,14.621007160842812
51,46.04586788494199,4.954132115058009
70,58.76874749236728,11.231252507632718
19,18.186967467545802,0.8130325324541978
36,35.81877903854906,0.1812209614509399
62,65.56616555763269,-3.5661655576326865
41,35.96378190394171,5.036218096058292
51,27.543470271937714,23.456529728062286
18,18.67962863230437,-0.6796286323043716
0,9.146698012512132,-9.146698012512132
17,17.567507465228704,-0.5675074652287044
0,2.504819918176426,-2.504819918176426
65,60.39380466042041,4.6061953395795925
73,67.41074612063404,5.589253879365955
0,24.027285201735825,-24.027285201735825
68,54.56455834162022,13.43544165837978
29,34.327555500225905,-5.327555500225905
61,53.623193204141394,7.376806795858606
1,1.9396938018072039,-0.9396938018072039
81,69.75785686795072,11.242143132049279
78,25.717133388524218,52.28286661147578
62,40.84539451735242,21.154605482647582
34,55.69876933061675,-21.69876933061675
0,29.29293400589354,-29.29293400589354
69,57.04861741297133,11.951382587028668
71,70.17504452066302,0.8249554793369782
4,7.391681834201282,-3.3916818342012824
38,37.28969767159167,0.7103023284083321
0,0.2671329735639463,-0.2671329735639463
51,49.63001411311749,1.3699858868825103
23,23.62883846147333,-0.6288384614733289
71,67.88100704649514,3.1189929535048577
5,5.603602927819378,-0.6036029278193782
0,0.7170155487074216,-0.7170155487074216
3,4.817534571896981,-1.8175345718969806
21,20.275726880896933,0.7242731191030671
0,2.5865549996544637,-2.5865549996544637
55,60.36978690861614,-5.369786908616142
38,38.92800624265848,-0.9280062426584834
29,30.652548866224386,-1.652548866224386
38,51.64009286597404,-13.64009286597404
42,30.86349482938381,11.13650517061619
31,33.80058937974669,-2.8005893797466896
74,58.93603501133679,15.063964988663209
74,61.846139922509806,12.153860077490194
68,58.11416805302948,9.88583194697052
9,9.107615372816385,-0.10761537281638489
30,28.757129867516362,1.2428701324836382
52,38.286957522438634,13.713042477561366
8,9.47095910008281,-1.4709591000828102
33,32.351651231709575,0.6483487682904254
17,39.091745864029136,-22.091745864029136
53,50.03496274587381,2.9650372541261873
45,44.76532163291025,0.23467836708974943
35,54.57177487693678,-19.57177487693678
0,0.3995584991376082,-0.3995584991376082
5,11.307210875836097,-6.3072108758360965
3,42.91560600679628,-39.91560600679628
57,53.39548313138868,3.60451686861132
33,28.08682225541814,4.9131777445818585
44,33.44172624860415,10.558273751395852
0,0.8499610784404599,-0.8499610784404599
61,7.54044322831711,53.45955677168289
40,44.01745769355582,-4.017457693555819
35,35.47138743054967,-0.4713874305496688
82,35.04474339007629,46.95525660992371
52,38.25701183629608,13.74298816370392
9,9.442417581534489,-0.44241758153448885
15,14.92296646918146,0.07703353081853948
0,20.213181556005605,-20.213181556005605
52,61.88775111103831,-9.887751111038313
0,3.885317269078421,-3.885317269078421
56,43.39831650245762,12.601683497542382
21,16.221455738442355,4.778544261557645
44,43.851965091458005,0.14803490854199453
54,55.10172034563295,-1.1017203456329483
0,43.94105554621018,-43.94105554621018
22,23.49257119094266,-1.4925711909426589
0,0.4966044837178858,-0.4966044837178858
7,7.114141892114307,-0.11414189211430692
35,43.07286838829708,-8.072868388297081
23,25.651615584888166,-2.651615584888166
23,31.312636477227358,-8.312636477227358
64,36.87697950968496,27.123020490315042
51,42.49085631794132,8.509143682058678
58,47.99891560526644,10.00108439473356
61,52.620040515347036,8.379959484652964
0,3.862170777047521,-3.862170777047521
55,58.65161232639511,-3.65161232639511
0,10.654847334240204,-10.654847334240204
68,61.57957357913448,6.4204264208655175
16,16.198259842068122,-0.19825984206812208
36,20.572718641942018,15.427281358057982
64,69.52036353192395,-5.520363531923948
11,11.033052779140982,-0.03305277914098248
54,12.584602603482258,41.41539739651774
62,58.423184935967086,3.576815064032914
50,52.96659323354237,-2.966593233542369
40,45.248533746690065,-5.248533746690065
36,40.176207016150244,-4.176207016150244
49,45.42172207799491,3.5782779220050926
1,5.681838172671109,-4.681838172671109
45,32.48820929417237,12.511790705827629
67,33.57310015885425,33.42689984114575
54,53.12537767821031,0.8746223217896869
24,23.187891874142736,0.8121081258572644
48,48.45535759925757,-0.45535759925756736
46,45.15810210670069,0.8418978932993113
19,19.477158449773412,-0.4771584497734125
36,35.872179851508825,0.12782014849117473
48,38.224904522251826,9.775095477748174
57,56.286243705791875,0.7137562942081246
42,39.50786201111408,2.492137988885922
75,52.897912533309025,22.102087466690975
78,72.48150332544569,5.518496674554314
51,60.71538898104797,-9.715388981047973
21,22.676603120967304,-1.6766031209673038
48,55.321206739694375,-7.321206739694375
38,37.640113406339125,0.3598865936608746
30,22.45958835508952,7.540411644910481
60,62.588193924255776,-2.5881939242557763
26,25.577303669745547,0.4226963302544533
47,42.834066402648,4.1659335973520015
0,21.021534780835193,-21.021534780835193
39,40.70341305060331,-1.7034130506033094
4,1.5852043792194828,2.4147956207805175
40,38.79586219959452,1.2041378004054835
73,57.246776190562635,15.753223809437365
49,34.046505387295916,14.953494612704084
58,53.72809240913526,4.271907590864743
0,19.08028542667718,-19.08028542667718
77,59.755461001402345,17.244538998597655
38,38.69675304678147,-0.6967530467814669
35,43.489453822409395,-8.489453822409395
50,37.29526328153436,12.70473671846564
40,46.25864508275333,-6.258645082753333
0,0.6204846898706154,-0.6204846898706154
0,0.23619231093457893,-0.23619231093457893
29,38.475409839814745,-9.475409839814745
71,67.68182692131586,3.31817307868414
40,41.00892208254396,-1.008922082543961
50,52.72533869827316,-2.7253386982731627
35,43.35372530821051,-8.353725308210507
58,62.902698439888724,-4.902698439888724
53,40.03941859897475,12.960581401025252
5,9.704278052240802,-4.704278052240802
26,26.781703706899556,-0.781703706899556
36,36.17749100759484,-0.17749100759483838
31,34.566003212090145,-3.566003212090145
9,40.42738999061745,-31.42738999061745
45,44.22060537732523,0.7793946226747721
0,0.18316372524464056,-0.18316372524464056
54,41.70119580109771,12.298804198902289
0,59.53334300137641,-59.53334300137641
27,27.708126133761027,-0.7081261337610272
0,14.438743835058018,-14.438743835058018
82,64.9316764510565,17.068323548943496
43,49.98558704901321,-6.985587049013212
38,40.601771569271634,-2.6017715692716337
74,71.77216340413666,2.2278365958633373
53,56.52872932397574,-3.528729323975739
36,37.50359136823712,-1.5035913682371174
0,9.67726462951031,-9.67726462951031
0,6.115355066209457,-6.115355066209457
58,60.046590677226696,-2.046590677226696
0,0.37893098724923124,-0.37893098724923124
77,35.74333073319249,41.25666926680751
0,30.283738406834793,-30.283738406834793
49,37.7869446773615,11.213055322638503
8,8.070201736436326,-0.0702017364363261
38,38.70237565754051,-0.7023756575405073
69,59.98097617229228,9.01902382770772
0,30.613801372229553,-30.613801372229553
28,34.01835652065252,-6.018356520652517
23,13.714981620484473,9.285018379515527
46,39.76547379389976,6.2345262061002416
73,68.83396956968869,4.166030430311309
53,40.358508820750394,12.641491179249606
3,29.13833789169221,-26.13833789169221
65,56.593558266478404,8.406441733521596
66,67.58383489131676,-1.583834891316755
48,48.17756253048397,-0.17756253048396786
64,60.20006873091379,3.7999312690862084
0,33.823953967982035,-33.823953967982035
33,32.68543391152034,0.3145660884796584
4,3.9209046604339313,0.07909533956606873
35,17.424195076519933,17.575804923480067
47,46.70496040795975,0.2950395920402471
31,24.158390368335287,6.8416096316647135
2,2.0639698073127093,-0.06396980731270929
0,2.568850650816197,-2.568850650816197
42,44.57067258155336,-2.57067258155336
0,0.9301376820731715,-0.9301376820731715
34,28.962098101521825,5.037901898478175
0,0.6374824052567525,-0.6374824052567525
0,0.5895470849964487,-0.5895470849964487
0,1.4230652127559342,-1.4230652127559342
46,34.494818522607865,11.505181477392135
44,42.27890911046403,1.7210908895359722
43,34.295075401309916,8.704924598690084
34,20.85709819188851,13.142901808111489
63,62.32859857863116,0.6714014213688415
70,51.10397939903701,18.89602060096299
39,27.95879999139601,11.04120000860399
87,65.11418719139526,21.88581280860474
10,11.29133792646277,-1.29133792646277
70,70.49427586473547,-0.4942758647354708
0,22.34886673105318,-22.34886673105318
0,9.494327817983685,-9.494327817983685
8,8.991826257591216,-0.9918262575912156
41,41.32760487288253,-0.3276048728825316
0,0.288518597174836,-0.288518597174836
15,22.762239083300603,-7.762239083300603
43,43.10377993171052,-0.10377993171051969
58,51.95433521130149,6.0456647886985095
68,64.62679389981194,3.3732061001880567
40,51.6831994463021,-11.683199446302098
74,61.11220068061045,12.88779931938955
0,2.5228962653834857,-2.5228962653834857
0,26.34317032778928,-26.34317032778928
65,58.30785911047755,6.692140889522449
38,39.76281984918557,-1.7628198491855684
36,38.8993408629164,-2.8993408629163966
25,40.72008377099386,-15.72008377099386
9,21.92201934074746,-12.922019340747461
0,1.4903067159752115,-1.4903067159752115
78,61.85436489386444,16.145635106135558
17,34.09151478401992,-17.09151478401992
46,39.50786201111408,6.492137988885922
15,19.386126015305372,-4.386126015305372
24,42.25645832808516,-18.25645832808516
19,19.750710258857815,-0.750710258857815
41,44.5821287146421,-3.582128714642103
55,51.23630301186713,3.763696988132871
64,57.43328117462041,6.5667188253795885
12,11.779367470538743,0.22063252946125722
31,32.44573357439563,-1.445733574395632
39,36.841968869470996,2.158031130529004
46,54.328027628486524,-8.328027628486524
64,63.106244844309145,0.8937551556908545
72,53.017927784173736,18.982072215826264
66,72.37939850844327,-6.379398508443273
0,31.51513850740016,-31.51513850740016
58,57.06592752658992,0.9340724734100831
33,33.12632831908831,-0.12632831908830866
54,24.035303142410374,29.964696857589626
0,18.65599705261394,-18.65599705261394
67,44.08599612568064,22.914003874319363
71,73.79924894098518,-2.79924894098518
26,37.47110469166282,-11.471104691662823
33,41.238261981045085,-8.238261981045085
50,52.72272988020546,-2.7227298802054634
59,57.482081245932406,1.517918754067594
2,12.736021248441082,-10.736021248441082
0,0.2578408037170924,-0.2578408037170924
2,2.967225630678309,-0.9672256306783091
0,11.635627743898349,-11.635627743898349
0,1.7247383473357778,-1.7247383473357778
45,38.81594544594045,6.18405455405955
5,4.372665782884466,0.6273342171155338
44,52.16442777124472,-8.164427771244718
57,42.682019388662816,14.317980611337184
43,42.46614071791168,0.5338592820883221
72,63.17327898850743,8.826721011492573
51,53.12333624849443,-2.1233362484944323
71,41.20995087162345,29.790049128376552
39,29.5445454108843,9.4554545891157
56,59.08884444221977,-3.0888444422197665
34,23.692575763595485,10.307424236404515
40,40.0481505101364,-0.04815051013640215
34,38.68862085262036,-4.68862085262036
0,16.41959524059326,-16.41959524059326
14,64.14903188310434,-50.14903188310434
52,35.46401499038935,16.53598500961065
6,6.106104737012721,-0.10610473701272127
2,3.2568146408721947,-1.2568146408721947
73,66.01668876776564,6.983311232234357
59,36.84698565258657,22.153014347413432
22,21.253560037321396,0.746439962678604
10,4.6868833249108235,5.3131166750891765
43,47.793195971760206,-4.7931959717602055
61,55.63170480778356,5.3682951922164435
53,55.63197512888947,-2.631975128889472
62,56.03083035828331,5.9691696417166895
16,16.030882442204344,-0.03088244220434433
39,27.549218836787812,11.450781163212188
0,12.0118705483123,-12.0118705483123
63,52.47031233870875,10.529687661291248
42,53.96606684253496,-11.966066842534957
25,9.734982698989725,15.265017301010275
57,29.215254948162027,27.784745051837973
41,33.926078047856336,7.073921952143664
81,65.14256279227017,15.85743720772983
2,23.89728621069447,-21.89728621069447
0,5.599585392016083,-5.599585392016083
25,25.575530790764095,-0.5755307907640947
34,35.68595689949072,-1.6859568994907193
45,28.508252893851935,16.491747106148065
0,28.521043501574447,-28.521043501574447
46,35.47896108665025,10.521038913349749
57,55.77069614701201,1.2293038529879894
28,23.68678164509047,4.31321835490953
0,18.69671503702214,-18.69671503702214
0,0.5481672394043526,-0.5481672394043526
7,47.68405003052811,-40.68405003052811
74,64.34348683261045,9.656513167389548
25,24.84923924587539,0.15076075412461165
20,27.562039392152986,-7.562039392152986
55,51.75547842737663,3.24452157262337
14,27.537375346575615,-13.537375346575615
0,0.0343969890361643,-0.0343969890361643
65,43.59469865538207,21.405301344617932
23,28.474387306075744,-5.474387306075744
0,3.2918544061115598,-3.2918544061115598
9,10.084004439993,-1.0840044399930004
0,11.673756855973345,-11.673756855973345
71,66.46464565789658,4.5353543421034175
18,14.048155007181833,3.9518449928181667
4,4.359059816466598,-0.3590598164665977
12,33.23027679103934,-21.230276791039337
4,30.345663314257592,-26.345663314257592
31,31.859235533469942,-0.859235533469942
0,8.937673490884752,-8.937673490884752
72,52.791125261475365,19.208874738524635
42,26.42436601487158,15.57563398512842
0,5.199016912479182,-5.199016912479182
9,9.402476141668648,-0.4024761416686484
4,4.403099463355175,-0.40309946335517477
38,49.874724902817675,-11.874724902817675
15,15.146635334567272,-0.1466353345672715
13,13.020221704663138,-0.020221704663137885
62,49.694767148075165,12.305232851924835
38,33.85626509883752,4.143734901162482
46,47.98414905077114,-1.984149050771137
58,29.724181224202304,28.275818775797696
0,0.84398547590302,-0.84398547590302
65,37.73333320129701,27.266666798702992
20,20.292022229034448,-0.29202222903444763
65,64.57380033013287,0.4261996698671311
48,27.449921600701177,20.550078399298823
53,57.10021993993733,-4.1002199399373325
23,23.23273640028002,-0.23273640028002163
74,79.90225002172305,-5.902250021723049
72,52.22456463555977,19.775435364440227
0,2.3490967624049066,-2.3490967624049066
52,46.021146963737735,5.978853036262265
0,0.7168357874878538,-0.7168357874878538
84,66.76332816167763,17.236671838322366
0,35.46609584418353,-35.46609584418353
62,15.858347302990449,46.14165269700955
6,5.918843278076057,0.08115672192394285
37,33.167813216646174,3.8321867833538263
47,49.59609845731345,-2.5960984573134525
24,23.151854194475888,0.848145805524112
27,27.463576758513355,-0.463576758513355
0,3.5495912232056557,-3.5495912232056557
53,51.19276644891651,1.8072335510834918
10,10.069533755455236,-0.06953375545523599
62,43.81086004272698,18.18913995727302
45,44.44190727281998,0.5580927271800178
27,25.380853467010336,1.6191465329896637
73,73.83516836617316,-0.8351683661731641
62,66.07483745294051,-4.074837452940514
21,21.065695945981904,-0.0656959459819042
40,32.70634241839203,7.293657581607967
0,7.931680827392348,-7.931680827392348
59,57.34733323915739,1.6526667608426067
70,48.6193244968739,21.3806755031261
44,50.84632523772198,-6.846325237721977
46,38.33340679995716,7.66659320004284
21,22.726045215395583,-1.7260452153955832
61,66.73274330632341,-5.732743306323414
7,6.3695324621325105,0.6304675378674895
2,36.01613354224699,-34.01613354224699
68,67.556654283321,0.4433457166790049
61,64.22939654391386,-3.2293965439138645
23,23.360473888770578,-0.36047388877057784
29,29.41698648761633,-0.41698648761633095
48,38.85786678564133,9.142133214358672
33,31.95638067772739,1.0436193222726082
5,5.2419207185721834,-0.24192071857218345
34,34.2913584119904,-0.2913584119904016
25,29.327782497260888,-4.327782497260888
16,18.24460885890731,-2.244608858907309
38,29.479125499067862,8.520874500932138
49,50.8141683453926,-1.814168345392602
59,58.026481356500206,0.9735186434997942
0,0.1633540857767662,-0.1633540857767662
9,20.725850831693005,-11.725850831693005
1,65.59251430336452,-64.59251430336452
41,42.11140625938255,-1.111406259382548
0,0.7028484320702902,-0.7028484320702902
52,53.58622222310983,-1.5862222231098286
63,59.35762308995423,3.642376910045769
30,19.7867492570073,10.213250742992699
0,14.113311957285953,-14.113311957285953
18,17.66280559306562,0.33719440693437974
15,30.786911476068763,-15.786911476068763
54,52.868207364306755,1.1317926356932446
0,0.009000163639338896,-0.009000163639338896
24,33.997816968919125,-9.997816968919125
48,41.683031283164325,6.3169687168356745
26,41.34221058157962,-15.342210581579621
34,34.18083508158439,-0.18083508158439088
61,49.04938649909918,11.950613500900822
0,1.5331833011867835,-1.5331833011867835
64,54.13277390204709,9.867226097952909
1,1.1680542069801831,-0.16805420698018314
61,58.7458367159737,2.2541632840262977
51,50.170543416798196,0.8294565832018037
27,32.25653238379725,-5.25653238379725
48,17.466191291125067,30.533808708874933
48,45.04466254814447,2.9553374518555273
27,28.032675521047874,-1.0326755210478744
0,59.41617251396893,-59.41617251396893
79,66.65813420824095,12.341865791759048
0,1.1283359458276216,-1.1283359458276216
49,50.37475147671479,-1.374751476714792
34,45.91174661348603,-11.91174661348603
35,39.998099106854774,-4.998099106854774
31,25.513531189492266,5.486468810507734
0,3.0231514368173666,-3.0231514368173666
0,0.6117876409380142,-0.6117876409380142
35,35.2119826028343,-0.21198260283429704
64,51.05942049672719,12.940579503272808
64,60.20006873091379,3.7999312690862084
0,4.084847092609985,-4.084847092609985
34,33.67355956890537,0.32644043109463183
61,28.623641548442006,32.37635845155799
35,43.07912189912476,-8.079121899124758
58,57.775990611970364,0.22400938802963566
37,33.52301873745172,3.4769812625482786
27,38.74869170491,-11.748691704910001
47,47.150113819127675,-0.15011381912767519
41,40.17222369064156,0.8277763093584412
55,42.40772264338932,12.59227735661068
30,29.87513945380658,0.12486054619342113
49,37.694108670797974,11.305891329202026
56,44.54998717830341,11.450012821696589
51,45.93431823640196,5.065681763598043
42,39.974761504543146,2.025238495456854
18,26.126819952958723,-8.126819952958723
38,32.34230528822617,5.6576947117738285
55,55.06078912963185,-0.0607891296318499
44,41.79355220401084,2.2064477959891633
38,43.23056375601355,-5.230563756013552
27,37.234625542695184,-10.234625542695184
64,39.84818126950918,24.151818730490817
26,25.078279824453826,0.9217201755461737
73,72.24763141109702,0.7523685889029821
80,40.1833131239892,39.8166868760108
50,39.913160759338126,10.086839240661874
66,56.53954972887689,9.460450271123108
37,38.089902749335266,-1.0899027493352662
48,47.77578290222979,0.22421709777020737
36,36.72946503604666,-0.7294650360466619
60,34.40874305730774,25.59125694269226
23,24.25114704625184,-1.251147046251841
28,53.484573701986754,-25.484573701986754
0,39.157390018931544,-39.157390018931544
36,39.2942722478948,-3.2942722478948028
38,39.45285890039771,-1.4528589003977075
0,9.789254627133351,-9.789254627133351
47,45.34864792977491,1.6513520702250872
52,56.63895933636981,-4.638959336369808
34,47.677941372386655,-13.677941372386655
55,54.65051793610111,0.3494820638988898
50,25.748604685975558,24.251395314024442
81,59.94915227887344,21.05084772112656
0,41.352888684435044,-41.352888684435044
27,26.72797805318625,0.27202194681375147
66,66.58922260968035,-0.5892226096803483
79,66.22091302553221,12.779086974467788
64,63.291335095690194,0.7086649043098063
0,2.3273138923619627,-2.3273138923619627
47,38.97152839833391,8.02847160166609
0,0.7391793487154312,-0.7391793487154312
50,20.81572263853629,29.18427736146371
42,38.68193515425018,3.3180648457498165
0,0.746150829944038,-0.746150829944038
31,31.3923469462796,-0.39234694627959854
47,47.84980504487761,-0.8498050448776127
0,56.199511959001185,-56.199511959001185
54,54.43166328577246,-0.4316632857724585
49,49.47253625812182,-0.47253625812182065
24,24.612042114339438,-0.6120421143394381
42,35.17485813009872,6.82514186990128
60,39.73969326992076,20.260306730079243
41,37.6549222899551,3.3450777100448974
4,4.5284980797227865,-0.5284980797227865
33,32.88124933032047,0.11875066967952819
0,14.297160763105317,-14.297160763105317
28,35.52571660456017,-7.5257166045601736
46,49.85653007972904,-3.8565300797290405
0,59.15041581647598,-59.15041581647598
39,39.38640519057383,-0.38640519057383216
82,76.95745386360841,5.042546136391593
60,61.248846938807176,-1.2488469388071763
27,26.744083826081784,0.25591617391821586
33,27.527102813013435,5.472897186986565
73,64.39782055490062,8.602179445099381
68,48.310411904553725,19.689588095446275
53,59.21827039823915,-6.218270398239149
0,25.04598932793301,-25.04598932793301
8,5.664812073174893,2.335187926825107
2,63.609559651318904,-61.609559651318904
0,1.3944087603871964,-1.3944087603871964
0,0.3392461681121475,-0.3392461681121475
0,0.5350842742595321,-0.5350842742595321
77,62.94931987269136,14.050680127308638
7,5.6888780405457195,1.3111219594542805
37,36.794866201229596,0.2051337987704045
18,25.75281070654653,-7.75281070654653
55,51.859367898343855,3.140632101656145
0,3.018096454779733,-3.018096454779733
70,76.30194843815103,-6.30194843815103
30,25.713786795270337,4.286213204729663
63,52.18643435082893,10.813565649171068
43,41.128674720713,1.8713252792869994
0,34.17292208534387,-34.17292208534387
74,56.24867769252482,17.751322307475178
49,46.0772449635272,2.9227550364728003
1,11.187460405185607,-10.187460405185607
5,5.071448558667321,-0.07144855866732058
69,67.94881280933981,1.0511871906601868
23,18.752460258352034,4.247539741647966
47,48.54243610561245,-1.5424361056124525
42,26.1132730741674,15.886726925832601
43,24.694821258329796,18.305178741670204
8,8.697016435299632,-0.6970164352996324
39,38.509982857282374,0.4900171427176261
62,53.11697989505506,8.88302010494494
42,40.117520712853235,1.882479287146765
0,9.554956189519048,-9.554956189519048
30,22.079106114383947,7.920893885616053
62,61.974660019603135,0.025339980396864803
76,52.768104774842996,23.231895225157004
60,52.63827237042418,7.361727629575817
73,71.31911158117296,1.6808884188270383
0,5.752030510337653,-5.752030510337653
70,57.86769635336817,12.132303646631833
0,0.17710983174900702,-0.17710983174900702
25,25.56664295263842,-0.5666429526384213
37,37.60494915284864,-0.6049491528486399
66,62.32326041486598,3.6767395851340225
55,50.93792648360534,4.062073516394662
65,58.075817676783245,6.924182323216755
60,48.53434737281631,11.465652627183687
27,26.852296748585317,0.14770325141468277
0,0.07046037200676375,-0.07046037200676375
26,30.028888798026244,-4.0288887980262444
77,63.41699722516969,13.583002774830312
37,38.213375377764244,-1.213375377764244
0,41.20609054528085,-41.20609054528085
75,72.95201944365228,2.0479805563477242
41,39.51893585064331,1.4810641493566905
0,4.389711253297478,-4.389711253297478
4,4.5284980797227865,-0.5284980797227865
57,19.79245103124383,37.20754896875617
32,32.15771048724042,-0.15771048724042203
64,54.882912093837206,9.117087906162794
20,17.570655380891413,2.429344619108587
74,68.42195346980098,5.578046530199018
33,33.74858351145168,-0.7485835114516775
0,0.3334448574578737,-0.3334448574578737
69,68.95525809741562,0.04474190258437716
49,43.13201749823405,5.867982501765951
50,45.23387278070966,4.76612721929034
0,16.717002482513653,-16.717002482513653
46,39.09245509173606,6.907544908263937
34,35.05047280566369,-1.0504728056636878
5,6.645645515233143,-1.6456455152331433
35,65.21073634026438,-30.210736340264376
67,56.32954602231482,10.670453977685177
29,21.959272566688014,7.040727433311986
5,29.313648816216563,-24.313648816216563
23,23.52910845839412,-0.5291084583941199
36,51.962619772483414,-15.962619772483414
42,54.718315352908974,-12.718315352908974
35,38.7352106966934,-3.7352106966934002
9,9.062528131656075,-0.06252813165607485
66,56.12729773927773,9.87270226072227
35,40.886774225121336,-5.886774225121336
19,18.116545697799612,0.8834543022003878
0,3.566960953279208,-3.566960953279208
36,37.306906080226526,-1.3069060802265255
41,44.10779772872846,-3.107797728728457
43,41.88974515529701,1.1102548447029932
89,71.64698109154887,17.353018908451133
53,54.95962946150494,-1.9596294615049388
4,4.478263779679806,-0.47826377967980616
0,0.7156005945165025,-0.7156005945165025
0,22.261732014139138,-22.261732014139138
30,26.120185196829205,3.8798148031707953
19,26.31563901882661,-7.315639018826609
25,28.26417832748166,-3.264178327481659
31,13.963773001728397,17.0362269982716
0,0.6682977106683707,-0.6682977106683707
65,50.96093872909487,14.03906127090513
36,37.40544343894274,-1.40544343894274
28,28.452506931722407,-0.4525069317224073
10,10.263823922516565,-0.26382392251656483
19,13.04124131859543,5.95875868140457
0,3.9909833724118355,-3.9909833724118355
71,69.1663892504336,1.8336107495664038
74,57.257155662103756,16.742844337896244
57,50.967206449805225,6.032793550194775
35,37.235708544710654,-2.235708544710654
24,23.06465610343396,0.9353438965660388
78,80.92876106206307,-2.9287610620630744
43,37.08999938825557,5.9100006117444295
47,45.51573875169923,1.4842612483007684
79,72.55341994397992,6.446580056020082
40,60.316302569877344,-20.316302569877344
0,56.101267689423786,-56.101267689423786
34,45.928790325726425,-11.928790325726425
43,55.41553791168235,-12.41553791168235
0,29.718252095731106,-29.718252095731106
44,43.64310105062234,0.3568989493776584
0,2.8099248474208562,-2.8099248474208562
0,40.56418317869062,-40.56418317869062
36,42.314217106035834,-6.314217106035834
1,18.44437697219212,-17.44437697219212
57,34.66268273058122,22.337317269418783
52,42.93868643611736,9.061313563882642
85,69.63541926806482,15.364580731935177
62,35.86101050854893,26.13898949145107
51,50.585054628633905,0.41494537136609466
44,44.86997348646107,-0.8699734864610704
70,44.11790193885202,25.88209806114798
60,61.173295292893094,-1.1732952928930942
0,7.348709096567778,-7.348709096567778
17,5.482089570881628,11.517910429118372
60,50.423963088805394,9.576036911194606
2,24.344351902425675,-22.344351902425675
47,24.708999645926593,22.291000354073407
0,23.892835916571663,-23.892835916571663
0,2.558781292439169,-2.558781292439169
0,1.181755825312526,-1.181755825312526
59,60.29909919254112,-1.2990991925411208
52,44.315801129646516,7.684198870353484
76,61.72418529060346,14.275814709396542
4,4.564852804698164,-0.5648528046981642
36,38.34338397893307,-2.343383978933069
73,8.377698938612667,64.62230106138733
46,44.36889435300309,1.6311056469969074
44,20.438943247399585,23.561056752600415
78,23.412035681798187,54.58796431820181
0,0.4573864566132608,-0.4573864566132608
39,38.29933629134882,0.7006637086511773
84,65.05758403178265,18.942415968217347
0,23.89124543022638,-23.89124543022638
26,25.841083320794276,0.15891667920572417
25,26.772902184869597,-1.7729021848695972
12,11.793366204745722,0.2066337952542785
80,75.85446663528884,4.145533364711156
36,35.40634501634185,0.5936549836581477
33,32.757430099970605,0.2425699000293946
62,53.34275077547315,8.65724922452685
3,2.8166992514930675,0.18330074850693245
0,10.070769093197857,-10.070769093197857
40,39.92179729907003,0.07820270092997106
63,53.19305745767047,9.80694254232953
76,74.40652715266089,1.5934728473391147
47,47.808142750004166,-0.8081427500041656
40,39.23266929618922,0.767330703810778
10,16.12097922759667,-6.120979227596671
42,35.50758519702447,6.4924148029755315
62,48.09448004697227,13.905519953027728
49,44.56153209912211,4.438467900877889
75,60.77281983064749,14.227180169352508
10,25.132628994601244,-15.132628994601244
28,30.33150864491367,-2.3315086449136686
28,28.00084329190851,-0.0008432919085095136
66,35.35867467083575,30.641325329164253
31,31.21531906121284,-0.2153190612128384
35,40.94425726241183,-5.944257262411831
47,46.56483691616059,0.43516308383941293
56,64.02142098516265,-8.02142098516265
72,63.11218098005404,8.887819019945958
34,28.003497025917493,5.996502974082507
49,42.26913619808895,6.730863801911049
0,12.006074985015442,-12.006074985015442
58,44.30575135310442,13.69424864689558
64,41.480714694402806,22.519285305597194
67,22.92513998776286,44.07486001223714
0,45.3361788870169,-45.3361788870169
41,41.338566134493085,-0.33856613449308526
0,20.27736903525252,-20.27736903525252
53,43.95604266307884,9.04395733692116
32,31.649792880849148,0.350207119150852
60,60.71149425939541,-0.7114942593954083
26,28.60729097906094,-2.6072909790609415
75,35.58380816444789,39.41619183555211
58,56.879419192486914,1.120580807513086
0,25.221395111271857,-25.221395111271857
79,50.30172823156449,28.69827176843551
6,7.450948470920331,-1.4509484709203306
41,41.17697181695095,-0.1769718169509531
71,68.96400411897073,2.0359958810292653
22,22.873920433852913,-0.8739204338529127
60,68.07218760424146,-8.072187604241464
33,31.89105296147004,1.1089470385299585
60,52.7313207271676,7.268679272832401
80,59.531354959159344,20.468645040840656
49,46.16462055754418,2.8353794424558174
0,0.9922838630701885,-0.9922838630701885
31,38.043409763908464,-7.043409763908464
67,54.82844035189736,12.171559648102637
0,1.8077880436986968,-1.8077880436986968
40,18.38010783599442,21.61989216400558
28,31.522746060962625,-3.522746060962625
64,64.86348812686215,-0.8634881268621513
42,43.75786609954239,-1.7578660995423903
0,32.9460219196534,-32.9460219196534
73,30.922692346972752,42.07730765302725
0,22.177964769168685,-22.177964769168685
51,49.667503324340494,1.332496675659506
59,56.095868820948866,2.9041311790511344
13,24.874357553712386,-11.874357553712386
17,15.888186186936146,1.1118138130638542
10,11.322379816515879,-1.3223798165158787
21,21.148659131831813,-0.14865913183181334
53,46.424375941897146,6.5756240581028536
0,2.19656694091117,-2.19656694091117
53,55.3096919553884,-2.309691955388402
0,57.40173990397819,-57.40173990397819
21,24.545538339087503,-3.5455383390875035
61,63.029558902211214,-2.029558902211214
79,65.96074746838545,13.039252531614551
9,14.795522352914288,-5.795522352914288
21,20.857087599970576,0.14291240002942374
25,27.464106936177657,-2.4641069361776573
0,38.46931283643532,-38.46931283643532
60,56.30278951529716,3.6972104847028433
56,34.098295684022524,21.901704315977476
0,22.744748714869246,-22.744748714869246
50,44.38279267980346,5.617207320196542
42,36.23568466912655,5.764315330873451
40,20.255365611935044,19.744634388064956
42,40.0520104752747,1.9479895247253012
84,41.53331482366404,42.46668517633596
80,69.7421820200803,10.257817979919693
37,32.246371618101456,4.753628381898544
0,0.26150930016909396,-0.26150930016909396
59,31.88611787076922,27.11388212923078
0,17.02967868023236,-17.02967868023236
48,43.667500329147465,4.332499670852535
16,6.312922641402644,9.687077358597357
32,41.9118746718484,-9.911874671848402
50,54.45823408928534,-4.458234089285341
20,24.333273426036367,-4.333273426036367
0,0.7112651189970777,-0.7112651189970777
61,52.36780058769769,8.632199412302313
37,35.9971479952117,1.002852004788302
66,54.19285387098219,11.80714612901781
57,40.06083419203537,16.939165807964628
24,13.917434177202805,10.082565822797195
57,55.34692723395188,1.653072766048119
0,25.36434434873173,-25.36434434873173
66,67.18972855255348,-1.1897285525534755
65,61.28056796204983,3.7194320379501704
16,6.533623557132792,9.466376442867208
44,58.04680660660676,-14.046806606606758
0,1.0684095714878348,-1.0684095714878348
19,20.787359822924323,-1.7873598229243228
0,2.0523415067195576,-2.0523415067195576
14,13.504687831458266,0.49531216854173366
75,66.18465114062947,8.81534885937053
18,18.05305762221086,-0.05305762221086141
45,49.33383016916832,-4.333830169168323
49,16.213459095270323,32.78654090472968
49,49.333035207196595,-0.33303520719659474
37,36.08625866893914,0.9137413310608622
72,59.72764424760458,12.27235575239542
56,58.61875017622668,-2.6187501762266834
53,54.30279795646645,-1.3027979564664491
56,39.04686405054497,16.95313594945503
38,39.078498072864676,-1.0784980728646758
94,80.46097036129352,13.53902963870648
46,15.28506996535347,30.714930034646528
66,67.8067390673397,-1.8067390673397057
42,42.73481213458013,-0.7348121345801317
37,54.56601729410547,-17.56601729410547
33,32.53384098504496,0.4661590149550392
61,54.75988266902148,6.240117330978521
36,36.62882658997527,-0.6288265899752687
50,40.780947475163025,9.219052524836975
0,56.35312982111685,-56.35312982111685
78,51.680347852150746,26.319652147849254
85,73.96661117894959,11.033388821050409
45,45.46444924331144,-0.4644492433114422
58,49.24315716456221,8.756842835437787
68,66.58285809233458,1.4171419076654246
0,0.0,0.0
88,46.40840043794877,41.59159956205123
49,34.039990367466274,14.960009632533726
53,50.029495443742896,2.9705045562571044
0,20.148608550670417,-20.148608550670417
48,42.2929576772331,5.7070423227669025
31,35.19816250534661,-4.198162505346609
55,38.82795308869801,16.17204691130199
18,24.718876702243104,-6.718876702243104
74,69.87517845963423,4.124821540365772
18,17.67277910751642,0.3272208924835809
65,42.755081809372676,22.244918190627324
0,13.11868006173467,-13.11868006173467
57,55.42815692130957,1.5718430786904278
17,30.6649409337483,-13.664940933748301
56,44.40982815702179,11.590171842978208
0,57.289901698102916,-57.289901698102916
83,63.38972108596433,19.610278914035668
29,28.920316532989215,0.07968346701078488
0,2.548509440491654,-2.548509440491654
54,58.32214742663197,-4.322147426631972
46,43.1285397221275,2.871460277872501
33,45.5674816993599,-12.567481699359902
40,70.62699706034597,-30.62699706034597
53,49.01461636613371,3.9853836338662916
0,0.9871416670385743,-0.9871416670385743
68,62.66779240616517,5.332207593834831
70,61.53531799992052,8.464682000079478
60,56.90616512802393,3.093834871976071
38,36.03871038560329,1.961289614396712
64,64.62218828575385,-0.6221882857538503
34,36.11568197997757,-2.1156819799775732
33,34.28876656962822,-1.2887665696282227
41,39.83437718853476,1.1656228114652407
43,51.33142199313331,-8.331421993133311
62,57.15015882937776,4.849841170622241
48,48.75765109349437,-0.757651093494367
2,54.59483978681656,-52.59483978681656
49,46.62007593720186,2.379924062798139
51,48.154608608265605,2.8453913917343954
59,60.664987193610216,-1.6649871936102159
22,22.511676139607076,-0.5116761396070757
57,55.74308376276804,1.2569162372319624
41,29.681601277176046,11.318398722823954
49,41.82019459875828,7.1798054012417225
46,43.25422762515267,2.745772374847327
64,65.06325731762334,-1.0632573176233393
18,18.155451822391825,-0.1554518223918251
83,74.09060170495847,8.909398295041527
63,61.57086839137644,1.4291316086235568
68,58.52969128219082,9.470308717809182
0,33.22268027421966,-33.22268027421966
1,58.024426105975806,-57.024426105975806
66,52.44875897503501,13.551241024964988
53,51.93681303859589,1.0631869614041065
0,7.5119153397326155,-7.5119153397326155
35,31.15628048058668,3.8437195194133196
46,55.44908078184074,-9.449080781840742
26,29.999178459921986,-3.9991784599219855
35,24.898840680699262,10.101159319300738
26,25.824125813180864,0.17587418681913647
52,52.38443491396722,-0.38443491396721896
37,33.55027261281857,3.449727387181433
48,48.32253333027402,-0.32253333027401965
18,33.71994048946338,-15.719940489463383
34,38.430496951527275,-4.4304969515272745
48,39.14406063476067,8.85593936523933
42,45.72160569897145,-3.7216056989714517
12,17.323886114174524,-5.323886114174524
32,34.434144069902764,-2.4341440699027643
19,17.784794787117306,1.2152052128826938
45,46.472953035809915,-1.4729530358099154
35,42.836997856084466,-7.836997856084466
70,68.75889282116717,1.2411071788328343
0,3.0337543685903303,-3.0337543685903303
49,46.678643146560496,2.3213568534395037
74,70.86183255823506,3.138167441764935
38,30.562416944313952,7.437583055686048
44,48.44698531366655,-4.446985313666552
0,28.20212675395288,-28.20212675395288
43,29.605973940725573,13.394026059274427
63,57.84780451640121,5.152195483598788
55,37.7299927259951,17.270007274004897
61,15.44893821578889,45.55106178421111
30,28.24974806231224,1.7502519376877608
25,41.97435498610149,-16.97435498610149
0,0.06526085598250546,-0.06526085598250546
56,52.03088443536235,3.9691155646376473
0,0.6481815418982145,-0.6481815418982145
52,53.89517937185528,-1.8951793718552779
46,46.4952693864183,-0.49526938641830043
58,50.330459015032986,7.669540984967014
44,40.06961221595857,3.9303877840414287
20,22.578722593440705,-2.5787225934407054
7,6.598538182611963,0.40146181738803666
70,73.77415549137693,-3.7741554913769306
44,44.882815113813805,-0.8828151138138054
54,54.557841745693175,-0.5578417456931746
31,30.370508050647057,0.6294919493529427
49,52.868207364306755,-3.8682073643067554
22,24.76562154709408,-2.7656215470940815
72,51.47676589814629,20.52323410185371
0,30.335735510664634,-30.335735510664634
18,13.949469108766062,4.050530891233938
1,29.70151904044038,-28.70151904044038
0,10.486800204801554,-10.486800204801554
14,20.45012932818536,-6.4501293281853584
64,52.6287609338268,11.371239066173203
0,7.6772386616952835,-7.6772386616952835
53,58.52280921675515,-5.5228092167551495
56,55.76013656254088,0.2398634374591211
30,29.810534913039483,0.18946508696051723
65,70.83228771147822,-5.832287711478216
16,15.726683185653082,0.27331681434691824
19,19.477155079940097,-0.477155079940097
61,21.160236649804865,39.839763350195135
0,15.221036981021916,-15.221036981021916
4,4.85827919282335,-0.8582791928233497
65,63.751888333554724,1.2481116664452756
3,51.21010026462675,-48.21010026462675
70,62.3699717707961,7.6300282292039014
76,58.23080163586312,17.769198364136876
33,36.32817218776141,-3.3281721877614103
43,41.954582600306225,1.0454173996937755
69,68.38080274574494,0.6191972542550559
27,27.350696359972105,-0.3506963599721047
46,47.754401764618116,-1.754401764618116
41,52.898049192733744,-11.898049192733744
0,0.34006507440406775,-0.34006507440406775
30,37.942855363491255,-7.942855363491255
52,55.524496047722685,-3.5244960477226854
58,40.525829835201414,17.474170164798586
53,51.60963932878236,1.3903606712176426
65,73.69347843609408,-8.693478436094082
69,67.44751445819152,1.5524855418084798
20,1.9038759010659798,18.09612409893402
73,62.742428488308676,10.257571511691324
10,13.376739009693773,-3.3767390096937735
57,52.303526592393915,4.696473407606085
11,11.306233437416976,-0.3062334374169762
1,23.689212019079818,-22.689212019079818
0,45.19988133473646,-45.19988133473646
83,75.90810889587387,7.091891104126134
35,43.212679408054846,-8.212679408054846
0,0.051818876045680175,-0.051818876045680175
42,42.31441887945305,-0.3144188794530507
45,47.92472570831788,-2.9247257083178795
56,57.101176267460225,-1.1011762674602252
60,65.68042431771238,-5.680424317712379
60,61.21750174865512,-1.217501748655117
0,5.4481377135382285,-5.4481377135382285
19,29.36264157301322,-10.36264157301322
49,39.37274098695262,9.627259013047379
40,38.79333594508076,1.2066640549192371
17,15.811173115805492,1.1888268841945084
35,50.08880325381421,-15.088803253814213
15,15.928042255775683,-0.9280422557756829
40,38.34804826813699,1.651951731863008
43,44.7154963861247,-1.7154963861246983
48,37.47276119076303,10.52723880923697
31,30.92164740379075,0.07835259620924973
17,30.207348933149113,-13.207348933149113
3,1.6809465910519257,1.3190534089480743
72,69.54477901283165,2.455220987168346
52,50.4149983868029,1.5850016131971003
43,43.701232363014796,-0.7012323630147961
21,22.508608797667126,-1.5086087976671259
31,35.93914498901935,-4.939144989019347
25,30.4234104299465,-5.4234104299465
42,42.69873068104151,-0.6987306810415106
57,49.694767148075165,7.305232851924835
29,28.736354109132694,0.2636458908673056
22,22.84099777701574,-0.8409977770157404
53,41.64739984068034,11.352600159319657
45,42.45501547751504,2.5449845224849597
29,14.69155914023194,14.30844085976806
0,13.16065818350191,-13.16065818350191
44,44.032009440981824,-0.0320094409818239
37,50.41919364484946,-13.419193644849457
1,26.750651217869923,-25.750651217869923
73,63.492168991086714,9.507831008913286
62,60.3797460795014,1.6202539204985982
55,45.099555909487826,9.900444090512174
0,30.65872901789688,-30.65872901789688
42,37.20850120347754,4.791498796522461
42,42.44731207364204,-0.4473120736420384
27,32.163554001470956,-5.163554001470956
39,39.42576075758019,-0.4257607575801927
0,37.19074628070852,-37.19074628070852
56,49.71914005018213,6.2808599498178665
46,35.16479652904289,10.835203470957111
25,18.518745957344848,6.481254042655152
49,58.47467295006686,-9.47467295006686
0,0.41683821995305614,-0.41683821995305614
17,17.605878671718646,-0.6058786717186457
13,13.50549157336985,-0.5054915733698504
30,28.166008772334095,1.833991227665905
35,34.6960544605895,0.30394553941049907
61,55.299106075846964,5.700893924153036
43,27.64077843694224,15.359221563057758
33,32.07755847257428,0.9224415274257183
0,6.041770313310918,-6.041770313310918
85,73.9733021647519,11.0266978352481
55,55.71674178474675,-0.7167417847467519
57,56.05310173693189,0.9468982630681069
58,48.08231041477871,9.91768958522129
83,79.66181351587862,3.3381864841213797
19,20.14183337640424,-1.1418333764042394
0,0.6909185623210072,-0.6909185623210072
78,75.42580039925801,2.5741996007419914
49,32.71085019821439,16.289149801785612
32,26.773422854709228,5.226577145290772
29,19.404019335070902,9.595980664929098
62,51.37585115458664,10.624148845413359
71,68.57712783159144,2.42287216840856
0,2.974314795967973,-2.974314795967973
36,31.460895962838844,4.539104037161156
41,40.39523019278223,0.604769807217771
76,71.98256682104542,4.017433178954576
0,33.43082003406718,-33.43082003406718
58,53.23374010967111,4.7662598903288895
22,27.33823278647971,-5.338232786479711
11,11.417126596069258,-0.4171265960692576
38,48.811949532443776,-10.811949532443776
50,40.86657176911911,9.133428230880888
11,17.732302089798743,-6.732302089798743
28,31.11965979108993,-3.11965979108993
39,37.60605673133848,1.3939432686615234
0,23.149844154502798,-23.149844154502798
27,27.198609284838653,-0.19860928483865337
0,12.804139689718669,-12.804139689718669
57,56.54135567378542,0.45864432621458207
51,45.98014145184687,5.019858548153131
45,45.37529007603898,-0.37529007603897924
58,50.15485895455928,7.8451410454407196
25,25.57507560709976,-0.5750756070997589
16,14.619829965424678,1.3801700345753218
18,6.614053403454632,11.385946596545368
73,71.33005250436794,1.6699474956320586
84,71.09119563247388,12.908804367526116
33,28.41498120531879,4.585018794681211
3,8.549528129766152,-5.549528129766152
45,44.5404771401287,0.45952285987129926
37,7.3110256657377,29.688974334262298
0,0.40239905188358804,-0.40239905188358804
0,18.252246808689705,-18.252246808689705
0,6.139256966866124,-6.139256966866124
0,12.228423175154763,-12.228423175154763
55,35.42306829872903,19.576931701270972
32,44.41212616132288,-12.412126161322881
15,15.899922665039618,-0.8999226650396182
0,5.692542630013528,-5.692542630013528
49,57.97928913639425,-8.97928913639425
64,63.269489725008,0.7305102749919996
91,75.78859074038024,15.211409259619757
6,5.86316847547795,0.13683152452204972
34,34.081160369223795,-0.08116036922379521
59,55.08077168454419,3.919228315455811
66,70.02756470936158,-4.0275647093615845
0,63.53433147293417,-63.53433147293417
58,40.54338594953996,17.45661405046004
55,49.386412729386876,5.613587270613124
47,39.66599895781223,7.334001042187772
52,52.4253629446056,-0.4253629446056024
34,35.50758519702447,-1.5075851970244685
58,61.74536178988075,-3.7453617898807465
0,6.108426816137726,-6.108426816137726
24,42.553461155304504,-18.553461155304504
64,51.618780362818775,12.381219637181225
48,46.84874106227755,1.151258937722453
43,43.47582623706751,-0.4758262370675084
17,20.85709819188851,-3.857098191888511
58,28.739679971209714,29.260320028790286
45,55.67118546443931,-10.671185464439311
37,18.950710884211833,18.049289115788167
28,27.785153887561087,0.21484611243891294
71,71.7603753425621,-0.7603753425620994
35,38.00676193988649,-3.0067619398864878
11,17.75658694588695,-6.756586945886951
67,36.50196483952249,30.498035160477507
38,36.71529441582626,1.284705584173743
44,42.816338427920726,1.1836615720792736
36,33.244376789306806,2.7556232106931944
34,35.33679235531978,-1.3367923553197798
56,58.748196440825396,-2.748196440825396
12,0.40004472350710524,11.599955276492894
70,68.59432604906515,1.4056739509348546
62,42.45192729973062,19.54807270026938
37,40.51120192052305,-3.5112019205230496
39,42.49657877872426,-3.4965787787242633
47,46.20483684314409,0.7951631568559065
74,48.00366363254611,25.996336367453893
0,9.545979040383967,-9.545979040383967
0,40.30286818854617,-40.30286818854617
59,46.53225516013128,12.467744839868722
43,47.07636473963198,-4.076364739631977
0,0.7193242185480603,-0.7193242185480603
65,64.23598726703929,0.7640127329607083
26,27.17287990343098,-1.1728799034309816
0,0.2578511141619796,-0.2578511141619796
0,2.2798732786877123,-2.2798732786877123
1,3.713618543232656,-2.713618543232656
0,0.07046037200676375,-0.07046037200676375
28,26.81782956241159,1.182170437588411
25,49.92683360512563,-24.92683360512563
13,16.18261862016246,-3.1826186201624616
35,34.77551907633341,0.22448092366659012
16,15.38568010082908,0.6143198991709191
53,59.258613635199175,-6.2586136351991755
47,47.03424897469348,-0.03424897469348309
35,36.935555041430135,-1.9355550414301348
34,38.98323322383286,-4.983233223832862
53,51.69161516862116,1.308384831378838
0,4.866409190984837,-4.866409190984837
0,30.849593988962095,-30.849593988962095
7,10.56248861170067,-3.5624886117006707
0,2.412201924830791,-2.412201924830791
9,13.908196931740553,-4.908196931740553
62,49.90515324630751,12.094846753692487
41,45.59264019323846,-4.592640193238459
0,1.6422189991474405,-1.6422189991474405
36,37.75603170699164,-1.7560317069916422
62,65.07822827701867,-3.078228277018667
67,52.66629820923552,14.33370179076448
45,39.97136026994782,5.028639730052177
58,49.82233693835668,8.177663061643322
38,26.127047864538145,11.872952135461855
66,62.965594994422155,3.0344050055778453
11,29.937833392408113,-18.937833392408113
11,12.037347804645117,-1.0373478046451172
18,13.367296326288304,4.632703673711696
41,18.34653495467645,22.65346504532355
78,66.21488251152795,11.785117488472054
53,25.869874268408,27.130125731592
57,40.15943749631796,16.840562503682037
76,41.59356188587528,34.40643811412472
80,44.61424053390081,35.38575946609919
52,40.35759350604817,11.642406493951832
2,1.9623663590540914,0.0376336409459086
49,48.712354717034,0.2876452829659968
56,57.7460971328228,-1.746097132822797
32,36.14656671829007,-4.146566718290067
0,3.388136194100795,-3.388136194100795
48,45.00194903679623,2.9980509632037666
55,54.311583319955,0.6884166800450018
39,51.54322053858182,-12.54322053858182
35,53.64221586953046,-18.64221586953046
41,30.617846799442187,10.382153200557813
49,48.7686233102601,0.23137668973990344
26,23.115936692502835,2.884063307497165
79,72.38972184569089,6.610278154309114
74,68.15773588089245,5.842264119107554
15,19.199557131121022,-4.199557131121022
89,77.6032755385284,11.396724461471607
34,33.7234672558093,0.2765327441907033
4,5.69342564571465,-1.6934256457146502
66,67.32920507189571,-1.3292050718957142
36,37.650557307374946,-1.650557307374946
6,4.720225000085031,1.2797749999149692
1,6.899074056873605,-5.899074056873605
75,64.7856770504537,10.2143229495463
58,40.37202373184285,17.62797626815715
29,2.2420744985144534,26.757925501485545
0,8.137375881899121,-8.137375881899121
22,25.236104326347476,-3.2361043263474762
10,9.721735124023187,0.27826487597681293
31,30.603715175348732,0.3962848246512678
44,45.406956923666066,-1.4069569236660655
87,65.1234830522189,21.8765169477811
2,3.1570905324188474,-1.1570905324188474
60,63.42462560201382,-3.424625602013819
56,55.767130419206296,0.2328695807937038
10,10.436970663720334,-0.43697066372033433
3,63.08010940511606,-60.08010940511606
78,71.12696901704128,6.873030982958724
89,77.87650896455946,11.123491035440537
34,34.01892172499605,-0.01892172499604783
76,60.863803342720985,15.136196657279015
73,51.18142615982556,21.818573840174437
27,46.769868632533786,-19.769868632533786
64,62.679630115308235,1.3203698846917646
18,15.870074882676192,2.1299251173238076
56,58.85346703279506,-2.8534670327950593
3,4.380614825088313,-1.3806148250883128
20,26.740416077853915,-6.740416077853915
78,69.81623951897349,8.18376048102651
40,39.59519124891799,0.4048087510820082
23,22.511537642845028,0.48846235715497244
27,20.08648715526165,6.913512844738349
61,42.64604438777265,18.353955612227352
17,14.237925337491944,2.7620746625080557
74,28.14306339929724,45.85693660070276
75,68.7960395792868,6.2039604207132015
29,26.51690726197811,2.4830927380218917
49,47.1022417196474,1.8977582803525976
0,9.876249247910737,-9.876249247910737
0,41.34068591260707,-41.34068591260707
0,26.595987713229885,-26.595987713229885
0,0.07093914104223381,-0.07093914104223381
0,40.313454171690815,-40.313454171690815
43,39.43684451610906,3.563155483890938
61,56.439038548088675,4.560961451911325
65,61.682923762105105,3.317076237894895
82,63.109389495633096,18.890610504366904
56,34.61862496064149,21.38137503935851
59,57.71567266689206,1.2843273331079388
73,61.13773234045862,11.86226765954138
62,50.937373252122654,11.062626747877346
3,36.70525622567978,-33.70525622567978
24,24.693642047233865,-0.6936420472338654
32,56.819240805870244,-24.819240805870244
39,8.481104293300733,30.51889570669927
61,66.46545444426279,-5.4654544442627895
50,66.0828424321777,-16.0828424321777
53,48.34742822379218,4.652571776207822
26,25.37235297723139,0.6276470227686097
85,66.22439748571243,18.77560251428757
58,71.92658342297264,-13.92658342297264
75,60.694884983653296,14.305115016346704
62,18.55259956978788,43.44740043021212
41,35.70956186056218,5.290438139437818
0,1.3356462008486425,-1.3356462008486425
37,38.65240450510119,-1.6524045051011882
32,20.52323120090988,11.47676879909012
29,28.546552541060333,0.4534474589396673
14,9.039083501847944,4.960916498152056
4,5.881052214299635,-1.8810522142996353
33,35.2551680797355,-2.2551680797354976
9,8.979706537968058,0.020293462031942155
0,29.257195851760123,-29.257195851760123
30,45.52203366159096,-15.52203366159096
0,27.37789794889045,-27.37789794889045
34,39.82224629901116,-5.822246299011162
15,14.471689113910678,0.5283108860893222
16,26.753091911638162,-10.753091911638162
29,26.852873235363816,2.147126764636184
21,33.292999515050326,-12.292999515050326
0,4.93960306099439,-4.93960306099439
50,49.03169001129105,0.9683099887089526
53,48.66718761125155,4.332812388748451
68,49.11980353754689,18.880196462453107
50,43.65007650927474,6.34992349072526
39,43.41994636710904,-4.419946367109041
0,1.036943068386367,-1.036943068386367
15,14.899032018508679,0.10096798149132091
0,2.360339783915475,-2.360339783915475
58,53.617601331298076,4.382398668701924
35,44.141725015970195,-9.141725015970195
44,44.753672686622956,-0.7536726866229557
76,61.7471528857976,14.252847114202403
40,40.944889249183845,-0.944889249183845
67,52.85533501356961,14.144664986430392
0,0.2156077517168879,-0.2156077517168879
31,38.97541999303427,-7.975419993034272
67,74.06798503897747,-7.0679850389774685
44,45.521467747750556,-1.521467747750556
26,23.92267432922495,2.07732567077505
46,59.76043275157696,-13.760432751576957
55,43.05790833584228,11.942091664157722
70,65.63374528520718,4.366254714792817
0,30.759564498751736,-30.759564498751736
84,76.8291974461603,7.170802553839707
42,36.08817331165892,5.91182668834108
57,51.92571445507237,5.074285544927633
38,37.117219414240026,0.8827805857599742
77,73.84870957304655,3.1512904269534516
0,5.910123034930419,-5.910123034930419
67,67.38797580825752,-0.3879758082575222
66,69.95544213976999,-3.9554421397699855
12,11.958373238494612,0.04162676150538758
39,51.64513063092516,-12.64513063092516
81,34.88703596513172,46.11296403486828
71,67.90942021227373,3.09057978772627
57,61.703834471975256,-4.703834471975256
0,0.36344056400346725,-0.36344056400346725
36,6.766524931556873,29.233475068443127
34,34.76295500324707,-0.7629550032470718
27,30.3384461046424,-3.3384461046424008
46,47.21588846731739,-1.2158884673173915
26,34.41900144630166,-8.419001446301657
1,1.2662607421078174,-0.26626074210781736
74,75.92620361805474,-1.9262036180547426
39,38.376463714028546,0.6235362859714542
2,32.54305484901457,-30.543054849014567
56,50.82438655045185,5.175613449548152
44,45.6217861852025,-1.6217861852025024
81,62.28897944326202,18.711020556737978
0,19.28594908398046,-19.28594908398046
0,0.4376549353963896,-0.4376549353963896
0,25.76512701178517,-25.76512701178517
20,19.0486724684274,0.9513275315725984
45,43.49954642549274,1.5004535745072616
43,43.18602046223014,-0.18602046223013957
60,66.67711885892581,-6.677118858925809
22,16.7615489893657,5.2384510106343
0,2.783866648815103,-2.783866648815103
44,34.145860202271415,9.854139797728585
61,53.31033020011591,7.6896697998840935
20,20.211900941667356,-0.21190094166735562
32,29.96312040589316,2.036879594106839
49,58.049868835960055,-9.049868835960055
28,28.60317244765028,-0.6031724476502802
48,47.47403311000399,0.5259668899960133
41,39.6967886523371,1.3032113476629021
87,80.01823736759604,6.981762632403957
58,43.44784986435536,14.552150135644638
41,11.814632619769633,29.185367380230367
54,43.563240785601394,10.436759214398606
67,53.31209274316056,13.687907256839438
16,27.300361906205424,-11.300361906205424
15,26.86675742562263,-11.86675742562263
0,29.621482918564134,-29.621482918564134
84,63.93027479037066,20.06972520962934
22,28.800212972999947,-6.800212972999947
0,24.32888866458231,-24.32888866458231
46,55.37322037621651,-9.373220376216508
0,25.4864210284,-25.4864210284
3,41.526998653530605,-38.526998653530605
0,6.823858734625987,-6.823858734625987
78,75.64516573704286,2.354834262957141
90,70.21147143322882,19.788528566771177
65,39.00117371290687,25.99882628709313
49,49.48748330321386,-0.4874833032138568
5,5.368068577727774,-0.3680685777277741
34,35.63981739099656,-1.639817390996562
77,23.099674556082398,53.9003254439176
10,6.573442429621711,3.4265575703782893
0,1.1692015345269842,-1.1692015345269842
31,36.15779772469382,-5.157797724693822
36,26.925767609970155,9.074232390029845
65,64.24561513530938,0.7543848646906213
29,38.36996906346728,-9.36996906346728
73,61.65673601721766,11.34326398278234
62,53.269847450176236,8.730152549823764
0,34.75238112932605,-34.75238112932605
51,50.262224292013144,0.7377757079868559
0,2.218553506797634,-2.218553506797634
0,1.8831251795169324,-1.8831251795169324
49,44.44382101086721,4.556178989132789
0,8.027794425338683,-8.027794425338683
47,39.43481844791492,7.565181552085079
28,19.500766357549352,8.499233642450648
16,18.549868381428187,-2.549868381428187
47,41.11714866681159,5.8828513331884125
53,23.096886544647614,29.903113455352386
68,23.817526268111717,44.18247373188828
0,1.1771108672564101,-1.1771108672564101
35,23.910783496539626,11.089216503460374
32,32.611607721853495,-0.6116077218534954
71,64.22877419110046,6.771225808899544
85,66.64511315299939,18.354886847000614
60,58.19065596117522,1.8093440388247828
0,5.4936854449223,-5.4936854449223
3,3.8481830879442733,-0.8481830879442733
26,25.978075327694942,0.021924672305058124
45,42.86788258821445,2.1321174117855506
55,60.28381900312073,-5.283819003120733
37,36.224326157089294,0.775673842910706
2,52.94121107114106,-50.94121107114106
83,73.96130940306277,9.03869059693723
43,36.884617736028964,6.115382263971036
30,35.81579070838324,-5.81579070838324
28,30.587906965923597,-2.5879069659235974
67,56.40615163226593,10.593848367734068
82,76.41667018397158,5.583329816028424
49,49.39011062147584,-0.3901106214758414
0,0.1737175390490355,-0.1737175390490355
0,2.9451919529110198,-2.9451919529110198
26,28.11056404782721,-2.1105640478272107
58,51.653989851331254,6.346010148668746
74,67.22302386117201,6.77697613882799
60,61.10261827883909,-1.1026182788390884
0,18.50174528637218,-18.50174528637218
70,32.9621299256225,37.0378700743775
58,38.033931480996635,19.966068519003365
79,67.75575411440482,11.244245885595177
57,56.84722793322418,0.15277206677581745
38,27.061356852717665,10.938643147282335
34,39.96314149569438,-5.96314149569438
3,33.856407856700166,-30.856407856700166
1,27.173896505609303,-26.173896505609303
0,25.79645544686187,-25.79645544686187
71,70.52353336665422,0.47646663334577966
29,26.652695021025295,2.347304978974705
23,26.050933117013336,-3.0509331170133365
44,42.23706551283634,1.7629344871636619
37,40.347238987310085,-3.347238987310085
0,7.047685655651369,-7.047685655651369
36,30.631115060941287,5.368884939058713
47,44.34483143932409,2.655168560675911
47,43.350688976034945,3.649311023965055
44,43.46579435240348,0.5342056475965222
61,66.99537762259142,-5.99537762259142
1,16.378220823702144,-15.378220823702144
0,0.9357882935624783,-0.9357882935624783
4,60.65653672858316,-56.65653672858316
38,51.550099335971005,-13.550099335971005
53,55.33027127708167,-2.330271277081671
0,3.1005328753260115,-3.1005328753260115
51,47.48313363348061,3.5168663665193876
36,27.50790957430409,8.49209042569591
49,52.172499170140064,-3.172499170140064
14,17.472237445680456,-3.472237445680456
57,58.85346703279506,-1.8534670327950593
54,53.316724326418644,0.6832756735813561
43,59.576222553989865,-16.576222553989865
35,13.48861163159165,21.511388368408348
37,39.96323631265407,-2.963236312654068
28,34.142502748616735,-6.142502748616735
69,60.76781411415045,8.232185885849553
0,34.8875939675126,-34.8875939675126
47,51.466725254824375,-4.466725254824375
60,52.04181431861264,7.958185681387363
0,6.837153770234622,-6.837153770234622
43,49.34796578085479,-6.347965780854793
64,37.40363681644404,26.596363183555958
59,48.85741555888197,10.142584441118032
42,53.780336371150014,-11.780336371150014
65,62.14835554181845,2.8516444581815534
29,29.179005636223316,-0.1790056362233159
48,43.97897760846253,4.021022391537471
3,2.43895821232936,0.5610417876706402
12,12.306999550890378,-0.306999550890378
71,61.21311867274674,9.786881327253262
38,37.78432276215426,0.215677237845739
2,6.889349435586106,-4.889349435586106
0,1.616820576833492,-1.616820576833492
60,49.307150172168974,10.692849827831026
0,8.849087829797554,-8.849087829797554
53,42.33845353522002,10.661546464779981
75,68.4396643021239,6.5603356978760985
44,38.32316145206882,5.676838547931183
44,37.869566385382704,6.130433614617296
46,41.47149384460105,4.528506155398951
47,48.18143951343484,-1.1814395134348388
38,34.543918445121406,3.456081554878594
66,59.31060600260254,6.68939399739746
76,65.67941484169533,10.320585158304667
41,53.930346353154995,-12.930346353154995
57,44.30497617382072,12.69502382617928
82,67.68244478279233,14.31755521720767
0,10.443975839794163,-10.443975839794163
61,42.942912436168484,18.057087563831516
21,21.873037102942053,-0.8730371029420532
0,0.2833618656315899,-0.2833618656315899
35,36.28397361832316,-1.2839736183231594
41,34.80547459876046,6.194525401239538
50,29.32955769866919,20.67044230133081
40,32.995930434708576,7.004069565291424
57,62.03261251252658,-5.032612512526583
35,39.80612736730318,-4.8061273673031835
37,36.0491705539711,0.950829446028898
44,43.01916064290946,0.980839357090538
52,53.51935583049097,-1.519355830490973
51,50.13432653338732,0.8656734666126766
12,11.673073032123405,0.32692696787659514
44,34.64035982298247,9.359640177017532
32,54.031365818832334,-22.031365818832334
11,10.825493151534278,0.17450684846572173
0,0.47054638899913104,-0.47054638899913104
46,47.053357700842625,-1.053357700842625
23,23.1814856268448,-0.1814856268448004
33,53.94909541526524,-20.94909541526524
21,20.80949075816279,0.19050924183720852
31,37.993682252661834,-6.993682252661834
0,3.5683899776076857,-3.5683899776076857
41,40.11609301736016,0.8839069826398429
43,52.50648502309515,-9.506485023095152
40,31.23071806407734,8.76928193592266
1,8.170678823390608,-7.170678823390608
0,2.1398845043953005,-2.1398845043953005
49,34.4274103351506,14.572589664849403
24,26.780295116653058,-2.7802951166530576
79,80.89306654139214,-1.8930665413921446
44,47.99261975030856,-3.992619750308563
34,38.26408963981698,-4.26408963981698
27,35.25972778817483,-8.259727788174828
0,21.22716408113521,-21.22716408113521
52,55.63197512888947,-3.631975128889472
57,56.571195810474435,0.42880418952556454
19,19.978644809027095,-0.9786448090270952
71,68.41729406371631,2.5827059362836877
28,32.74265780993386,-4.74265780993386
51,21.359723609088324,29.640276390911676
48,48.008848204137955,-0.008848204137954951
13,17.30266195951206,-4.302661959512061
18,17.842931403392747,0.15706859660725314
19,29.479125499067862,-10.479125499067862
67,50.31051989531026,16.689480104689743
25,37.933890422817186,-12.933890422817186
40,41.92659607309354,-1.9265960730935419
0,2.5689978389054393,-2.5689978389054393
67,73.81759669902027,-6.817596699020271
48,38.86804943760931,9.131950562390692
63,51.5129103151248,11.487089684875201
57,50.61720884410805,6.382791155891951
0,0.35404680074738804,-0.35404680074738804
29,18.882826878185117,10.117173121814883
76,59.61204513292948,16.38795486707052
33,33.597141816319834,-0.5971418163198337
40,37.21046092245828,2.7895390775417184
0,2.7872184428817017,-2.7872184428817017
45,34.18232612283384,10.817673877166158
61,36.5199158330047,24.480084166995297
0,16.618326068307805,-16.618326068307805
47,45.1415408469158,1.8584591530841976
52,37.52978096027688,14.47021903972312
0,0.05355097365406644,-0.05355097365406644
0,4.440133869528563,-4.440133869528563
31,30.32615618725883,0.6738438127411683
24,24.988248732562294,-0.988248732562294
0,12.581058359437538,-12.581058359437538
38,40.40602863265992,-2.4060286326599183
49,42.550582624228646,6.449417375771354
53,59.86725077611959,-6.86725077611959
0,7.9724964718717946,-7.9724964718717946
65,74.4358748085477,-9.435874808547695
0,30.593353444190736,-30.593353444190736
60,40.213218736667976,19.786781263332024
50,48.66718761125155,1.3328123887484509
22,24.215469909155257,-2.2154699091552565
13,13.05006811056925,-0.05006811056924931
54,54.8326708660355,-0.8326708660354996
22,12.892704551974141,9.107295448025859
0,5.599585392016083,-5.599585392016083
74,70.31680883315626,3.6831911668437414
46,59.576222553989865,-13.576222553989865
0,0.29252044485948403,-0.29252044485948403
78,46.83928032032932,31.160719679670677
48,34.6816009738293,13.318399026170702
41,44.37670184968809,-3.3767018496880894
8,3.581676980840447,4.418323019159553
46,42.02625378371102,3.97374621628898
35,43.65422880726323,-8.65422880726323
17,34.4023944146179,-17.402394414617902
30,29.598403473303105,0.4015965266968955
30,31.0249940726091,-1.0249940726091005
67,64.69927079236004,2.300729207639961
17,17.69358337901518,-0.6935833790151804
0,0.013024575653441632,-0.013024575653441632
0,27.90652731334378,-27.90652731334378
77,51.79845880422139,25.20154119577861
71,45.2525909095924,25.7474090904076
0,26.33834251893078,-26.33834251893078
22,32.481056233423864,-10.481056233423864
0,9.61001761509319,-9.61001761509319
0,22.281766711611198,-22.281766711611198
29,41.86924515726947,-12.869245157269468
0,11.613062141108037,-11.613062141108037
34,37.15590685218316,-3.1559068521831577
31,28.896480137846247,2.103519862153753
0,26.464055785389636,-26.464055785389636
36,39.15943341364464,-3.159433413644642
53,32.09690407424495,20.903095925755053
71,39.52345472424099,31.47654527575901
67,16.328994199058744,50.67100580094126
51,50.30614526330232,0.6938547366976806
68,39.165613877334145,28.834386122665855
43,45.39554151341644,-2.3955415134164397
49,64.31389385037613,-15.313893850376132
34,30.26436390452571,3.735636095474291
0,19.417753543155712,-19.417753543155712
79,54.55315111777891,24.44684888222109
16,23.938769963222178,-7.938769963222178
49,49.00412434593159,-0.004124345931586504
28,24.530543293853125,3.4694567061468753
56,56.15858562047553,-0.15858562047552738
52,51.658924921079645,0.3410750789203547
22,32.23830624845195,-10.238306248451948
41,33.68542027381635,7.314579726183652
28,53.75719473392169,-25.757194733921693
0,3.63094280043271,-3.63094280043271
45,39.22168626650187,5.7783137334981305
0,12.298093470440826,-12.298093470440826
39,48.55509866805836,-9.555098668058363
48,43.28855968044458,4.711440319555422
40,43.59813493879692,-3.5981349387969175
0,0.12972508591065293,-0.12972508591065293
0,43.58260468431434,-43.58260468431434
54,63.83798013475094,-9.837980134750943
5,14.173489591437187,-9.173489591437187
45,44.076993471068505,0.923006528931495
72,71.5589727880382,0.44102721196179573
50,53.88958021488877,-3.889580214888767
0,0.0,0.0
59,48.18766247414971,10.812337525850289
0,5.0290636131117425,-5.0290636131117425
48,32.68937123038436,15.31062876961564
0,1.890951070188487,-1.890951070188487
10,10.00091971453666,-0.0009197145366606208
48,47.77569380093508,0.22430619906491955
36,34.22852270649279,1.7714772935072105
42,39.85726282646873,2.1427371735312732
86,62.995244122943255,23.004755877056745
37,5.4489824675298655,31.551017532470134
0,0.6829153060455836,-0.6829153060455836
12,13.206593197859352,-1.2065931978593518
27,26.55286355526418,0.4471364447358184
55,58.195067353808504,-3.195067353808504
0,12.603016390102248,-12.603016390102248
0,0.3919385833113452,-0.3919385833113452
57,49.03407074993842,7.965929250061578
40,40.73469744688539,-0.7346974468853915
1,8.181419965188452,-7.181419965188452
75,61.599400319398235,13.400599680601765
74,72.02716302748364,1.9728369725163617
23,18.86610707471918,4.1338929252808185
33,45.402158462564635,-12.402158462564635
66,6.322267349578818,59.677732650421184
0,26.724384989138077,-26.724384989138077
34,33.95559254776563,0.04440745223436693
45,13.287529004139369,31.71247099586063
61,50.71475928107402,10.285240718925976
28,59.48886847201245,-31.48886847201245
44,45.95540777050601,-1.9554077705060067
0,1.5719456948770565,-1.5719456948770565
32,37.37910925272577,-5.379109252725769
12,12.221507151212693,-0.22150715121269293
21,36.691932443468545,-15.691932443468545
0,12.664291048208542,-12.664291048208542
80,80.17766086611898,-0.17766086611898402
51,44.96647342759865,6.03352657240135
23,22.272637667588093,0.7273623324119072
0,0.05725083431268998,-0.05725083431268998
51,51.58787871640308,-0.5878787164030825
40,41.442196290614575,-1.442196290614575
40,22.015588546132264,17.984411453867736
65,51.40472908008224,13.595270919917759
0,14.539926621472947,-14.539926621472947
23,22.006622271624103,0.9933777283758971
62,55.54735735516874,6.452642644831258
21,11.064155962868057,9.935844037131943
45,47.9658863237537,-2.9658863237537005
29,38.13227029554601,-9.132270295546007
60,56.14240380103693,3.8575961989630727
35,71.99003679904172,-36.99003679904172
63,62.96262630027509,0.03737369972490967
0,28.479315985909437,-28.479315985909437
44,47.94542117607951,-3.9454211760795133
60,56.30731572180845,3.6926842781915497
57,57.708384293457584,-0.7083842934575841
31,29.455976357249124,1.5440236427508758
1,1.9396938018072039,-0.9396938018072039
39,42.049046515542685,-3.0490465155426847
37,39.74660774266067,-2.7466077426606716
53,45.297942255067774,7.702057744932226
75,71.61195602334186,3.388043976658139
44,45.0565095971848,-1.0565095971847995
70,50.868353201135584,19.131646798864416
55,42.12051279874637,12.879487201253632
59,47.361221958076015,11.638778041923985
0,35.38621508251646,-35.38621508251646
68,72.61690721284229,-4.6169072128422926
49,34.30792148512849,14.692078514871511
27,27.02994098952945,-0.029940989529450235
55,47.75628088156288,7.24371911843712
8,14.462860570585656,-6.462860570585656
32,31.33019151115848,0.6698084888415217
59,49.83342621060442,9.166573789395578
38,39.65357613162744,-1.6535761316274389
0,0.3363066772860587,-0.3363066772860587
34,43.86967410497822,-9.869674104978223
0,5.0656569890252054,-5.0656569890252054
54,35.29351063806039,18.70648936193961
69,60.85853393096826,8.141466069031743
27,36.864329457640515,-9.864329457640515
23,21.860219650209647,1.1397803497903531
0,1.2066540848079859,-1.2066540848079859
34,25.156693807697405,8.843306192302595
71,47.098430013564766,23.901569986435234
59,58.7941918905309,0.20580810946910333
79,75.05411194691975,3.945888053080253
42,53.870360269511735,-11.870360269511735
59,57.23253924635553,1.767460753644471
0,0.5523416667713495,-0.5523416667713495
0,41.12385145079783,-41.12385145079783
35,39.22545680510186,-4.225456805101857
20,21.747149818574943,-1.7471498185749432
52,53.742333160846286,-1.742333160846286
51,51.891598354802305,-0.891598354802305
12,13.693233550641946,-1.6932335506419456
58,46.898674018246375,11.101325981753625
26,29.953753668445863,-3.953753668445863
37,25.479999908580876,11.520000091419124
47,44.41080766680102,2.58919233319898
1,1.33248939502893,-0.33248939502893005
57,63.618122556282074,-6.618122556282074
52,50.94279004411386,1.0572099558861368
45,39.98320699368476,5.01679300631524
42,36.2357336741168,5.764266325883199
41,34.586869397343314,6.413130602656686
40,36.2357336741168,3.7642663258831988
55,54.72503203622065,0.2749679637793534
36,38.42400007680373,-2.424000076803729
34,35.89894028191189,-1.8989402819118908
41,38.445521839799866,2.5544781602001336
26,31.116875340931223,-5.116875340931223
73,69.03589744561127,3.964102554388731
54,39.1157691046156,14.884230895384398
42,38.68701240159885,3.3129875984011505
18,29.998699566022275,-11.998699566022275
68,68.30944797094159,-0.3094479709415907
41,11.622502410275949,29.37749758972405
41,40.072954431946165,0.9270455680538348
59,58.8364904160333,0.16350958396670023
0,0.0,0.0
38,37.420218556467525,0.5797814435324753
1,1.1777840400131148,-0.17778404001311476
50,47.29484689575586,2.7051531042441397
32,33.92582015219898,-1.9258201521989804
2,2.2068516823781508,-0.20685168237815077
21,17.00185543762662,3.99814456237338
24,26.0015917895451,-2.001591789545099
51,43.85364411816194,7.146355881838062
44,44.23710451164316,-0.23710451164316027
24,29.329941417634792,-5.329941417634792
20,20.38563814890399,-0.38563814890398973
8,9.019706536776656,-1.0197065367766562
22,24.240857830880916,-2.240857830880916
61,58.77599058068005,2.224009419319948
0,0.7491132483400524,-0.7491132483400524
11,17.383068876970214,-6.3830688769702135
1,1.828468501675345,-0.828468501675345
18,17.86296307493213,0.13703692506787135
19,14.78162875312219,4.21837124687781
42,50.036832175407795,-8.036832175407795
47,46.767100345207865,0.23289965479213492
34,32.62599823325802,1.3740017667419835
0,0.2780911998986492,-0.2780911998986492
0,1.9623663590540914,-1.9623663590540914
39,38.05571574173116,0.9442842582688371
63,62.00206554615783,0.9979344538421699
57,53.03974635125185,3.96025364874815
67,42.93406232760364,24.06593767239636
44,43.911982838373945,0.08801716162605544
52,50.35502406263141,1.6449759373685922
60,51.50459557847056,8.495404421529443
27,26.604842075652304,0.39515792434769637
73,69.16699224317884,3.8330077568211607
39,32.98526722414409,6.0147327758559115
57,50.87095315141787,6.129046848582128
69,54.63629531359397,14.363704686406031
40,42.64590517978966,-2.645905179789658
76,42.57331628043817,33.42668371956183
39,44.23686010658085,-5.236860106580849
75,29.906856739976924,45.093143260023076
37,36.197332454229404,0.8026675457705963
30,29.41698648761633,0.583013512383669
79,74.49722399289983,4.502776007100167
37,37.42377376475387,-0.42377376475386797
77,46.08684011297994,30.913159887020058
72,38.355192661186315,33.644807338813685
45,45.18277064395686,-0.18277064395685727
68,66.05141299398106,1.9485870060189399
46,44.02524814983813,1.9747518501618728
45,58.826575125827034,-13.826575125827034
37,35.99062130988968,1.0093786901103172
64,62.75159970707117,1.248400292928828
0,30.101549060127986,-30.101549060127986
59,52.76138936846808,6.23861063153192
0,23.54381989565018,-23.54381989565018
41,43.32673525683037,-2.326735256830368
69,68.3987662030909,0.6012337969090993
48,45.00194903679623,2.9980509632037666
0,3.147596396344672,-3.147596396344672
0,52.191246682455635,-52.191246682455635
26,34.71103910352413,-8.71103910352413
75,53.00589395994453,21.99410604005547
42,42.20947354877631,-0.20947354877630886
66,55.77842141182395,10.221578588176051
31,21.763975142738172,9.236024857261828
0,0.3163371873969061,-0.3163371873969061
15,14.403893326207728,0.5961066737922724
58,35.750663927468096,22.249336072531904
39,34.28252397586606,4.717476024133937
45,47.7393512886349,-2.7393512886349
32,29.36951904795366,2.630480952046341
0,51.82893735780987,-51.82893735780987
47,61.4295662171503,-14.429566217150303
42,55.51615288086287,-13.516152880862869
37,29.428375237865044,7.571624762134956
47,48.04370642959116,-1.0437064295911611
0,12.0118705483123,-12.0118705483123
0,2.3852506409207446,-2.3852506409207446
70,65.66395379310576,4.336046206894238
29,38.94012474262586,-9.940124742625862
41,38.741046284725904,2.258953715274096
52,39.01432183953833,12.985678160461667
51,55.0772443168827,-4.077244316882698
14,28.499898981126172,-14.499898981126172
0,26.710179104437145,-26.710179104437145
14,17.844551390553182,-3.844551390553182
48,44.72952916426835,3.2704708357316505
41,37.34378190424808,3.6562180957519175
41,37.801807785098134,3.198192214901866
14,36.904026179175766,-22.904026179175766
43,46.1924049457676,-3.192404945767599
66,57.04176914222091,8.958230857779093
35,34.357959369045496,0.6420406309545044
42,54.607387391631036,-12.607387391631036
23,24.63585864811751,-1.6358586481175088
0,2.1051179496762242,-2.1051179496762242
33,33.19252844786235,-0.19252844786235102
72,49.702233163432325,22.297766836567675
42,36.44303030551073,5.556969694489268
21,21.19875735333185,-0.19875735333184963
76,55.02752312323326,20.97247687676674
51,53.22014074867122,-2.22014074867122
3,12.329229625164022,-9.329229625164022
1,1.4727547537596273,-0.4727547537596273
53,39.370830566181816,13.629169433818184
55,44.829021201263586,10.170978798736414
50,36.47026757437123,13.529732425628772
35,42.388213546012324,-7.388213546012324
3,4.496853448580484,-1.4968534485804836
0,5.051493735561902,-5.051493735561902
16,10.910189898827038,5.0898101011729615
23,20.86339386226291,2.1366061377370897
0,0.6909185623210072,-0.6909185623210072
0,1.3133338771225371,-1.3133338771225371
6,6.901519447524603,-0.9015194475246027
40,13.552287712591427,26.44771228740857
38,35.64930688993492,2.3506931100650803
24,18.549755993640023,5.450244006359977
1,61.31692425301473,-60.31692425301473
30,44.99831525827469,-14.998315258274687
50,46.39357617899858,3.606423821001421
0,18.381836474953936,-18.381836474953936
10,10.257384735085887,-0.25738473508588733
57,58.85346703279506,-1.8534670327950593
44,13.322538168682325,30.677461831317675
70,61.557892210396524,8.442107789603476
23,22.76719871669457,0.23280128330543093
80,51.8768672086449,28.123132791355097
60,58.36479717726383,1.6352028227361686
39,44.56584940987919,-5.565849409879192
2,15.642476867102019,-13.642476867102019
60,44.848224028950426,15.151775971049574
0,5.2879251096620665,-5.2879251096620665
34,34.67246525945988,-0.6724652594598766
20,19.910992901959485,0.08900709804051488
57,50.0231636192342,6.976836380765803
34,35.755418699768235,-1.755418699768235
49,27.72284175077204,21.27715824922796
69,69.89690208659114,-0.8969020865911403
0,12.192934001052203,-12.192934001052203
83,67.34393946336313,15.656060536636872
0,0.4570710408667539,-0.4570710408667539
48,46.809425530759064,1.1905744692409357
11,5.161600030655186,5.838399969344814
29,25.01923612185974,3.980763878140259
4,5.244362120745057,-1.2443621207450573
0,9.563478910208774,-9.563478910208774
51,48.25299232962147,2.7470076703785296
43,36.247366623392125,6.752633376607875
0,16.378220823702144,-16.378220823702144
12,10.349564189380228,1.650435810619772
0,0.14412032299475258,-0.14412032299475258
55,50.056526272194276,4.943473727805724
0,5.403082080262906,-5.403082080262906
40,40.6308738589106,-0.6308738589105971
52,18.070051513140754,33.929948486859246
43,46.41448042090541,-3.414480420905413
7,32.026773021828184,-25.026773021828184
0,7.445214443073125,-7.445214443073125
53,49.73081864997779,3.269181350022208
3,16.20707935346653,-13.20707935346653
0,0.48794069329636025,-0.48794069329636025
51,54.398742469705816,-3.398742469705816
9,8.499823424519342,0.5001765754806584
26,6.533623557132792,19.466376442867208
13,13.156249202452807,-0.15624920245280727
2,3.328766472770815,-1.3287664727708148
42,56.03072951291129,-14.030729512911293
28,32.71924853909744,-4.719248539097443
43,38.708602349483606,4.291397650516394
61,43.64740307503408,17.352596924965923
61,53.00360867012953,7.99639132987047
17,20.878239640378908,-3.878239640378908
54,51.89522980763019,2.1047701923698128
83,73.87433810932308,9.125661890676923
0,7.476330109165453,-7.476330109165453
68,61.52013484799479,6.47986515200521
51,39.78864037879491,11.21135962120509
38,38.88851696143025,-0.8885169614302484
38,28.925157972995176,9.074842027004824
0,5.793392868625129,-5.793392868625129
68,71.83124352376235,-3.831243523762353
76,71.4938668973554,4.506133102644597
41,57.50646548698691,-16.50646548698691
13,12.918938003656638,0.08106199634336164
63,54.838384409983064,8.161615590016936
0,4.785008202844928,-4.785008202844928
63,64.50919785920316,-1.5091978592031552
77,75.92620361805474,1.0737963819452574
32,46.877775778597496,-14.877775778597496
57,58.6223762836024,-1.6223762836023994
32,28.638465375579095,3.361534624420905
40,42.07629964889259,-2.0762996488925936
43,43.1027310703753,-0.10273107037529883
0,4.467187664004485,-4.467187664004485
62,63.30363111146563,-1.3036311114656272
2,16.717641582544,-14.717641582544001
43,45.40606089094612,-2.4060608909461223
22,27.930371848004256,-5.930371848004256
35,35.052367996054045,-0.05236799605404485
34,18.28786116926758,15.712138830732421
40,42.343396671238814,-2.343396671238814
52,43.218259105992004,8.781740894007996
58,55.14736863462688,2.852631365373121
6,9.984206531307587,-3.9842065313075867
49,51.31033234537424,-2.310332345374242
45,24.01123128771487,20.98876871228513
51,51.02214663558383,-0.022146635583830232
53,46.16131013212723,6.838689867872773
39,40.601771569271634,-1.6017715692716337
53,53.32349715180135,-0.3234971518013481
65,81.63100235706526,-16.631002357065256
44,41.08948907063046,2.9105109293695435
17,6.723387394979541,10.276612605020459
28,27.816192663546943,0.18380733645305725
51,47.89942937010832,3.1005706298916778
60,65.2233970486835,-5.223397048683495
66,22.565643288714718,43.43435671128528
32,36.480806740876005,-4.480806740876005
81,72.69168336178892,8.308316638211082
57,13.241149455741692,43.75885054425831
0,0.7718716997775897,-0.7718716997775897
49,41.08743107298439,7.912568927015613
0,29.16365793359591,-29.16365793359591
31,26.1129674239184,4.887032576081602
0,1.3182444988071065,-1.3182444988071065
56,45.068268343481385,10.931731656518615
15,15.218061392443008,-0.21806139244300837
0,46.09335271840918,-46.09335271840918
46,30.52155870117553,15.478441298824471
67,41.68944203912841,25.31055796087159
30,23.22490817061813,6.775091829381871
69,52.745976296738675,16.254023703261325
65,64.33026020377237,0.6697397962276312
80,66.56552632453966,13.434473675460339
42,42.04069321775485,-0.0406932177548498
24,24.060085353794236,-0.06008535379423563
44,42.863661035338225,1.1363389646617748
17,9.030371653604082,7.969628346395918
6,7.657926746501556,-1.6579267465015564
62,56.23462881661687,5.765371183383131
51,50.91450578426024,0.08549421573975735
0,0.21084677028279525,-0.21084677028279525
44,51.38086729184331,-7.380867291843309
54,47.48313363348061,6.5168663665193876
0,5.671090236389112,-5.671090236389112
18,25.081857539283394,-7.081857539283394
31,28.12521183652599,2.8747881634740082
17,32.40390733029307,-15.403907330293073
34,33.12470781446294,0.875292185537063
71,60.12797277961437,10.872027220385633
67,61.47786239834529,5.522137601654713
36,0.09318696411221393,35.90681303588779
27,27.226386831470233,-0.22638683147023286
27,27.33493738383564,-0.33493738383564065
49,47.345251931261316,1.6547480687386837
1,35.70837296546744,-34.70837296546744
43,42.75572288516295,0.24427711483704684
37,45.81534109128334,-8.815341091283337
54,53.02494399043582,0.9750560095641774
51,54.37954256947729,-3.3795425694772874
27,23.418821535925414,3.5811784640745863
36,37.396618500612036,-1.3966185006120355
61,53.780336371150014,7.219663628849986
33,38.318132933383744,-5.318132933383744
48,41.18945249325773,6.810547506742267
33,35.33081663258288,-2.3308166325828807
0,0.20779741449844544,-0.20779741449844544
24,22.85457873723448,1.1454212627655203
31,37.88365927025009,-6.883659270250092
25,38.972345130215366,-13.972345130215366
20,19.41248549377655,0.5875145062234495
4,5.032684141513565,-1.032684141513565
33,32.96978560167493,0.030214398325071556
54,52.91635969231167,1.0836403076883272
18,17.946644534538798,0.053355465461201845
68,59.997608729944865,8.002391270055135
53,52.86993989611001,0.13006010388998845
17,16.432378955267765,0.5676210447322347
46,56.186148011940816,-10.186148011940816
41,37.79355475998892,3.206445240011078
66,72.91232407755783,-6.912324077557827
55,50.1272889807887,4.872711019211302
0,0.3843115170434758,-0.3843115170434758
72,62.13923929434778,9.860760705652218
8,8.180536027179269,-0.18053602717926864
45,44.70914650217902,0.2908534978209829
41,40.886774225121336,0.11322577487866425
20,22.148177435513126,-2.1481774355131265
37,46.446840761058766,-9.446840761058766
12,12.503476342939509,-0.5034763429395088
38,35.41086954467375,2.5891304553262486
34,24.758881468479036,9.241118531520964
61,59.26507472492055,1.7349252750794477
43,45.65804023516564,-2.658040235165643
38,40.09154309599931,-2.091543095999313
58,61.11202996418729,-3.1120299641872933
43,44.83021573304299,-1.8302157330429907
72,68.36543593461244,3.634564065387565
6,6.797570582965925,-0.7975705829659248
50,50.19419905685939,-0.19419905685938943
44,48.48065901621819,-4.4806590162181905
38,42.06719631421547,-4.067196314215472
35,35.4832652444847,-0.48326524448469854
36,32.20740660083824,3.7925933991617597
0,0.1738258295088884,-0.1738258295088884
56,45.12194708899273,10.878052911007273
44,43.73446432536409,0.2655356746359132
31,34.41951483856164,-3.419514838561639
40,41.64127507261718,-1.6412750726171765
0,5.910123034930419,-5.910123034930419
71,70.28956653467411,0.7104334653258917
61,41.647950141180075,19.352049858819925
39,36.97816274440608,2.0218372555939226
18,18.334846595259663,-0.33484659525966265
50,55.2748959941428,-5.274895994142803
54,55.644413594022105,-1.6444135940221045
15,15.302407075742751,-0.3024070757427513
45,45.856021134234744,-0.8560211342347444
32,24.41431642480803,7.585683575191968
0,15.78125785459794,-15.78125785459794
58,58.68151246980787,-0.6815124698078705
39,32.71476831031131,6.285231689688693
53,58.6474534432827,-5.6474534432827
0,48.56004092339095,-48.56004092339095
58,59.387535470296136,-1.387535470296136
79,76.42275347292303,2.5772465270769658
0,0.30265390218157423,-0.30265390218157423
42,40.0407631708538,1.9592368291461995
68,45.20876981599918,22.791230184000817
45,34.90206046864487,10.09793953135513
63,79.23113169302674,-16.23113169302674
60,67.40111789803609,-7.401117898036091
69,71.78700229613143,-2.7870022961314334
65,58.75998486865246,6.2400151313475405
44,44.68228405073046,-0.6822840507304591
0,0.06816086738767152,-0.06816086738767152
41,40.10235890598709,0.8976410940129114
59,4.861992312765506,54.13800768723449
42,35.375891237428,6.624108762572
0,7.0485503272914265,-7.0485503272914265
47,45.26555763808656,1.7344423619134375
35,46.552928081403444,-11.552928081403444
41,55.58128869931937,-14.581288699319373
56,38.22089093606078,17.779109063939217
41,28.990887401842897,12.009112598157103
75,72.15074960578958,2.849250394210415
38,33.51360191762122,4.486398082378777
13,13.6664363970946,-0.6664363970945999
29,28.40963801044988,0.5903619895501215
34,39.188132744102745,-5.188132744102745
8,15.530222361103663,-7.530222361103663
44,43.779556601260914,0.2204433987390857
39,39.69628904038948,-0.6962890403894804
23,22.96109529989268,0.03890470010732017
46,37.939928614012985,8.060071385987015
7,18.57878243856573,-11.578782438565732
0,4.779970449558079,-4.779970449558079
4,4.834717050327852,-0.8347170503278516
30,32.53384098504496,-2.533840985044961
11,11.502931820491767,-0.5029318204917672
0,26.960727280994064,-26.960727280994064
28,34.88936460538817,-6.889364605388167
0,44.96983215693868,-44.96983215693868
0,0.13508930931611343,-0.13508930931611343
64,36.250411730761776,27.749588269238224
49,45.95347452809478,3.0465254719052197
34,31.12175372206667,2.8782462779333287
9,12.11809429557172,-3.1180942955717192
45,41.09041472978148,3.909585270218521
27,36.63532528662153,-9.63532528662153
44,42.46614071791168,1.5338592820883221
30,28.941227479748278,1.058772520251722
21,21.121694797619163,-0.12169479761916335
34,39.343360623847104,-5.343360623847104
56,50.89958145144073,5.100418548559269
37,54.092157969338245,-17.092157969338245
46,38.608950219255384,7.391049780744616
66,51.93928680404543,14.06071319595457
49,57.209915717053306,-8.209915717053306
69,73.18485616486291,-4.184856164862907
30,30.244589887412726,-0.24458988741272591
46,47.73808942334144,-1.7380894233414423
61,49.9206115620702,11.0793884379298
0,8.930183722555908,-8.930183722555908
1,14.87921749528708,-13.87921749528708
50,45.5539338971664,4.446066102833598
40,39.383636034815204,0.6163639651847959
0,0.28925425603349525,-0.28925425603349525
12,11.61060805528382,0.38939194471618066
39,37.784599933538736,1.2154000664612639
41,38.38052259909597,2.6194774009040316
0,21.530907607927954,-21.530907607927954
44,45.4961077024479,-1.496107702447901
2,2.79504374366412,-0.7950437436641198
37,15.614421210324295,21.385578789675705
20,38.1210340817351,-18.121034081735097
43,31.252184040780893,11.747815959219107
5,14.719803136852267,-9.719803136852267
61,61.13875420916864,-0.13875420916863845
36,29.28980544746023,6.710194552539772
15,15.067075268762895,-0.06707526876289549
19,19.237691498270266,-0.2376914982702658
59,54.70037688200281,4.299623117997193
8,8.991826257591216,-0.9918262575912156
21,24.796436097788604,-3.796436097788604
60,55.27411092305449,4.7258890769455135
63,2.3589917161185663,60.64100828388143
16,16.66558706131192,-0.6655870613119212
61,63.72231274747187,-2.722312747471868
53,57.25288078119641,-4.25288078119641
15,16.8823765747528,-1.8823765747528007
22,23.114334450984412,-1.114334450984412
39,40.075948554216815,-1.075948554216815
75,70.47257471512323,4.52742528487677
73,61.90833889099493,11.091661109005067
6,56.94261839091491,-50.94261839091491
44,32.24731135025748,11.752688649742517
41,25.543200187952777,15.456799812047223
30,26.77139910842771,3.2286008915722917
0,49.57217202625505,-49.57217202625505
27,35.297999443574646,-8.297999443574646
57,43.38017689848655,13.619823101513447
56,41.714938704215,14.285061295784999
0,27.912061274255016,-27.912061274255016
28,34.42866815286645,-6.42866815286645
0,0.5192246661318827,-0.5192246661318827
21,19.682290498391776,1.317709501608224
77,69.66792593018539,7.33207406981461
34,22.76075079717565,11.23924920282435
0,17.104370356205248,-17.104370356205248
72,30.085740634831915,41.914259365168085
47,41.14521286333048,5.854787136669522
53,57.78782225835498,-4.7878222583549785
33,32.28714922510428,0.7128507748957205
47,46.48803969044488,0.5119603095551213
83,52.78196488437448,30.21803511562552
33,17.487707469372484,15.512292530627516
1,49.76395109163076,-48.76395109163076
66,72.20265939063813,-6.202659390638132
65,64.95681715826497,0.04318284173503173
0,6.647103258448669,-6.647103258448669
27,27.077926336708217,-0.07792633670821658
0,44.48311919594787,-44.48311919594787
4,27.528699181720214,-23.528699181720214
44,41.91375462517105,2.0862453748289482
81,69.19491851531605,11.805081484683953
0,2.098277915250993,-2.098277915250993
40,44.69269660155992,-4.692696601559923
70,45.91942699486056,24.080573005139442
0,21.267707343311177,-21.267707343311177
16,12.09597016628244,3.9040298337175603
20,23.634532090241215,-3.6345320902412155
84,54.47871419959966,29.521285800400342
42,51.62884682500992,-9.628846825009923
0,0.5199036263469254,-0.5199036263469254
21,20.883929268576203,0.11607073142379676
86,84.07559583410104,1.924404165898963
25,25.228605471897428,-0.22860547189742775
0,18.020403374039038,-18.020403374039038
49,41.463826535345305,7.536173464654695
69,42.86391758859771,26.136082411402292
0,0.766495898729948,-0.766495898729948
39,41.134052922525704,-2.1340529225257043
41,44.61959086432369,-3.6195908643236905
63,61.522561506285896,1.4774384937141036
61,74.23770783536993,-13.237707835369932
45,45.26498959527508,-0.2649895952750825
0,0.09897926756263051,-0.09897926756263051
0,8.397588906548256,-8.397588906548256
25,15.404516271697519,9.595483728302481
41,34.861063503630874,6.138936496369126
24,27.149506422569043,-3.1495064225690435
10,10.121631810130607,-0.12163181013060687
58,57.843313470943684,0.15668652905631575
8,8.40370375701833,-0.40370375701833083
51,49.98288628418095,1.0171137158190504
72,59.89668781966139,12.103312180338612
53,52.31308129524771,0.6869187047522871
0,1.8134859890014527,-1.8134859890014527
0,50.44645422446412,-50.44645422446412
77,68.98402169165294,8.015978308347059
0,0.017229858724704086,-0.017229858724704086
54,46.0772449635272,7.9227550364728
45,32.855434152475276,12.144565847524724
54,49.09801931941515,4.901980680584849
77,73.94788294678219,3.0521170532178132
27,26.73573228702692,0.26426771297307994
0,0.9139871011005032,-0.9139871011005032
48,49.73574092756563,-1.7357409275656295
43,39.86678402079282,3.133215979207179
58,45.44242395822036,12.55757604177964
39,38.058080201181106,0.9419197988188941
10,10.419489868483081,-0.41948986848308145
58,57.84784429970704,0.15215570029295833
72,70.03923809322075,1.960761906779254
10,11.390112746677627,-1.3901127466776266
83,68.17884585520831,14.821154144791691
43,39.20412417299711,3.795875827002888
39,37.46786819217303,1.5321318078269712
0,9.638416175661826,-9.638416175661826
59,46.368826387133275,12.631173612866725
0,0.1776728998378483,-0.1776728998378483
43,43.37743190489024,-0.37743190489023704
29,50.649649972326145,-21.649649972326145
61,56.53499947011999,4.465000529880008
67,65.25402402625531,1.7459759737446916
25,25.093651500131305,-0.09365150013130474
51,37.850801855859096,13.149198144140904
0,0.6438040195772154,-0.6438040195772154
39,39.56561860230479,-0.565618602304788
1,3.0123506263404964,-2.0123506263404964
3,27.304571373168063,-24.304571373168063
59,62.87063081318556,-3.8706308131855565
0,26.619803507761656,-26.619803507761656
45,36.761716961431375,8.238283038568625
56,47.15774242068007,8.842257579319927
10,10.299774619438573,-0.29977461943857264
1,7.34387428907103,-6.34387428907103
55,54.408451088531976,0.5915489114680241
0,14.959535010475705,-14.959535010475705
33,31.430418602225952,1.5695813977740478
41,44.86808510697756,-3.86808510697756
23,22.870851136380395,0.12914886361960498
48,47.024966724454266,0.9750332755457336
77,51.99509581994673,25.004904180053273
2,25.556334157807633,-23.556334157807633
66,64.00500827083624,1.9949917291637576
61,49.70317152953267,11.296828470467332
49,54.00858431634371,-5.008584316343708
50,34.66088652675447,15.339113473245533
26,25.64611766419046,0.35388233580954065
22,21.18962534943224,0.8103746505677591
0,0.6116138189418453,-0.6116138189418453
48,41.1916974494311,6.8083025505688965
72,66.87760868131767,5.122391318682332
30,13.375739518206856,16.624260481793144
58,49.61662127771384,8.38337872228616
0,0.01862330079734494,-0.01862330079734494
9,41.85886767732091,-32.85886767732091
47,38.3943733341213,8.605626665878702
18,10.821741136920192,7.178258863079808
29,29.62986450395443,-0.6298645039544297
51,54.27619877965819,-3.2761987796581877
1,0.7017815799744627,0.29821842002553733
34,38.041630670626574,-4.041630670626574
0,36.15621915736946,-36.15621915736946
0,6.579633532473577,-6.579633532473577
47,23.77295873646601,23.22704126353399
18,18.034990636828727,-0.03499063682872716
77,54.42492265603995,22.575077343960047
32,35.41937218897681,-3.4193721889768085
46,42.46570564571102,3.5342943542889813
46,33.450256919492986,12.549743080507014
65,65.12449506623135,-0.1244950662313471
21,18.98657867701423,2.0134213229857707
34,29.638235079528155,4.361764920471845
53,52.67657948649622,0.3234205135037769
52,36.346784062378376,15.653215937621624
0,0.30322386228966647,-0.30322386228966647
0,2.5951038032223597,-2.5951038032223597
49,65.3090731028724,-16.309073102872404
52,61.85559918908374,-9.85559918908374
54,47.703888738040476,6.296111261959524
0,4.632308641802219,-4.632308641802219
40,39.90819675813236,0.09180324186763755
0,28.86130325692246,-28.86130325692246
34,32.82069484884917,1.1793051511508281
15,36.902634224106244,-21.902634224106244
29,38.66604043575021,-9.666040435750212
59,40.003272786192305,18.996727213807695
4,5.168804652531082,-1.1688046525310822
51,36.64841949550036,14.351580504499637
0,0.14018312729652932,-0.14018312729652932
84,62.336705725321366,21.663294274678634
50,52.93057773984795,-2.930577739847948
6,17.584748224666086,-11.584748224666086
2,2.7048334685888884,-0.7048334685888884
35,36.15542322339444,-1.1554232233944433
12,11.29133792646277,0.70866207353723
0,0.137703507550701,-0.137703507550701
39,58.68570043475574,-19.685700434755738
66,66.48480665751714,-0.48480665751714014
54,45.1415408469158,8.858459153084198
54,66.46282111738421,-12.462821117384209
38,38.804916603072385,-0.8049166030723853
51,43.162415356083606,7.837584643916394
0,28.853518483841693,-28.853518483841693
49,46.12989365249909,2.870106347500908
50,40.41013846825566,9.58986153174434
1,28.586978870548112,-27.586978870548112
0,0.08615452832280235,-0.08615452832280235
72,52.35362956501366,19.646370434986338
50,31.72841601870004,18.27158398129996
69,65.84110295383903,3.1588970461609733
36,36.73304541957836,-0.7330454195783602
60,61.44844248945099,-1.44844248945099
36,43.92635870044165,-7.9263587004416465
0,5.525389992974562,-5.525389992974562
0,0.647032413989802,-0.647032413989802
1,1.3353953352738064,-0.3353953352738064
37,36.57427252232324,0.4257274776767588
13,12.271548167649637,0.7284518323503626
62,11.80112427843196,50.198875721568044
85,71.613667317248,13.386332682751998
21,23.39609348797087,-2.3960934879708695
65,54.70496219962702,10.295037800372981
45,47.649199979959356,-2.6491999799593557
5,3.015715052185181,1.9842849478148188
45,46.05507864766854,-1.0550786476685374
0,0.5982819299705676,-0.5982819299705676
66,23.389731073040455,42.61026892695955
66,67.35557521869596,-1.3555752186959609
44,43.68279216464357,0.3172078353564274
39,44.02524814983813,-5.025248149838127
16,26.33328858110874,-10.33328858110874
71,72.66522112645778,-1.66522112645778
75,61.99585614939918,13.00414385060082
4,44.24258827804882,-40.24258827804882
19,18.84294973563188,0.1570502643681202
0,45.507432143840155,-45.507432143840155
59,53.461690554206044,5.538309445793956
36,35.85639256245831,0.14360743754168936
36,36.788764044130765,-0.7887640441307653
56,48.3924590127847,7.607540987215302
10,13.186875173703234,-3.1868751737032337
70,65.78446750864937,4.215532491350629
54,56.81362506437407,-2.8136250643740723
64,51.6261594995974,12.3738405004026
44,36.80674810251192,7.193251897488082
76,67.12862940415492,8.871370595845079
47,47.374749247873574,-0.37474924787357367
23,26.742848134773645,-3.742848134773645
47,46.966184502540145,0.03381549745985524
0,0.33059093528613925,-0.33059093528613925
64,56.62943610877336,7.370563891226638
17,18.546064106587483,-1.5460641065874832
5,40.20088413987849,-35.20088413987849
0,8.930078412423773,-8.930078412423773
37,42.762226755595776,-5.762226755595776
11,11.378142754177617,-0.3781427541776168
52,69.21899664889474,-17.218996648894745
79,69.49773683628223,9.502263163717771
51,55.98359010921387,-4.983590109213871
49,39.71402985918872,9.28597014081128
49,47.74033884357513,1.259661156424869
11,45.90492289829357,-34.90492289829357
70,69.85150351444439,0.14849648555561146
62,50.49802534885985,11.501974651140152
41,29.995838539199603,11.004161460800397
0,26.915036697784892,-26.915036697784892
32,31.11052003449686,0.8894799655031385
53,41.141243772600816,11.858756227399184
6,6.096306584707213,-0.09630658470721265
2,3.235023299489255,-1.2350232994892552
43,38.708602349483606,4.291397650516394
37,35.70348586108009,1.2965141389199104
24,24.984314394807935,-0.9843143948079351
7,10.332979494495024,-3.3329794944950244
29,26.4092704911699,2.5907295088301012
0,34.95060009388735,-34.95060009388735
0,28.97197282589897,-28.97197282589897
22,16.846130820873977,5.153869179126023
49,52.40276924851878,-3.40276924851878
19,17.800156010314804,1.1998439896851956
62,44.443896171686,17.556103828314
10,30.336980490565818,-20.336980490565818
32,17.764584592960688,14.235415407039312
56,64.12819062262058,-8.12819062262058
24,31.97212404065989,-7.972124040659889
0,33.66137707422862,-33.66137707422862
0,26.04840375634662,-26.04840375634662
49,47.3107380997921,1.689261900207903
51,45.17053077715446,5.829469222845539
24,31.80424372087191,-7.804243720871909
38,43.050290786223904,-5.050290786223904
26,39.85892292129473,-13.858922921294727
54,51.64905987461999,2.3509401253800135
30,53.38574765995818,-23.385747659958177
41,46.28439337492658,-5.28439337492658
70,64.18323817742122,5.816761822578783
0,1.1253979220474066,-1.1253979220474066
31,30.858868972413706,0.1411310275862938
0,8.651172675692822,-8.651172675692822
32,31.730471682505133,0.26952831749486705
71,38.311940098056446,32.688059901943554
0,63.17684309599172,-63.17684309599172
54,64.13957815788415,-10.139578157884145
73,69.0313468073217,3.9686531926783033
56,41.0592994745115,14.940700525488502
67,69.80292232022302,-2.8029223202230185
38,37.84569809248479,0.15430190751521167
72,69.6730075841793,2.3269924158206976
64,59.45879711068471,4.5412028893152865
74,10.45248065871809,63.54751934128191
48,48.35526638392835,-0.3552663839283525
43,10.23993032665113,32.760069673348866
58,55.220345235661455,2.779654764338545
49,36.576971439368855,12.423028560631145
29,9.743342283842189,19.25665771615781
50,48.814325021573836,1.1856749784261638
81,74.41949364372593,6.580506356274071
32,45.0807165621857,-13.0807165621857
70,62.71035640776969,7.289643592230313
54,25.693085662306796,28.306914337693204
45,46.701334633658334,-1.701334633658334
0,2.8964706828193396,-2.8964706828193396
33,40.54409489138306,-7.544094891383061
43,40.88739423398991,2.112605766010091
70,75.83096708642765,-5.830967086427648
0,8.146904641576608,-8.146904641576608
66,69.29401724033612,-3.2940172403361174
47,51.02214663558383,-4.02214663558383
62,61.78188989111287,0.21811010888713156
47,43.47368349072208,3.526316509277919
16,14.86814109201048,1.1318589079895194
31,34.87777933110404,-3.877779331104037
35,36.7525244409844,-1.752524440984402
58,69.67845018744795,-11.67845018744795
3,18.50417850365162,-15.50417850365162
6,7.462932407833358,-1.4629324078333577
82,74.14336152568683,7.856638474313172
14,26.912785367193262,-12.912785367193262
3,3.203614379749838,-0.2036143797498382
62,69.08826527991803,-7.0882652799180335
3,5.492721372419992,-2.492721372419992
0,9.167274648006988,-9.167274648006988
34,34.74362668139492,-0.7436266813949217
66,33.62150625694085,32.37849374305915
55,43.60483959754584,11.39516040245416
13,13.102171137169973,-0.10217113716997339
52,46.46937325068185,5.530626749318152
61,38.177294221624116,22.822705778375884
53,56.87287089569265,-3.8728708956926496
12,13.853121815675854,-1.8531218156758538
30,28.482806016352615,1.5171939836473847
17,19.49828321150483,-2.4982832115048303
32,31.460583615633638,0.539416384366362
40,38.65912272710223,1.340877272897771
20,30.247574482873073,-10.247574482873073
38,24.211355481727473,13.788644518272527
16,24.575312266104046,-8.575312266104046
31,36.6466052386386,-5.6466052386386
66,66.28376449855982,-0.2837644985598189
50,49.22697818354819,0.7730218164518092
33,25.10665457153173,7.893345428468269
54,49.15212407256065,4.847875927439347
31,40.69330592894851,-9.693305928948512
7,11.126092099464604,-4.1260920994646035
58,57.227489184011766,0.7725108159882339
33,26.125365721037923,6.874634278962077
43,33.119430333291994,9.880569666708006
60,49.063085047349446,10.936914952650554
81,46.738536395668,34.261463604332
23,37.03496189855819,-14.034961898558187
30,30.050606180225042,-0.05060618022504215
65,63.85233881498365,1.1476611850163465
46,45.0565095971848,0.9434904028152005
0,0.4888258716243418,-0.4888258716243418
0,11.666408868433775,-11.666408868433775
37,22.45097775414552,14.54902224585448
49,38.37821537418231,10.62178462581769
68,34.89815563510228,33.10184436489772
1,1.5127623166372908,-0.5127623166372908
0,20.85505844973495,-20.85505844973495
37,36.87405132850969,0.1259486714903133
24,71.77922984666631,-47.77922984666631
0,22.768694225578944,-22.768694225578944
0,0.19284077892325316,-0.19284077892325316
59,56.34974453065906,2.650255469340941
0,0.051921274601686974,-0.051921274601686974
49,47.306592326061605,1.6934076739383954
1,8.58893451187916,-7.58893451187916
0,23.738418370697694,-23.738418370697694
53,38.86556113768151,14.13443886231849
52,52.47211868710279,-0.4721186871027925
46,52.18934986137005,-6.189349861370047
45,44.64021249731512,0.35978750268488113
25,46.78993083199401,-21.789930831994013
34,31.54796184062477,2.452038159375231
51,27.724849288912274,23.275150711087726
0,0.45614329351442756,-0.45614329351442756
26,25.610881906642785,0.38911809335721514
11,11.22716837430379,-0.22716837430379044
70,32.693585291594154,37.306414708405846
41,58.23945961916514,-17.23945961916514
22,34.703602284276556,-12.703602284276556
31,21.418185801382737,9.581814198617263
0,12.377790714742583,-12.377790714742583
1,1.8740537029468287,-0.8740537029468287
70,33.55410593118821,36.44589406881179
61,52.474151584039774,8.525848415960226
58,68.08338327152724,-10.08338327152724
66,66.08492327253653,-0.08492327253652832
67,65.1307951658086,1.8692048341913932
0,12.094215097726325,-12.094215097726325
0,3.7246146365343287,-3.7246146365343287
65,61.302814430052365,3.697185569947635
28,30.308702399587695,-2.3087023995876947
30,7.990043265091278,22.009956734908723
33,39.59093777750816,-6.5909377775081595
0,12.282712451938528,-12.282712451938528
54,51.07674263534673,2.923257364653267
38,44.99059189811637,-6.990591898116371
40,34.987909558088226,5.0120904419117736
16,16.47401596349679,-0.47401596349678954
28,29.495437697824038,-1.4954376978240376
57,56.221383316948156,0.778616683051844
26,30.79969242160422,-4.79969242160422
66,65.58422001696074,0.4157799830392577
72,80.06848593481293,-8.068485934812927
0,2.219694614282243,-2.219694614282243
54,48.61442064011115,5.385579359888851
0,0.3163371873969061,-0.3163371873969061
78,71.4667752789428,6.533224721057195
62,66.46282111738421,-4.462821117384209
46,46.457244771338054,-0.4572447713380541
59,48.85642058553999,10.143579414460007
39,40.227044231483085,-1.2270442314830845
63,61.19944166269096,1.8005583373090417
20,19.701643679867093,0.2983563201329069
65,62.11387731685273,2.8861226831472706
88,67.74976077729855,20.250239222701452
58,57.78050394722549,0.21949605277450956
30,29.39171621856863,0.6082837814313713
75,78.01001293067529,-3.0100129306752876
63,63.16901893673368,-0.16901893673367852
0,24.79379054359016,-24.79379054359016
44,41.686962925960486,2.3130370740395136
49,51.83050953203101,-2.8305095320310087
48,38.19220751686162,9.807792483138378
10,10.724052418612917,-0.7240524186129171
47,44.990323996169664,2.009676003830336
43,45.75870713716615,-2.758707137166148
78,57.74190543526504,20.25809456473496
63,63.12989241748121,-0.1298924174812086
70,63.26952217113441,6.730477828865588
27,23.715475187326433,3.284524812673567
40,40.24634091309082,-0.24634091309081896
42,26.1132730741674,15.886726925832601
59,26.863848340767657,32.13615165923234
69,67.79091363152452,1.2090863684754822
9,7.178502823842327,1.8214971761576733
26,12.915448345055538,13.084551654944462
80,79.17401520329051,0.8259847967094913
73,70.26071094567774,2.7392890543222563
61,56.72542175274133,4.274578247258667
79,71.13635907579445,7.863640924205555
2,56.14847766416675,-54.14847766416675
77,55.12432895948034,21.875671040519663
0,32.72167006297597,-32.72167006297597
55,52.24026483792921,2.7597351620707897
3,4.012534383770012,-1.0125343837700118
20,23.57219108022362,-3.5721910802236216
51,46.040609524601514,4.959390475398486
26,25.49161059029277,0.508389409707231
20,19.90001197577478,0.09998802422521891
48,47.07923990547949,0.9207600945205101
18,42.822556076195156,-24.822556076195156
48,47.13635323764117,0.8636467623588331
44,24.097237243095314,19.902762756904686
60,57.21692733890496,2.7830726610950407
32,31.926726282721813,0.07327371727818743
46,42.54230548825386,3.4576945117461406
0,0.0798849489571139,-0.0798849489571139
56,8.728955917040404,47.2710440829596
84,63.33657004728809,20.66342995271191
20,19.290159031537993,0.7098409684620073
58,58.07165826611569,-0.0716582661156906
33,40.172487450413264,-7.172487450413264
65,58.651054452810484,6.3489455471895155
0,23.459448468624814,-23.459448468624814
0,12.856035122558303,-12.856035122558303
34,36.09742324013598,-2.0974232401359814
75,71.0369439087652,3.9630560912348045
62,56.30515238624552,5.694847613754483
29,28.34598199916342,0.6540180008365795
62,61.15102583710767,0.8489741628923326
40,29.95029106177644,10.04970893822356
24,13.504521476220075,10.495478523779925
56,56.65337781373504,-0.653377813735041
85,81.24558301651784,3.754416983482159
0,0.04099165439371625,-0.04099165439371625
35,35.112312801221,-0.11231280122100173
40,5.338723607324153,34.661276392675845
24,27.238543969840833,-3.2385439698408334
50,47.81774233130207,2.182257668697929
73,72.63051484086257,0.36948515913742597
5,5.2900317081224,-0.29003170812239976
61,57.814962382149126,3.185037617850874
59,54.84353856189621,4.15646143810379
33,31.944855383423224,1.0551446165767757
61,54.15154982671154,6.848450173288462
15,17.358694140379296,-2.3586941403792956
27,37.182363434868726,-10.182363434868726
11,51.17122564628155,-40.17122564628155
0,57.174424567599765,-57.174424567599765
0,0.718739378524035,-0.718739378524035
35,36.087133301580046,-1.087133301580046
11,10.770634802338176,0.22936519766182428
4,8.315278197017934,-4.315278197017934
43,17.73698543949456,25.26301456050544
0,0.06439072881225553,-0.06439072881225553
36,46.14875228251365,-10.148752282513648
54,35.51984246907518,18.48015753092482
51,44.85149281615371,6.1485071838462915
34,40.68958885249672,-6.689588852496719
1,1.043989148721061,-0.04398914872106108
18,7.018980354444154,10.981019645555847
47,44.517905167796734,2.4820948322032663
29,28.876946510778716,0.12305348922128445
19,18.960276567423403,0.03972343257659716
38,38.906599570699015,-0.9065995706990151
34,34.32193607619805,-0.32193607619804965
25,48.83133215755146,-23.831332157551458
3,31.235666559048916,-28.235666559048916
48,61.69301842913191,-13.69301842913191
53,40.418003767998975,12.581996232001025
18,17.902447455367515,0.0975525446324852
0,2.029485349837165,-2.029485349837165
33,38.663364882345114,-5.663364882345114
0,7.374312855744948,-7.374312855744948
0,6.885967545164308,-6.885967545164308
49,49.53947059486555,-0.5394705948655485
0,12.069316541610354,-12.069316541610354
62,61.53327440965961,0.4667255903403884
62,70.37338331596834,-8.37338331596834
42,39.24424769274745,2.75575230725255
27,27.25823940489862,-0.25823940489862096
44,33.9722813478315,10.027718652168502
72,65.62778612187073,6.372213878129273
39,52.79325823622104,-13.793258236221043
7,31.57799911371983,-24.57799911371983
41,27.87233130947644,13.12766869052356
0,3.9616391182900763,-3.9616391182900763
45,29.44580368772975,15.55419631227025
51,30.74862339716232,20.25137660283768
68,58.83561080219544,9.16438919780456
64,62.27000512420709,1.7299948757929116
0,2.803158593161506,-2.803158593161506
33,31.430418602225952,1.5695813977740478
27,25.48948834632692,1.5105116536730812
0,8.027355096369691,-8.027355096369691
67,41.79469489946244,25.205305100537558
32,24.309620317226535,7.6903796827734645
52,52.14257929442996,-0.14257929442995732
31,32.45226997941886,-1.4522699794188583
17,19.97104900141324,-2.9710490014132382
61,61.519940318780584,-0.5199403187805842
15,24.700627897880402,-9.700627897880402
23,33.7269879817452,-10.726987981745197
67,63.39539666256866,3.6046033374313424
69,55.27303223801813,13.726967761981868
35,46.9748617519646,-11.974861751964603
63,48.827182848300254,14.172817151699746
42,40.59799368252802,1.4020063174719795
47,37.754156903439224,9.245843096560776
0,12.608290543373107,-12.608290543373107
62,57.443167105979875,4.5568328940201255
51,34.24932594533976,16.750674054660237
0,31.452044421585864,-31.452044421585864
73,46.83742087399962,26.16257912600038
0,0.8124082669938174,-0.8124082669938174
11,10.799376426353662,0.20062357364633776
36,42.008939642767295,-6.008939642767295
49,37.939928614012985,11.060071385987015
74,69.41469672272731,4.585303277272686
54,46.208092540033036,7.791907459966964
60,49.724244297973534,10.275755702026466
57,63.873727127762194,-6.873727127762194
64,56.39556879351613,7.6044312064838735
67,52.21261489307148,14.787385106928518
43,43.24153308470203,-0.24153308470202717
65,44.584713109736526,20.415286890263474
8,9.549986458589364,-1.5499864585893643
2,22.414890519002487,-20.414890519002487
31,30.365700525132983,0.6342994748670172
30,20.26720386573094,9.732796134269059
85,67.60263695438736,17.397363045612636
46,45.8488322188024,0.1511677811976
38,40.316170460483875,-2.3161704604838746
0,13.025343487463847,-13.025343487463847
73,50.65373774300098,22.34626225699902
27,31.88857993750479,-4.88857993750479
23,28.902046207404563,-5.902046207404563
16,16.232984779712883,-0.23298477971288278
29,37.088164141524395,-8.088164141524395
24,30.759461239808047,-6.759461239808047
36,31.668828770823293,4.331171229176707
41,36.68177491477601,4.318225085223993
0,53.929698333925096,-53.929698333925096
17,17.114878209462756,-0.11487820946275562
31,29.752282239213503,1.2477177607864967
0,0.015215405196569439,-0.015215405196569439
1,14.098209126666578,-13.098209126666578
39,35.8248685137545,3.1751314862454976
47,43.183867854743866,3.816132145256134
51,55.92445315507506,-4.9244531550750565
33,18.910016917715776,14.089983082284224
33,31.592440107544906,1.4075598924550938
89,78.77570262348965,10.22429737651035
10,9.817751470141294,0.18224852985870577
75,59.356911031265135,15.643088968734865
66,77.0233767631623,-11.023376763162304
70,54.71271887980919,15.287281120190812
28,38.232891221250846,-10.232891221250846
59,22.597279214717904,36.4027207852821
33,46.9277470673169,-13.9277470673169
40,33.540310163559454,6.459689836440546
11,11.890577200362427,-0.8905772003624275
2,2.998286743757854,-0.9982867437578542
22,24.227996953050134,-2.227996953050134
5,22.439519712265703,-17.439519712265703
23,22.264611825981312,0.7353881740186878
20,20.093180862869342,-0.09318086286934246
53,43.7703790931702,9.229620906829801
50,58.15279277122606,-8.15279277122606
0,13.927156787466064,-13.927156787466064
55,54.62899708041176,0.3710029195882427
3,3.4605920743578693,-0.4605920743578693
20,20.278527280198567,-0.278527280198567
0,34.015876900097474,-34.015876900097474
36,36.405450280980155,-0.4054502809801548
45,47.831185492815166,-2.831185492815166
36,36.0669854975853,-0.06698549758529992
11,13.071141723426738,-2.071141723426738
29,26.202822373888864,2.797177626111136
21,21.108124389660507,-0.10812438966050664
47,45.00194903679623,1.9980509632037666
40,55.84746003210049,-15.847460032100493
61,38.460696435983074,22.539303564016926
71,53.826386329128596,17.173613670871404
46,59.42605558835549,-13.426055588355489
0,33.06336643500513,-33.06336643500513
22,26.64385298594421,-4.643852985944211
0,0.4047665510440163,-0.4047665510440163
38,36.3456902265256,1.6543097734744023
0,15.420150326423673,-15.420150326423673
45,44.955155338638775,0.04484466136122478
44,47.03799244220944,-3.0379924422094433
12,15.234558087148251,-3.234558087148251
57,61.95151107280627,-4.9515110728062695
44,43.64814257597336,0.35185742402664033
21,38.18250726978701,-17.18250726978701
6,14.683367483353134,-8.683367483353134
31,22.828033727695917,8.171966272304083
2,37.682307198540364,-35.682307198540364
2,22.414890519002487,-20.414890519002487
8,5.761586556403403,2.238413443596597
35,35.45273728723848,-0.4527372872384774
36,35.628727071322935,0.3712729286770653
19,26.6593103923505,-7.659310392350498
51,45.03740415995255,5.962595840047449
49,24.970761354397563,24.029238645602437
0,8.024572410171722,-8.024572410171722
61,49.02884983304562,11.97115016695438
31,42.79568037886538,-11.795680378865377
0,20.935885892715405,-20.935885892715405
62,61.922147826818964,0.07785217318103577
12,10.626424127089305,1.3735758729106955
38,44.60213295060748,-6.6021329506074835
20,11.767429002105725,8.232570997894275
1,33.89206345262378,-32.89206345262378
38,9.403950391070468,28.596049608929533
55,48.412367967336586,6.587632032663414
53,49.85740607771889,3.142593922281108
41,38.55244369660538,2.44755630339462
0,0.09187753826929083,-0.09187753826929083
68,67.57500002607927,0.42499997392073396
36,39.06327150693283,-3.0632715069328285
6,6.141138618648299,-0.14113861864829857
11,8.154414151801983,2.8455858481980165
80,76.72014380564855,3.279856194351453
77,64.75561504692631,12.244384953073691
1,36.177589001244165,-35.177589001244165
52,48.80070091187874,3.1992990881212577
22,21.80915902629607,0.19084097370393138
36,33.52007715110899,2.4799228488910074
24,24.046470160709372,-0.046470160709372266
0,0.6098018247831047,-0.6098018247831047
19,17.593098111575213,1.4069018884247875
56,54.51201777397635,1.4879822260236466
32,39.52827488569933,-7.528274885699332
28,27.980932447094112,0.019067552905887908
40,39.44648638833579,0.5535136116642079
0,3.7227459991529885,-3.7227459991529885
66,9.263371272660331,56.73662872733967
17,32.56113010346079,-15.56113010346079
58,64.7208494104942,-6.720849410494196
0,1.6434003136046667,-1.6434003136046667
21,24.054001835094784,-3.054001835094784
35,59.21670146031564,-24.21670146031564
0,12.681697809135093,-12.681697809135093
4,4.459171269738281,-0.45917126973828104
63,20.214960758409532,42.78503924159047
37,16.724779050838215,20.275220949161785
24,23.59806022356631,0.4019397764336894
44,49.87002087528944,-5.870020875289441
24,23.685141002097417,0.31485899790258287
78,75.74180673278612,2.2581932672138834
72,34.293772416486576,37.706227583513424
50,49.32551600817253,0.6744839918274721
18,23.498871122579022,-5.498871122579022
34,34.38417001260269,-0.3841700126026879
13,13.564403962747738,-0.564403962747738
40,47.53964900651556,-7.53964900651556
33,25.41329594952486,7.5867040504751415
53,45.82883721465855,7.171162785341451
69,62.24720910357882,6.752790896421182
94,68.16110480243276,25.83889519756724
81,60.05034506860179,20.949654931398207
60,53.68399564118612,6.316004358813878
38,25.543200187952777,12.456799812047223
0,46.46624987081588,-46.46624987081588
36,27.52209740526571,8.477902594734289
15,32.03161407663497,-17.031614076634973
10,12.239120014128286,-2.239120014128286
19,23.700206831215922,-4.700206831215922
50,55.58620095101031,-5.586200951010312
14,16.828333734986085,-2.828333734986085
48,37.37294449627134,10.627055503728663
48,48.66304227348109,-0.6630422734810892
34,38.13000554405633,-4.130005544056331
45,46.65353179163427,-1.653531791634272
28,32.54302893594656,-4.543028935946559
70,68.53170098753853,1.4682990124614719
32,28.408190659391764,3.5918093406082363
28,28.239870684194727,-0.23987068419472735
44,38.38850206912318,5.611497930876823
45,40.562983089428826,4.437016910571174
58,50.77008583446222,7.229914165537778
62,66.16904280842577,-4.169042808425772
67,60.60365071538732,6.396349284612683
53,44.74010324245505,8.25989675754495
41,25.518862428610312,15.481137571389688
61,65.42862629834143,-4.4286262983414275
0,0.9895587223639999,-0.9895587223639999
3,16.378220823702144,-13.378220823702144
0,0.0027859597447226314,-0.0027859597447226314
52,50.47082733535872,1.5291726646412798
65,47.25380347351087,17.74619652648913
60,60.30573812675566,-0.3057381267556565
46,42.42521533907922,3.574784660920777
21,8.864721361113116,12.135278638886884
5,17.2133079787719,-12.213307978771901
0,25.414263765928798,-25.414263765928798
2,2.91112757192616,-0.9111275719261598
62,48.66250389569976,13.337496104300243
83,70.33707070398998,12.66292929601002
78,75.92620361805474,2.0737963819452574
36,58.60980115729251,-22.60980115729251
33,33.41174870308194,-0.41174870308194045
0,0.5617339941667997,-0.5617339941667997
6,20.21819241746013,-14.21819241746013
34,47.7270864902659,-13.727086490265897
41,49.02195768153035,-8.021957681530353
40,37.84955247875652,2.1504475212434784
28,23.495134275426462,4.504865724573538
36,54.671991194268166,-18.671991194268166
54,58.66502591341702,-4.665025913417018
30,29.610106053354148,0.3898939466458522
55,54.81372160643501,0.1862783935649901
59,60.40232620085723,-1.4023262008572317
47,47.01281821517672,-0.012818215176721992
37,30.05214866628513,6.947851333714869
27,26.22419139640726,0.7758086035927398
39,39.623884390980095,-0.6238843909800948
33,34.15924946263824,-1.1592494626382432
52,51.12904454346621,0.8709554565337925
62,58.00352893290644,3.996471067093559
39,44.50964337753057,-5.509643377530573
45,46.68068534883152,-1.680685348831517
69,70.43106380803967,-1.4310638080396672
26,32.910087237577706,-6.910087237577706
0,1.5560873627454386,-1.5560873627454386
60,57.22085357902329,2.7791464209767085
55,47.846223372644054,7.1537766273559455
0,8.055872028036557,-8.055872028036557
44,46.850366322488775,-2.8503663224887745
0,21.660546727041563,-21.660546727041563
0,16.13718647691783,-16.13718647691783
31,36.068093685258724,-5.068093685258724
30,31.86807411576891,-1.8680741157689091
17,15.388627187028304,1.6113728129716964
46,39.19290052723352,6.807099472766481
51,46.58840050773321,4.411599492266788
22,21.851430322217503,0.14856967778249697
55,55.63300699331108,-0.6330069933110778
64,58.89290793435027,5.107092065649731
84,68.99470773553554,15.005292264464458
51,48.92594104856744,2.074058951432562
27,24.980806424623328,2.019193575376672
0,17.65080186931561,-17.65080186931561
26,28.608400662137498,-2.608400662137498
53,58.81234679854027,-5.812346798540268
0,9.064801659684536,-9.064801659684536
51,36.411387491799346,14.588612508200654
63,63.17713446830251,-0.177134468302512
35,31.914610561975906,3.0853894380240945
20,36.98733549780434,-16.987335497804338
65,65.23468005520438,-0.23468005520437885
65,53.955210787860615,11.044789212139385
60,47.73508517387093,12.264914826129072
25,24.049852564057378,0.9501474359426219
71,59.81406003119682,11.185939968803183
15,16.21189052306833,-1.2118905230683303
48,23.631247144388478,24.368752855611522
5,5.8363382072830365,-0.8363382072830365
66,61.20715752707377,4.792842472926232
42,30.738297517533653,11.261702482466347
33,15.289635961128027,17.710364038871973
31,28.60292167236539,2.3970783276346097
62,56.59264275389306,5.40735724610694
24,37.182363434868726,-13.182363434868726
23,21.531784074258482,1.468215925741518
0,13.869955117616216,-13.869955117616216
25,23.042844086018334,1.9571559139816657
0,4.253751137829415,-4.253751137829415
51,47.61757425086471,3.3824257491352867
0,0.022254950090001637,-0.022254950090001637
3,4.542273706820344,-1.5422737068203443
68,55.58458631860694,12.415413681393062
42,41.77214580966397,0.22785419033603205
54,46.39914951969742,7.600850480302583
30,31.21531906121284,-1.2153190612128384
57,38.60986517667908,18.39013482332092
10,15.929285033497845,-5.929285033497845
41,49.23938387076377,-8.239383870763767
3,3.501507660235838,-0.5015076602358381
33,36.409865679643744,-3.409865679643744
68,65.17576270149517,2.8242372985048263
78,75.84090407258921,2.159095927410789
0,0.0,0.0
40,37.91135268917297,2.088647310827028
8,8.365581073192613,-0.36558107319261346
17,18.926453299917025,-1.926453299917025
86,57.2858414125929,28.7141585874071
58,51.800125922493464,6.199874077506536
72,60.293954053434874,11.706045946565126
52,42.27835210794483,9.721647892055167
37,31.045884091044364,5.954115908955636
1,31.68904160974696,-30.68904160974696
36,30.204447420128606,5.795552579871394
51,47.71550225858392,3.2844977414160823
84,54.903130304995045,29.096869695004955
32,27.527102813013435,4.472897186986565
40,29.161460900991077,10.838539099008923
36,35.81276312879955,0.1872368712004473
39,39.71402985918872,-0.7140298591887202
43,58.93547269284489,-15.93547269284489
0,11.169894010945915,-11.169894010945915
0,25.693799723652845,-25.693799723652845
56,32.81510113350907,23.184898866490933
0,5.042600759850926,-5.042600759850926
56,48.578893380578386,7.421106619421614
71,50.25777326218647,20.74222673781353
20,19.44997117412117,0.5500288258788295
33,32.9146142754828,0.08538572451720228
9,9.37181381214843,-0.3718138121484298
0,0.5469903036140639,-0.5469903036140639
76,70.11180252315053,5.88819747684947
22,28.287598597063788,-6.287598597063788
52,45.038387260446825,6.961612739553175
60,76.38340440875643,-16.383404408756434
19,19.968011560209394,-0.9680115602093942
20,30.327388647013024,-10.327388647013024
49,40.30270545569358,8.697294544306423
37,37.13740814992338,-0.13740814992338102
43,35.83733047234945,7.16266952765055
7,6.894216667003159,0.1057833329968414
74,67.35799381180789,6.642006188192113
44,54.19421730006937,-10.194217300069369
41,41.4635298589502,-0.4635298589502028
47,45.47253573833699,1.5274642616630132
27,27.086397214968034,-0.08639721496803432
71,50.594783552129385,20.405216447870615
58,75.09187566235454,-17.09187566235454
58,34.989061914126324,23.010938085873676
40,38.750369423652636,1.2496305763473643
7,7.3708799342705,-0.3708799342704996
54,53.62979189153644,0.370208108463558
35,50.80976700948042,-15.809767009480417
34,33.189712094778976,0.8102879052210241
80,69.23267622906083,10.767323770939171
51,50.19649170625571,0.8035082937442866
45,45.11936216105789,-0.11936216105789299
23,22.273382659003047,0.7266173409969525
64,67.75575411440482,-3.755754114404823
0,39.759322517923664,-39.759322517923664
0,39.70898959752671,-39.70898959752671
81,59.12750989931076,21.87249010068924
59,64.81263849898511,-5.812638498985109
27,20.30800255814845,6.6919974418515515
0,41.405507087345505,-41.405507087345505
47,37.88931405899321,9.110685941006793
33,33.392062103139295,-0.39206210313929546
0,2.0523415067195576,-2.0523415067195576
59,61.30693537769048,-2.306935377690479
49,48.0373566983467,0.9626433016533014
3,53.70676898073576,-50.70676898073576
0,25.579002892659542,-25.579002892659542
14,14.197991810542739,-0.19799181054273873
0,2.433537822109914,-2.433537822109914
53,53.6930057312053,-0.6930057312052966
23,43.60432702701513,-20.60432702701513
45,32.081449609058964,12.918550390941036
0,6.863852396037338,-6.863852396037338
2,27.650602827789733,-25.650602827789733
26,18.291462160328226,7.708537839671774
68,44.00679727936832,23.99320272063168
67,57.4237371620662,9.576262837933797
42,31.11549439200419,10.88450560799581
33,17.363872824562424,15.636127175437576
33,26.962474047473055,6.037525952526945
55,58.69530147120362,-3.6953014712036207
39,29.924454072070503,9.075545927929497
26,46.172913119807056,-20.172913119807056
17,19.698684421261373,-2.6986844212613725
62,60.20202353148638,1.7979764685136175
60,55.662047949207974,4.337952050792026
68,61.079692378638285,6.920307621361715
49,48.057337291154326,0.942662708845674
0,63.06841089466718,-63.06841089466718
20,26.059034475825204,-6.059034475825204
0,37.39657273009572,-37.39657273009572
46,44.97481682737788,1.0251831726221212
68,26.597092357851903,41.402907642148094
6,13.129710579668332,-7.129710579668332
35,46.17502124236543,-11.175021242365432
66,47.477700177774324,18.522299822225676
53,36.72653603315013,16.273463966849867
0,22.009933104519416,-22.009933104519416
35,28.859405206605317,6.140594793394683
70,66.22942833271891,3.7705716672810894
0,10.821457639569514,-10.821457639569514
0,3.613640477450289,-3.613640477450289
36,36.4149177489442,-0.4149177489441982
16,13.026010584185464,2.973989415814536
27,31.095993634320553,-4.095993634320553
18,17.363914003297456,0.6360859967025441
3,16.503359515623302,-13.503359515623302
16,21.47975915093525,-5.4797591509352515
2,21.20129628593242,-19.20129628593242
41,41.07440064430954,-0.07440064430954152
59,50.503062183251245,8.496937816748755
32,31.673940147811546,0.3260598521884539
39,43.44751626326908,-4.44751626326908
19,9.695340566398297,9.304659433601703
30,56.1439096194488,-26.1439096194488
75,43.21201066497459,31.787989335025408
3,4.85827919282335,-1.8582791928233497
40,40.72269437268855,-0.7226943726885509
45,45.17408990779858,-0.17408990779858158
28,28.31590756518118,-0.3159075651811811
40,44.30575135310442,-4.305751353104419
1,2.803158593161506,-1.803158593161506
0,1.1961663625822259,-1.1961663625822259
65,59.66434757503712,5.3356524249628805
50,46.67540085776709,3.3245991422329126
0,32.04544084259856,-32.04544084259856
39,29.723294931524663,9.276705068475337
73,56.65420962160608,16.34579037839392
75,58.0893599499907,16.9106400500093
46,41.95153695347164,4.0484630465283615
68,61.72028297619084,6.279717023809162
0,0.313134348779673,-0.313134348779673
78,69.16699224317884,8.83300775682116
10,27.973339832879915,-17.973339832879915
59,53.48930308406921,5.510696915930787
68,51.97799811340153,16.022001886598467
0,33.33284918192676,-33.33284918192676
80,66.31607834790209,13.683921652097908
52,53.58593670484409,-1.5859367048440873
10,10.259108297501234,-0.25910829750123376
2,2.553074772379404,-0.5530747723794041
46,43.44464659102278,2.5553534089772185
83,72.80077354294264,10.199226457057364
54,44.70104368644702,9.298956313552978
75,55.180816970563704,19.819183029436296
17,18.01773691179075,-1.0177369117907489
38,33.91850730718581,4.081492692814187
20,22.94518150899638,-2.945181508996381
45,34.262082484907516,10.737917515092484
22,20.821566493082045,1.1784335069179548
70,73.09872253055471,-3.09872253055471
0,30.156956134529,-30.156956134529
64,63.70063590668222,0.29936409331777725
4,2.4220903529616975,1.5779096470383025
34,40.39566584582098,-6.395665845820979
50,39.96314149569438,10.03685850430562
53,35.86101050854893,17.13898949145107
67,56.626997245017236,10.373002754982764
28,26.742848134773645,1.257151865226355
72,67.60799804699633,4.392001953003671
71,43.569592826070696,27.430407173929304
29,23.76922264521356,5.23077735478644
0,6.925224069285624,-6.925224069285624
52,28.032902632521058,23.967097367478942
44,41.063158046132294,2.936841953867706
55,44.84546622376092,10.154533776239077
84,54.93001252234985,29.06998747765015
4,4.985182793137312,-0.9851827931373123
9,37.66873759654983,-28.668737596549832
19,8.75423467062694,10.24576532937306
64,58.51901845233679,5.480981547663212
15,18.638151566749656,-3.638151566749656
29,7.691427017637868,21.308572982362133
57,64.88347765321788,-7.883477653217881
0,2.129474755914022,-2.129474755914022
0,6.884252694141833,-6.884252694141833
83,74.83427912647419,8.165720873525814
48,40.32334502889464,7.676654971105357
0,1.0641323262457276,-1.0641323262457276
65,59.28061211665072,5.7193878833492775
26,25.789835449211473,0.21016455078852658
84,80.63124535027683,3.368754649723172
32,31.771313069433496,0.22868693056650358
67,64.93730929796318,2.062690702036818
17,6.7528276792366135,10.247172320763386
43,46.94305706578557,-3.943057065785567
36,19.74451366966913,16.25548633033087
58,44.05455110880645,13.94544889119355
40,43.76503942150791,-3.7650394215079075
35,39.26951875684439,-4.269518756844391
48,48.85172655339355,-0.8517265533935472
0,0.28541691353635895,-0.28541691353635895
63,27.573753995812172,35.42624600418783
27,30.933014041909182,-3.933014041909182
28,29.84973247526737,-1.8497324752673698
0,35.846103654885724,-35.846103654885724
51,62.30733165932969,-11.30733165932969
5,27.528699181720214,-22.528699181720214
45,29.03054902663926,15.96945097336074
40,40.196822697148804,-0.19682269714880363
40,36.37820140833458,3.621798591665417
26,27.110400277062656,-1.1104002770626558
66,25.092903513596852,40.90709648640315
0,0.7338877318302381,-0.7338877318302381
28,30.182201616362043,-2.1822016163620432
33,33.420401959832404,-0.4204019598324038
70,71.83530332497764,-1.8353033249776445
55,48.861404759128646,6.1385952408713536
0,9.596896767816965,-9.596896767816965
67,64.93800735482888,2.0619926451711166
0,0.054240614292160684,-0.054240614292160684
10,14.79033390556571,-4.79033390556571
46,44.30327477753976,1.6967252224602376
85,75.76378283800966,9.23621716199034
35,29.676405333170898,5.323594666829102
0,17.508224825405225,-17.508224825405225
7,4.76492665543253,2.2350733445674704
70,66.17902079746123,3.8209792025387657
35,39.66405427062655,-4.664054270626551
31,33.244376789306806,-2.2443767893068056
50,46.80730177199025,3.1926982280097533
42,32.23443319590996,9.765566804090042
6,6.680467142303025,-0.6804671423030246
68,28.887822604068088,39.11217739593191
6,7.222638169236614,-1.222638169236614
44,50.332412722191435,-6.332412722191435
72,51.18142615982556,20.818573840174437
13,18.81968708153567,-5.819687081535669
36,42.712194845196315,-6.712194845196315
41,42.09449754483007,-1.0944975448300696
49,39.97136026994782,9.028639730052177
57,52.85256786466169,4.147432135338313
65,30.312148037454044,34.687851962545956
62,55.644413594022105,6.3555864059778955
49,45.557309897545466,3.4426901024545344
31,30.25206812519343,0.7479318748065715
28,25.502791588062408,2.497208411937592
57,35.36851714901548,21.63148285098452
19,12.64338881585531,6.35661118414469
66,68.84168320196012,-2.841683201960123
43,50.66771529856842,-7.667715298568417
50,53.58593670484409,-3.5859367048440873
0,14.186485912903441,-14.186485912903441
5,9.629845223822752,-4.629845223822752
72,59.4332859258283,12.5667140741717
25,25.48876700336418,-0.4887670033641811
0,22.522513304632604,-22.522513304632604
65,51.82743043048962,13.17256956951038
50,12.908358144548348,37.091641855451655
72,49.88095057893916,22.119049421060843
42,36.69929577230529,5.300704227694709
0,17.95201612564003,-17.95201612564003
21,21.07803178396999,-0.07803178396999044
63,59.50133883345937,3.4986611665406286
18,17.591160323736183,0.4088396762638169
0,2.3600007050370158,-2.3600007050370158
78,71.64697584920803,6.353024150791967
4,3.937358383625595,0.06264161637440502
20,38.86809482366455,-18.86809482366455
60,44.962737600655124,15.037262399344876
4,12.543256131277264,-8.543256131277264
72,66.03147727021376,5.968522729786244
20,22.332168156317177,-2.332168156317177
0,32.002285498323154,-32.002285498323154
38,46.750258601716496,-8.750258601716496
34,34.13907866106175,-0.13907866106175248
77,67.18400641691093,9.815993583089067
73,67.23400679949333,5.765993200506671
1,25.73368659703978,-24.73368659703978
1,20.12228593705818,-19.12228593705818
56,40.5024068657537,15.497593134246301
73,67.6711194447019,5.328880555298099
33,38.61722789432365,-5.617227894323648
50,55.26312597837887,-5.2631259783788735
62,51.00311920902004,10.996880790979958
15,29.67928173560032,-14.67928173560032
51,49.92417281623244,1.075827183767558
65,58.60588774751531,6.394112252484689
77,75.5515985062448,1.448401493755199
1,13.25390420834821,-12.25390420834821
77,56.45045512900628,20.54954487099372
38,40.883800124597684,-2.883800124597684
28,19.042214598592896,8.957785401407104
0,3.1662631755415256,-3.1662631755415256
36,39.14900028067261,-3.1490002806726096
0,9.051347315346518,-9.051347315346518
0,1.1893548958302484,-1.1893548958302484
17,7.199373158060207,9.800626841939792
63,57.87124469270927,5.1287553072907315
1,45.39233242208217,-44.39233242208217
20,23.57973123636223,-3.5797312363622282
6,4.478047422531541,1.5219525774684586
22,27.87233130947644,-5.87233130947644
77,55.48849565597626,21.51150434402374
29,44.694889140778585,-15.694889140778585
48,42.153256024154075,5.846743975845925
0,1.4798869037399864,-1.4798869037399864
80,73.62627904785232,6.3737209521476785
0,0.12675118810355246,-0.12675118810355246
3,4.9677883708053505,-1.9677883708053505
21,18.479860071649053,2.5201399283509467
23,33.29512414682023,-10.295124146820228
36,35.17662868591368,0.823371314086323
0,11.28930097513743,-11.28930097513743
34,33.900861493814176,0.09913850618582387
30,31.20974778448467,-1.2097477844846694
46,33.74840581380684,12.25159418619316
3,5.388952224807288,-2.388952224807288
0,0.0,0.0
69,27.138747339907123,41.86125266009287
0,22.9413964546824,-22.9413964546824
2,53.34096322468633,-51.34096322468633
29,29.618676242777784,-0.6186762427777843
63,49.79269748807995,13.207302511920048
25,25.406748208438785,-0.4067482084387848
62,59.88621854363926,2.1137814563607407
43,42.939745386696,0.06025461330399651
66,61.59233162848077,4.407668371519229
42,40.601771569271634,1.3982284307283663
49,46.860833066890216,2.1391669331097845
35,37.81735299576189,-2.817352995761887
56,28.16686849781585,27.83313150218415
55,36.60762423262267,18.39237576737733
50,39.4140301763152,10.585969823684799
24,22.74781563452364,1.25218436547636
10,10.765484275878904,-0.7654842758789044
44,41.79506481532033,2.2049351846796696
0,65.68345666238064,-65.68345666238064
26,24.965453966051847,1.0345460339481534
50,45.36178815149766,4.638211848502337
79,76.92317831853039,2.0768216814696103
52,41.07630885960708,10.923691140392918
0,2.891674674828182,-2.891674674828182
0,0.4624911809911779,-0.4624911809911779
65,62.944973598882875,2.055026401117125
17,14.71795029281012,2.2820497071898806
48,54.11437855834465,-6.114378558344647
42,41.85560514516195,0.1443948548380476
8,6.65045050925284,1.34954949074716
27,20.511419193984914,6.4885808060150865
38,30.48243696342821,7.51756303657179
29,33.007614947966346,-4.007614947966346
88,76.22009968659994,11.779900313400063
59,64.6187104489157,-5.6187104489157065
75,46.05098590392847,28.94901409607153
56,56.36394332761706,-0.36394332761705783
44,44.349968136650126,-0.3499681366501264
47,45.51569277497362,1.4843072250263774
1,0.5711084046678186,0.42889159533218135
44,38.39133937180411,5.608660628195892
5,15.99817798288114,-10.99817798288114
36,55.37062535763302,-19.370625357633017
29,25.698887200422845,3.3011127995771545
0,43.89624384603491,-43.89624384603491
56,59.592224183335944,-3.5922241833359436
57,52.44345568324286,4.55654431675714
20,20.353873927037213,-0.3538739270372133
19,19.222457916755943,-0.22245791675594262
0,0.37842543519007527,-0.37842543519007527
0,2.90362138815747,-2.90362138815747
10,14.973361973018726,-4.973361973018726
51,39.264000743845024,11.735999256154976
45,27.744158444814357,17.255841555185643
1,5.002241911978291,-4.002241911978291
24,34.26127046717351,-10.26127046717351
56,18.13531330524258,37.864686694757424
80,45.980851095866115,34.019148904133885
47,28.07758606948386,18.92241393051614
0,0.5740815707393698,-0.5740815707393698
44,43.94712274039046,0.05287725960953793
21,20.157358264322333,0.8426417356776668
62,65.4345834796986,-3.4345834796986026
71,29.461166603395455,41.538833396604545
85,63.93027479037066,21.06972520962934
35,41.635250289611214,-6.635250289611214
36,36.27104713028369,-0.27104713028369076
19,20.16947239290198,-1.1694723929019801
60,45.07508605503198,14.924913944968019
51,57.99390399451636,-6.993903994516359
54,52.900004195411384,1.099995804588616
23,16.605641720245554,6.394358279754446
60,58.5961254876624,1.4038745123376017
56,53.78878359082633,2.211216409173673
29,34.195441049755836,-5.195441049755836
34,32.424861322997124,1.575138677002876
29,28.092669696881824,0.9073303031181759
30,29.885050810263504,0.11494918973649604
44,44.7817698052522,-0.7817698052522033
18,26.311119071696204,-8.311119071696204
38,44.93051208710244,-6.930512087102443
0,0.01614574810451099,-0.01614574810451099
30,29.002277073437952,0.997722926562048
87,79.66181351587862,7.33818648412138
25,18.331285676680075,6.668714323319925
48,30.764104542990378,17.235895457009622
44,44.419213985914254,-0.4192139859142543
29,57.46335851228497,-28.46335851228497
48,47.94169514511538,0.058304854884617896
43,44.202356381000136,-1.2023563810001363
14,15.49028876792598,-1.4902887679259802
31,36.27793320564793,-5.277933205647933
84,75.92620361805474,8.073796381945257
63,62.839488839733235,0.16051116026676482
25,43.21707094937116,-18.217070949371163
0,6.5284152236820505,-6.5284152236820505
31,36.810119716042486,-5.810119716042486
30,29.464569069782815,0.5354309302171849
0,13.239330755407101,-13.239330755407101
64,54.6917778706243,9.3082221293757
0,2.1941239561711217,-2.1941239561711217
21,21.325118434914298,-0.32511843491429815
0,22.52724804171474,-22.52724804171474
48,34.882918510674465,13.117081489325535
0,37.836255454225125,-37.836255454225125
12,11.675436031012085,0.3245639689879152
44,37.34378190424808,6.6562180957519175
37,37.118394219219006,-0.11839421921900595
10,8.619361314380571,1.380638685619429
0,27.445203204419943,-27.445203204419943
0,36.75809030797955,-36.75809030797955
29,35.17990987007458,-6.179909870074582
24,28.370378635742536,-4.3703786357425365
26,29.95217833915451,-3.9521783391545107
40,58.42809408838196,-18.42809408838196
43,41.35750678457449,1.6424932154255103
22,25.22754729291397,-3.2275472929139717
0,2.2597126718260747,-2.2597126718260747
34,34.292781556577026,-0.292781556577026
45,45.18710616761302,-0.1871061676130168
58,45.64089579502853,12.359104204971473
56,62.57900851618467,-6.579008516184672
29,29.214194931939904,-0.2141949319399039
0,23.2038723754164,-23.2038723754164
34,49.4369025569693,-15.4369025569693
28,28.282080192775933,-0.28208019277593266
83,71.53656192696603,11.46343807303397
0,21.46317973535062,-21.46317973535062
47,45.89542347171992,1.1045765282800772
69,60.79987670667211,8.200123293327891
0,30.197533892373894,-30.197533892373894
78,69.59156165989071,8.408438340109285
33,40.338741615389424,-7.338741615389424
69,67.52603162504468,1.4739683749553194
0,30.304620481472337,-30.304620481472337
35,34.99731479616361,0.002685203836392702
56,39.91974713701956,16.080252862980437
17,17.02795830806942,-0.02795830806941879
18,23.451368820188705,-5.451368820188705
16,16.498322375565113,-0.49832237556511316
23,17.87900598747732,5.120994012522679
56,55.30107955616427,0.6989204438357319
52,45.39261420309701,6.607385796902989
66,6.8297094034838315,59.17029059651617
0,1.5594908439099766,-1.5594908439099766
33,29.31402896168255,3.685971038317451
34,40.69657579662318,-6.696575796623179
24,17.708066913177834,6.291933086822166
64,63.506526837099806,0.4934731629001945
35,40.320479753113254,-5.320479753113254
73,72.25774877538265,0.7422512246173483
7,7.3408465011082775,-0.3408465011082775
36,15.373363345161215,20.626636654838784
89,70.86183255823506,18.138167441764935
42,42.764818864870776,-0.7648188648707759
68,56.83743232675453,11.16256767324547
10,41.93798810388954,-31.937988103889538
63,45.49157325132131,17.508426748678687
55,49.13892472770837,5.861075272291629
58,44.11731173721373,13.882688262786267
49,23.102660140580117,25.897339859419883
39,46.450556538717095,-7.450556538717095
52,54.75846223313864,-2.758462233138637
33,22.412085587554422,10.587914412445578
39,47.26870498545802,-8.268704985458022
59,51.48034106020051,7.519658939799491
34,33.8227085692891,0.17729143071090192
39,21.788631033486247,17.211368966513753
7,7.416577463562283,-0.416577463562283
42,42.89661979657073,-0.8966197965707323
32,32.57827851727392,-0.5782785172739224
0,21.964339084374103,-21.964339084374103
61,57.6714889448406,3.328511055159403
65,42.320293496668945,22.679706503331055
52,53.623193204141394,-1.6231932041413941
54,39.71402985918872,14.28597014081128
34,34.335749649192614,-0.3357496491926142
34,33.75430979644482,0.2456902035551778
35,18.62427470435476,16.37572529564524
25,25.729864299842713,-0.7298642998427134
34,34.73956460318791,-0.7395646031879082
1,44.723860692547305,-43.723860692547305
12,18.75428984201797,-6.754289842017968
0,0.11968172148584519,-0.11968172148584519
0,9.209123605071293,-9.209123605071293
32,31.072445887383175,0.927554112616825
0,56.82911659378238,-56.82911659378238
28,36.043247762848914,-8.043247762848914
57,47.31205529134339,9.687944708656609
89,79.80762162146272,9.192378378537285
69,68.92353666929012,0.07646333070988476
17,20.93386521283371,-3.933865212833709
0,0.22560292783155123,-0.22560292783155123
71,70.93816622293562,0.06183377706437909
47,38.69717185607411,8.302828143925893
76,64.22230160990775,11.777698390092254
35,36.75039738151991,-1.7503973815199103
42,40.46800121820157,1.5319987817984284
0,5.680113669112702,-5.680113669112702
46,50.884213397296925,-4.884213397296925
6,23.244620962216228,-17.244620962216228
35,40.87981290877494,-5.879812908774937
16,18.058995019124207,-2.0589950191242075
47,43.54846539790999,3.451534602090007
0,8.355335520818995,-8.355335520818995
33,42.12419260738179,-9.124192607381787
19,25.263387232729542,-6.263387232729542
11,9.953094720462241,1.046905279537759
56,53.50353331055634,2.4964666894436576
37,31.530429850154015,5.469570149845985
37,37.306906080226526,-0.30690608022652555
18,18.17596879366077,-0.17596879366076834
22,21.76812137312472,0.23187862687527883
46,43.709036941739996,2.2909630582600045
0,6.899074056873605,-6.899074056873605
21,23.110792353620674,-2.110792353620674
71,79.76225988541519,-8.76225988541519
46,42.421011223829474,3.578988776170526
66,61.09708301598596,4.902916984014041
0,0.2117496834825444,-0.2117496834825444
25,25.38277441341294,-0.38277441341293894
0,31.97715791552966,-31.97715791552966
0,7.10713188679553,-7.10713188679553
16,25.659106826103084,-9.659106826103084
35,30.933591464607975,4.066408535392025
47,45.138853526263254,1.8611464737367456
50,47.44443133471578,2.5555686652842198
6,12.686695217400672,-6.686695217400672
42,42.153201734852466,-0.15320173485246613
45,41.454540034619505,3.545459965380495
0,0.15735447256065813,-0.15735447256065813
37,42.79395139320757,-5.793951393207571
53,50.44645422446412,2.5535457755358806
66,63.68164775578784,2.318352244212157
47,54.856366281696054,-7.856366281696054
48,47.29156058040983,0.7084394195901709
0,3.5556932853324597,-3.5556932853324597
39,39.5245406967829,-0.5245406967828998
21,18.207892994204162,2.792107005795838
0,0.4434285168821251,-0.4434285168821251
50,45.648396431578256,4.351603568421744
48,57.024681491091464,-9.024681491091464
0,0.31287268909131827,-0.31287268909131827
47,46.26104411831114,0.7389558816888595
57,60.126113199670705,-3.126113199670705
37,37.81625023831955,-0.8162502383195473
74,65.07618184943732,8.923818150562681
53,26.930208686381313,26.069791313618687
64,64.22571508872015,-0.22571508872015045
42,52.29913650642381,-10.299136506423807
4,4.304158465816015,-0.30415846581601524
59,62.63384856973822,-3.6338485697382197
38,37.87069670484853,0.1293032951514732
1,7.636618920121487,-6.636618920121487
72,52.265111002932805,19.734888997067195
0,27.352010433193467,-27.352010433193467
25,35.37442625145096,-10.374426251450963
67,65.62835367062785,1.3716463293721546
24,23.675832750084613,0.32416724991538715
10,30.27425657691206,-20.27425657691206
0,2.5105378080974226,-2.5105378080974226
56,51.197255474707305,4.802744525292695
42,40.67293507940303,1.3270649205969676
67,74.81862531566935,-7.818625315669351
40,45.43192988150084,-5.431929881500842
22,19.667810730852278,2.3321892691477224
0,0.30346144488345295,-0.30346144488345295
1,39.962786856260315,-38.962786856260315
7,23.703552550825272,-16.703552550825272
68,49.45112602440471,18.548873975595292
28,28.356783759513,-0.3567837595130001
9,10.137968563438758,-1.1379685634387577
22,28.114376597842945,-6.114376597842945
35,36.06255554235399,-1.0625555423539907
65,60.95759621576987,4.042403784230132
43,2.229609645169351,40.77039035483065
4,28.030456266761266,-24.030456266761266
29,26.483305700471217,2.5166942995287833
64,69.4685990092307,-5.468599009230701
35,35.34240228989222,-0.3424022898922203
29,27.957759245389358,1.042240754610642
82,71.42900093591204,10.570999064087957
0,1.6742132926554922,-1.6742132926554922
0,1.2365855436491116,-1.2365855436491116
8,7.100985495907896,0.8990145040921043
56,29.39895064371004,26.60104935628996
48,55.37600583197984,-7.376005831979839
0,32.655141188187066,-32.655141188187066
28,28.175116925621804,-0.17511692562180414
40,40.07799703541209,-0.07799703541208913
19,9.342431297886895,9.657568702113105
60,65.50083955864388,-5.500839558643875
57,53.19305745767047,3.80694254232953
49,51.277113265978215,-2.2771132659782154
17,14.186742226486222,2.8132577735137776
75,60.42441190745075,14.575588092549253
47,44.08106630481229,2.918933695187711
40,44.82810789028153,-4.8281078902815295
72,72.70000796955173,-0.7000079695517343
0,0.7686337296555611,-0.7686337296555611
57,23.862152285592526,33.13784771440747
17,18.546064106587483,-1.5460641065874832
0,1.6431615421728831,-1.6431615421728831
31,27.033741466805484,3.966258533194516
4,26.17094341797303,-22.17094341797303
63,62.38048191210336,0.6195180878966369
27,21.707194941606723,5.292805058393277
41,44.340140918309366,-3.340140918309366
54,56.328287022823666,-2.328287022823666
49,36.60850113234421,12.391498867655791
26,23.549286853553355,2.4507131464466454
71,74.45802010738123,-3.4580201073812304
67,68.83583597327785,-1.8358359732778524
54,49.65068644631409,4.34931355368591
0,1.5393603342056954,-1.5393603342056954
80,59.41459928877705,20.585400711222952
71,69.80550201843543,1.1944979815645667
40,40.47880240160782,-0.4788024016078225
75,63.47091154765797,11.52908845234203
7,8.991826257591216,-1.9918262575912156
0,0.17679709106508593,-0.17679709106508593
52,55.246776484790274,-3.2467764847902743
41,35.2170957552565,5.782904244743499
0,0.428642955563619,-0.428642955563619
2,38.060898391763835,-36.060898391763835
4,4.497179857235069,-0.49717985723506875
39,33.340613601426064,5.659386398573936
38,20.03840660606419,17.96159339393581
49,49.87866543016165,-0.8786654301616466
61,55.299106075846964,5.700893924153036
42,37.25819224240469,4.741807757595311
50,49.510274130685474,0.4897258693145261
31,35.087996211855476,-4.087996211855476
53,43.01174060950193,9.988259390498072
47,48.37411593616067,-1.3741159361606705
61,52.1655786963062,8.834421303693802
67,71.50577682306947,-4.505776823069468
37,42.409503807269964,-5.409503807269964
0,0.5069347025785271,-0.5069347025785271
57,55.866376496634636,1.1336235033653637
32,19.761323155800365,12.238676844199635
79,50.07551351516995,28.924486484830048
45,43.848617410260225,1.1513825897397751
35,37.86123177641012,-2.861231776410122
46,49.33180607767514,-3.3318060776751395
0,42.36917468444824,-42.36917468444824
83,77.91461013163399,5.085389868366008
50,47.7393512886349,2.2606487113651
72,47.173467275763294,24.826532724236706
13,18.240225241121312,-5.240225241121312
33,32.38743166334912,0.612568336650881
9,11.896356218570357,-2.8963562185703573
30,29.53451838502604,0.46548161497396023
0,0.6090214721432022,-0.6090214721432022
49,11.988174871256845,37.011825128743155
22,26.606032041753206,-4.606032041753206
27,22.53948196854959,4.460518031450409
46,46.13607451920375,-0.1360745192037527
74,47.05704487931904,26.942955120680963
51,33.90033827397219,17.09966172602781
18,21.66109845075882,-3.6610984507588213
74,73.73137979412697,0.2686202058730345
45,28.792701631397865,16.207298368602135
38,37.587384959967224,0.41261504003277594
29,30.14930477385679,-1.149304773856791
40,48.10943990762285,-8.10943990762285
0,48.439756260856534,-48.439756260856534
42,30.063425555424605,11.936574444575395
0,3.0237674443768436,-3.0237674443768436
0,3.0234185583412394,-3.0234185583412394
67,44.36635395425544,22.633646045744563
63,64.3727801126417,-1.3727801126417063
0,40.97231279540081,-40.97231279540081
67,19.860849117896407,47.13915088210359
0,47.849526490122024,-47.849526490122024
53,43.63184104420228,9.368158955797718
45,45.719589147901964,-0.7195891479019636
58,63.66961322884514,-5.669613228845137
34,43.11894851439392,-9.11894851439392
7,8.545888163186218,-1.545888163186218
41,37.98193283164986,3.018067168350143
55,62.37029598983005,-7.370295989830048
60,48.7396944491258,11.2603055508742
23,28.818763989693473,-5.818763989693473
64,46.79407813472187,17.20592186527813
42,61.91592469551228,-19.91592469551228
0,10.480364560332426,-10.480364560332426
53,54.17271809517325,-1.172718095173252
0,0.37681929596228225,-0.37681929596228225
71,35.66841761252036,35.33158238747964
18,18.372560644853287,-0.3725606448532872
27,44.989770563552476,-17.989770563552476
45,43.34018163737782,1.6598183626221825
35,27.780396723567712,7.219603276432288
36,18.609074061893757,17.390925938106243
26,26.96641358615451,-0.9664135861545091
34,35.40471216103186,-1.4047121610318598
64,30.235128075808493,33.76487192419151
71,61.1740512658069,9.825948734193098
0,0.08597695815035683,-0.08597695815035683
27,26.62991846921528,0.37008153078472006
23,25.777755739423096,-2.777755739423096
43,48.195726606717535,-5.195726606717535
42,35.99439812845887,6.005601871541131
1,1.6504480588165011,-0.6504480588165011
80,56.370926557113584,23.629073442886416
53,44.56106027550933,8.438939724490673
44,50.1778678530459,-6.177867853045903
68,64.25589032030001,3.7441096796999886
39,40.872864612482076,-1.8728646124820756
58,36.86594096455279,21.13405903544721
56,41.12466403226716,14.875335967732838
46,45.474277389747854,0.5257226102521457
15,19.153294293152275,-4.153294293152275
56,51.714487630249145,4.285512369750855
1,12.480799190163719,-11.480799190163719
27,27.05508203590106,-0.055082035901058646
0,0.5316015414310327,-0.5316015414310327
43,29.68162742887394,13.318372571126059
43,41.958761741979465,1.0412382580205346
66,67.95509100034569,-1.9550910003456892
50,50.01579999404505,-0.015799994045046617
32,31.779448729285246,0.2205512707147541
0,22.798385698906,-22.798385698906
36,40.15191509741332,-4.1519150974133225
76,56.650861837199905,19.349138162800095
32,26.529701991159076,5.470298008840924
0,0.6975299550900926,-0.6975299550900926
20,22.474282617034586,-2.4742826170345857
58,50.670526796348554,7.329473203651446
77,65.43532629021034,11.564673709789659
46,42.37218786555761,3.6278121344423866
68,63.959530211617036,4.040469788382964
7,4.478047422531541,2.5219525774684586
72,54.57852767933972,17.42147232066028
34,27.40209022107184,6.597909778928159
37,35.366476644426896,1.6335233555731037
63,57.80808804678935,5.191911953210649
61,65.41529508802041,-4.4152950880204145
69,66.56088342001468,2.439116579985324
0,50.72717804138616,-50.72717804138616
32,33.76846250818167,-1.7684625081816705
28,48.55509866805836,-20.555098668058363
51,50.684565165311945,0.31543483468805533
33,37.4878635917485,-4.4878635917485
51,55.01089991108458,-4.010899911084579
73,60.298451222580944,12.701548777419056
17,17.327899650489105,-0.32789965048910474
0,0.0004909180166912126,-0.0004909180166912126
61,45.52694106979791,15.473058930202093
0,0.054982817869415807,-0.054982817869415807
79,57.550498299526,21.449501700474002
25,34.09947270552124,-9.099472705521237
65,54.30236443539951,10.697635564600489
0,41.53331482366404,-41.53331482366404
48,52.55618393248181,-4.556183932481808
26,28.749085238745607,-2.7490852387456073
61,54.644281843583165,6.355718156416835
73,74.2224412960111,-1.2224412960110982
16,16.462223917457983,-0.4622239174579832
70,63.218046601757166,6.781953398242834
5,12.103166224140367,-7.103166224140367
34,24.39403248047896,9.605967519521041
70,74.59460563157009,-4.59460563157009
1,7.232975723909686,-6.232975723909686
72,63.537586728477585,8.462413271522415
87,79.60643514453889,7.393564855461108
38,37.638413566426586,0.36158643357341447
26,27.265947531184448,-1.2659475311844481
0,33.443664192937675,-33.443664192937675
64,56.17581638419827,7.824183615801729
0,2.0812096959761686,-2.0812096959761686
50,42.23962817176565,7.760371828234348
55,44.66145641677415,10.33854358322585
52,53.59735457634985,-1.5973545763498507
53,53.99086526479133,-0.9908652647913314
53,54.972794898537124,-1.9727948985371242
39,40.63866119370539,-1.6386611937053885
43,57.55358787419272,-14.553587874192722
2,37.366736176292164,-35.366736176292164
1,1.6353360757728643,-0.6353360757728643
0,11.314273441027224,-11.314273441027224
55,48.33681563279503,6.66318436720497
7,21.0728019909446,-14.072801990944601
40,39.481223102977495,0.5187768970225051
8,8.436099619749685,-0.4360996197496849
0,32.257467265225884,-32.257467265225884
1,29.70151904044038,-28.70151904044038
0,35.682728426176176,-35.682728426176176
19,19.413286560293987,-0.4132865602939866
60,57.08435174286951,2.915648257130492
75,44.85928075404641,30.14071924595359
51,55.09080886459146,-4.090808864591459
87,72.9704776464825,14.029522353517507
55,51.468968551119396,3.5310314488806043
0,18.545772125613748,-18.545772125613748
79,73.53419646152761,5.465803538472386
38,39.23094907933049,-1.2309490793304931
0,2.4497767951685563,-2.4497767951685563
37,29.48139394705047,7.518606052949529
7,6.754000938748697,0.245999061251303
29,37.66842146774613,-8.668421467746128
30,31.178593654557762,-1.178593654557762
65,55.19722887187863,9.802771128121371
42,36.00874571756128,5.991254282438717
27,25.966539462904276,1.0334605370957242
17,15.53192884628794,1.46807115371206
63,62.540258919714404,0.4597410802855961
47,43.573380704695076,3.426619295304924
60,56.68969345508614,3.310306544913857
54,26.7334509297684,27.2665490702316
47,38.36532563954388,8.634674360456117
27,26.663962399234084,0.33603760076591627
32,31.120318414451713,0.8796815855482869
42,27.045618359464015,14.954381640535985
63,53.623193204141394,9.376806795858606
9,8.93610360509181,0.06389639490818944
56,42.40916387168943,13.59083612831057
0,0.1778358760856963,-0.1778358760856963
49,42.07131113180909,6.9286888681909105
24,25.90112008033309,-1.90112008033309
12,16.64527975282533,-4.645279752825331
0,22.926281227393698,-22.926281227393698
0,7.248395215301793,-7.248395215301793
14,15.04579722893115,-1.04579722893115
0,0.04733462328079363,-0.04733462328079363
57,63.352494971323985,-6.352494971323985
19,20.255695156078787,-1.2556951560787866
49,48.532776879271516,0.4672231207284838
44,50.559048669779635,-6.559048669779635
54,53.54771495118975,0.45228504881025344
47,65.42287874318356,-18.42287874318356
40,38.72454320558088,1.2754567944191209
29,25.255021906412658,3.744978093587342
40,40.320082195193166,-0.32008219519316583
0,0.01494572628593247,-0.01494572628593247
41,19.719877363030733,21.280122636969267
33,42.279858396652486,-9.279858396652486
0,67.46499359575917,-67.46499359575917
0,7.812668394633154,-7.812668394633154
23,22.9377166621127,0.062283337887301116
71,71.75666927127544,-0.7566692712754417
0,19.135316400757024,-19.135316400757024
12,14.781394721998621,-2.7813947219986215
0,0.12871907588402431,-0.12871907588402431
29,46.02910545669987,-17.029105456699867
51,45.75570843664834,5.244291563351659
49,37.657280748262274,11.342719251737726
53,50.55430985429866,2.4456901457013416
0,29.367129597449026,-29.367129597449026
34,35.46102401096856,-1.4610240109685577
44,44.56114676497142,-0.5611467649714186
38,42.70703293824374,-4.707032938243742
28,27.990533635711675,0.00946636428832548
27,32.68127298329743,-5.681272983297433
41,33.997816968919125,7.002183031080875
33,33.02490031156681,-0.024900311566810274
75,66.10952335065954,8.890476649340457
39,44.598870100226485,-5.598870100226485
45,41.774468849680595,3.225531150319405
41,42.05110787489555,-1.0511078748955498
73,69.21515139360335,3.7848486063966504
34,26.587482218300526,7.412517781699474
16,16.352300807141543,-0.35230080714154255
39,34.819931989995496,4.180068010004504
55,50.71349946393485,4.286500536065148
59,56.374766653439984,2.625233346560016
58,62.516107064895934,-4.516107064895934
63,44.81115840108031,18.188841598919687
30,9.299630403974604,20.700369596025396
45,47.040090090674866,-2.040090090674866
28,20.732400564841047,7.267599435158953
16,25.926808962324426,-9.926808962324426
7,8.699494123230663,-1.6994941232306626
34,34.59919144720856,-0.5991914472085611
50,45.47197769607833,4.5280223039216665
36,31.488469980702043,4.5115300192979575
77,54.11437855834465,22.885621441655353
0,6.750399783359505,-6.750399783359505
74,63.189825589504515,10.810174410495485
0,2.3581370048761348,-2.3581370048761348
21,20.561276161284923,0.43872383871507736
33,23.4092236225055,9.5907763774945
43,41.576966228645695,1.423033771354305
0,55.33215158517519,-55.33215158517519
16,17.446540510586374,-1.4465405105863738
53,54.478715345818095,-1.4787153458180953
1,53.84583300677283,-52.84583300677283
8,36.7462833352636,-28.7462833352636
59,47.17730879089146,11.822691209108541
21,25.2684727290167,-4.2684727290167
37,33.106444084242746,3.893555915757254
43,47.92288901144011,-4.9228890114401125
60,59.389229597155534,0.6107704028444658
33,35.73577635852637,-2.7357763585263726
21,21.149313538069027,-0.14931353806902692
21,20.252377438684334,0.7476225613156657
0,0.7873953229489663,-0.7873953229489663
5,4.996936377259336,0.0030636227406644068
0,5.940224669259958,-5.940224669259958
42,47.17860445392967,-5.1786044539296725
27,23.951852178101305,3.048147821898695
51,43.38650441231198,7.613495587688021
3,39.82749716746476,-36.82749716746476
13,19.987636045789724,-6.987636045789724
0,0.002536409752904598,-0.002536409752904598
19,18.969148111822687,0.030851888177313214
0,32.28485707606248,-32.28485707606248
0,16.846880565020392,-16.846880565020392
41,27.95910309896609,13.04089690103391
40,39.560573040489416,0.43942695951058397
44,39.321179136789915,4.678820863210085
31,36.580782006391026,-5.580782006391026
0,9.701777550184353,-9.701777550184353
0,11.899283559577684,-11.899283559577684
32,26.814252216624684,5.185747783375316
71,66.93632633531729,4.06367366468271
2,44.03003181148215,-42.03003181148215
41,41.78041412043246,-0.7804141204324608
62,47.861139405740474,14.138860594259526
21,20.77140391598999,0.22859608401001097
54,37.386847972519824,16.613152027480176
54,47.41456646205976,6.58543353794024
55,61.34391618898294,-6.343916188982938
22,24.253755433996503,-2.2537554339965027
1,1.2095352234335868,-0.20953522343358677
0,22.43022749715228,-22.43022749715228
41,39.21220131019574,1.7877986898042622
36,34.85742202529085,1.1425779747091482
66,64.6592789672458,1.3407210327542032
13,12.7212824744226,0.2787175255774006
70,70.92579465399379,-0.9257946539937905
32,49.071691160564036,-17.071691160564036
40,43.995443473206045,-3.995443473206045
47,45.848416592495624,1.1515834075043756
39,36.19044762802974,2.8095523719702626
27,35.08225590643308,-8.082255906433083
35,33.742254062047884,1.2577459379521159
42,41.99605872482564,0.003941275174362602
52,25.116297614449863,26.883702385550137
62,56.542571052459124,5.457428947540876
22,11.503933572269487,10.496066427730513
24,23.870882778843093,0.12911722115690694
51,7.955085709856285,43.044914290143716
28,28.154269683574835,-0.15426968357483517
25,27.82894840690328,-2.8289484069032795
0,18.247004111318876,-18.247004111318876
60,65.16934333036431,-5.169343330364313
11,5.23747729465775,5.76252270534225
0,2.081950561847468,-2.081950561847468
52,56.09355402716093,-4.093554027160927
41,40.76474779461026,0.23525220538974168
0,0.45561010277089425,-0.45561010277089425
50,55.607711890191915,-5.607711890191915
45,40.493783089396054,4.506216910603946
27,42.16271946891768,-15.162719468917679
58,67.70493688695159,-9.704936886951586
37,42.17326703787463,-5.173267037874631
0,5.1913963444342714,-5.1913963444342714
50,51.51810932015992,-1.5181093201599225
57,33.72740130157588,23.27259869842412
26,52.013404345455186,-26.013404345455186
7,6.619799490407776,0.38020050959222385
21,14.504090672010008,6.495909327989992
45,45.24936262103626,-0.24936262103626206
41,37.84982572287729,3.1501742771227086
0,0.2916814782770546,-0.2916814782770546
31,10.193038301315461,20.80696169868454
28,27.567136052519448,0.432863947480552
0,0.1938903021377248,-0.1938903021377248
48,46.37945841679211,1.6205415832078884
72,20.681521416216412,51.31847858378359
43,48.41275739641303,-5.412757396413028
52,50.88735939734119,1.1126406026588072
69,69.57835911722141,-0.5783591172214102
27,29.312836282049773,-2.3128362820497728
25,25.057286432219904,-0.057286432219903816
28,18.08262780717203,9.917372192827969
57,71.1517675456819,-14.151767545681906
42,52.21329352229476,-10.213293522294762
25,25.28028415666488,-0.28028415666488016
74,45.65686368291257,28.343136317087428
46,43.957394659127,2.0426053408730027
9,9.113194112928658,-0.11319411292865844
25,26.715725100064116,-1.715725100064116
3,21.42561362130434,-18.42561362130434
29,29.653314531728743,-0.6533145317287428
47,48.91642629860765,-1.9164262986076466
41,39.98650919862706,1.0134908013729387
34,34.97862308796794,-0.9786230879679394
62,59.496009260115095,2.5039907398849053
41,40.73469744688539,0.2653025531146085
63,73.97184391665323,-10.971843916653228
58,40.25579186507594,17.744208134924058
63,55.532389823569666,7.467610176430334
14,14.910794582539243,-0.9107945825392427
0,37.49029827729111,-37.49029827729111
57,58.85346703279506,-1.8534670327950593
69,67.37282999990857,1.627170000091425
0,35.335756276900945,-35.335756276900945
47,46.32061036826599,0.6793896317340113
37,18.22635701083192,18.77364298916808
27,31.30017933631637,-4.3001793363163685
0,0.2186822285968754,-0.2186822285968754
48,33.42165812676083,14.578341873239168
32,41.5201491973279,-9.520149197327903
61,50.23798639720277,10.762013602797232
50,46.747159105807185,3.252840894192815
54,47.408794625589955,6.591205374410045
28,32.715612306327486,-4.715612306327486
21,26.27723499999384,-5.277234999993841
76,52.03565900036492,23.964340999635077
1,1.8266324533850309,-0.8266324533850309
34,33.73883609219003,0.2611639078099728
21,21.505184448870757,-0.5051844488707573
32,41.93240425316591,-9.932404253165913
47,26.99470340534954,20.00529659465046
65,64.27170449581344,0.728295504186562
70,76.64825738484689,-6.648257384846886
35,29.82476498500746,5.175235014992541
17,22.311687599600404,-5.311687599600404
23,30.493232847403565,-7.493232847403565
59,32.70337236178417,26.29662763821583
0,1.997565946458748,-1.997565946458748
26,40.93494461525231,-14.934944615252313
0,0.39671438567260586,-0.39671438567260586
42,40.63809224368714,1.3619077563128599
68,65.56616555763269,2.4338344423673135
1,47.25895417217011,-46.25895417217011
30,32.14640606012334,-2.14640606012334
51,35.42878919872143,15.571210801278568
21,19.929418519440365,1.0705814805596354
45,44.05859684629024,0.9414031537097571
70,57.47722303747323,12.52277696252677
34,30.473848578187464,3.5261514218125356
62,61.368360877777334,0.6316391222226656
28,27.33044388043157,0.6695561195684299
44,20.69019333162949,23.30980666837051
58,48.63123211140986,9.368767888590142
57,49.43632739522777,7.563672604772229
1,53.46618072796432,-52.46618072796432
2,66.28243552325128,-64.28243552325128
6,10.60135053593738,-4.60135053593738
14,5.462214680119544,8.537785319880456
87,62.585398382527245,24.414601617472755
45,22.503114834303755,22.496885165696245
0,0.0,0.0
48,40.986028229358716,7.013971770641284
76,75.24503598228503,0.7549640177149683
16,15.60812129456581,0.39187870543418946
79,78.03180939080292,0.9681906091970802
50,50.25745693599464,-0.2574569359946395
0,0.04477094030473952,-0.04477094030473952
62,51.78025831576914,10.219741684230861
19,20.566345672827243,-1.566345672827243
41,39.3718800698427,1.6281199301572968
65,65.05583351596164,-0.05583351596163766
58,51.842837458677685,6.1571625413223146
46,45.76935197749462,0.23064802250537753
32,20.45012932818536,11.549870671814642
65,63.99012747137528,1.0098725286247188
46,49.32509462016085,-3.325094620160847
64,46.08760545905604,17.912394540943957
24,21.039221527325296,2.960778472674704
60,61.81397443426953,-1.8139744342695323
6,0.9540788319623249,5.045921168037675
47,48.89975051625419,-1.899750516254187
0,17.755352031408265,-17.755352031408265
45,52.5615803108997,-7.5615803108997
70,68.03883342610807,1.96116657389193
70,74.73258940954652,-4.73258940954652
65,51.4092050747521,13.590794925247899
51,58.5074031262224,-7.5074031262224
47,37.552380686702364,9.447619313297636
71,60.5659087685553,10.434091231444697
0,2.2218511628441093,-2.2218511628441093
68,67.82118109046505,0.17881890953495372
43,29.54026584510132,13.45973415489868
69,62.92868984579441,6.071310154205591
42,41.99823153740149,0.001768462598512599
45,45.08620345662853,-0.08620345662853168
50,49.478019022002364,0.5219809779976359
0,36.999981720886495,-36.999981720886495
0,18.864505341024607,-18.864505341024607
0,42.10038815565048,-42.10038815565048
0,35.20603894361059,-35.20603894361059
57,58.3943434800878,-1.394343480087798
53,45.26625709905522,7.733742900944783
66,65.98992759285491,0.010072407145088391
69,62.777366505226006,6.222633494773994
6,6.587965104902768,-0.5879651049027679
39,38.52763097986823,0.4723690201317723
56,43.23056375601355,12.769436243986448
47,37.19236470778326,9.807635292216737
9,5.058122879768384,3.9418771202316156
66,75.22052950167819,-9.220529501678186
20,26.098374069987806,-6.0983740699878055
73,18.068319793854386,54.931680206145614
31,34.9539699082697,-3.9539699082696984
0,3.7262557408341395,-3.7262557408341395
52,56.25980435140448,-4.259804351404483
69,55.87131937699578,13.128680623004222
19,19.99708782194538,-0.9970878219453816
1,1.2344983290859586,-0.23449832908595858
54,62.66369952023039,-8.663699520230388
70,56.75113559511655,13.248864404883449
52,40.901226559204915,11.098773440795085
35,42.84996461369002,-7.84996461369002
69,75.73837449185604,-6.738374491856035
66,59.900696961283224,6.099303038716776
39,39.45607478409319,-0.4560747840931896
0,25.690098457430025,-25.690098457430025
34,33.91850730718581,0.08149269281418725
63,48.295620371119206,14.704379628880794
58,43.413585314141564,14.586414685858436
49,31.48642424486846,17.51357575513154
72,51.79666509568996,20.20333490431004
40,54.96860751875286,-14.968607518752862
63,59.51778790421745,3.4822120957825504
16,15.933653199484635,0.06634680051536535
44,41.443593686816605,2.5564063131833947
24,25.962675384086545,-1.9626753840865447
35,38.20901243241718,-3.2090124324171825
10,10.092684665606738,-0.09268466560673794
0,8.63035559976629,-8.63035559976629
32,31.499781798972013,0.5002182010279874
36,37.306906080226526,-1.3069060802265255
72,61.49063086097243,10.50936913902757
29,16.902008530222833,12.097991469777167
41,40.21533656356285,0.7846634364371496
0,5.286774108452714,-5.286774108452714
23,23.272151439754317,-0.27215143975431744
69,67.44751445819152,1.5524855418084798
70,52.42383765368652,17.57616234631348
13,28.275993946762195,-15.275993946762195
63,59.08646855105816,3.913531448941839
36,36.26210339393934,-0.26210339393934134
71,51.25784520058021,19.742154799419787
7,7.184550955811002,-0.18455095581100167
52,52.18418846523825,-0.1841884652382504
51,39.74310490087433,11.256895099125671
44,49.48732766677969,-5.4873276667796915
32,26.83118465077057,5.16881534922943
47,15.058244285306142,31.94175571469386
29,33.50322725207266,-4.503227252072662
9,14.77260735756404,-5.7726073575640395
24,24.44709867298515,-0.44709867298514894
44,42.25711595631586,1.7428840436841426
76,73.81233266431045,2.1876673356895537
34,29.91234963448774,4.0876503655122605
0,34.922308669853614,-34.922308669853614
32,36.39876736665638,-4.398767366656379
40,44.429371645897305,-4.429371645897305
61,45.41029701957036,15.589702980429642
65,67.16696891437901,-2.1669689143790123
2,2.2423534170734474,-0.24235341707344737
71,55.386463832158945,15.613536167841055
15,15.245793082059171,-0.24579308205917094
33,32.98244686787448,0.017553132125520676
72,67.14166909898557,4.858330901014426
0,0.8716368968946291,-0.8716368968946291
45,39.01461084986485,5.985389150135148
49,49.045131650361256,-0.04513165036125599
28,30.149128629182698,-2.149128629182698
9,8.970665907237432,0.02933409276256782
24,26.16957293978024,-2.1695729397802417
70,62.40663891263045,7.593361087369551
28,16.769688791342833,11.230311208657167
25,29.060943067284818,-4.060943067284818
53,49.518523605339446,3.481476394660554
83,71.37124517503943,11.628754824960566
75,50.128733680213166,24.871266319786834
43,38.552811320268084,4.447188679731916
72,71.57637358904908,0.42362641095091647
30,29.788291811173266,0.2117081888267336
74,70.83616163113963,3.163838368860368
48,45.23964249512195,2.7603575048780513
69,68.73547416011574,0.26452583988425715
8,10.11845780330108,-2.11845780330108
0,25.939537333084424,-25.939537333084424
44,45.30497395992913,-1.3049739599291286
3,33.28424633998384,-30.284246339983838
6,6.123640908392637,-0.12364090839263664
0,0.016036655211912946,-0.016036655211912946
33,51.801043125036976,-18.801043125036976
73,42.8721479021424,30.1278520978576
44,43.76696221206884,0.2330377879311598
35,36.35110466333959,-1.3511046633395907
38,55.45654744028369,-17.456547440283693
24,27.52398435319523,-3.5239843531952317
37,37.820343890653824,-0.8203438906538238
36,52.08129582079746,-16.081295820797457
29,32.689558042248834,-3.6895580422488337
75,21.28443183396153,53.715568166038466
40,39.98601982885767,0.013980171142328857
1,45.38670746309845,-44.38670746309845
0,27.539052918969343,-27.539052918969343
70,66.37292456313526,3.627075436864743
72,60.90542809534381,11.094571904656192
77,68.37691730690709,8.623082693092911
62,64.6048581156329,-2.6048581156328936
41,37.678913177612316,3.3210868223876844
37,37.39197674497886,-0.39197674497886226
55,47.252366069331565,7.747633930668435
64,55.787066595753444,8.212933404246556
20,21.40273698776023,-1.4027369877602283
21,7.007423758977002,13.992576241022999
0,4.49881484376197,-4.49881484376197
20,22.289702601529818,-2.289702601529818
7,8.154414151801983,-1.1544141518019835
30,24.648706236578676,5.3512937634213245
48,48.656587661829796,-0.6565876618297963
60,58.986836079416314,1.0131639205836862
50,51.75883596466189,-1.7588359646618912
81,71.03959280767452,9.960407192325476
0,4.189406780760392,-4.189406780760392
39,38.682023770643774,0.31797622935622627
17,8.572490667684708,8.427509332315292
54,52.40276924851878,1.59723075148122
16,12.27784392447748,3.72215607552252
46,35.551897009610805,10.448102990389195
53,46.91926026736956,6.080739732630441
25,25.685582539076904,-0.6855825390769041
61,57.725570880155175,3.274429119844825
55,43.989353890746656,11.010646109253344
71,64.53977092337547,6.460229076624529
0,0.08362714032817126,-0.08362714032817126
36,38.55895463659447,-2.5589546365944713
2,53.215869399448444,-51.215869399448444
1,1.2160406655747709,-0.21604066557477086
26,25.18305152241749,0.8169484775825104
46,36.84162564524631,9.15837435475369
12,11.833181482735661,0.16681851726433905
41,64.36020182480767,-23.360201824807675
41,44.016882222355164,-3.0168822223551643
28,47.21588846731739,-19.21588846731739
42,41.22603482006878,0.773965179931217
38,37.040514288863655,0.9594857111363453
64,60.26966372399013,3.730336276009872
37,39.09175585265764,-2.0917558526576414
0,36.04521524294939,-36.04521524294939
4,4.667221763965523,-0.6672217639655234
67,67.28305365827009,-0.28305365827009155
75,73.79689564791101,1.2031043520889853
65,56.99580549604172,8.004194503958281
61,57.16793427577479,3.8320657242252096
28,31.784167560694193,-3.7841675606941934
0,15.916087447679953,-15.916087447679953
66,52.59457537631033,13.405424623689669
50,47.85151377751439,2.1484862224856087
36,38.79267840071783,-2.7926784007178327
53,44.70895411058887,8.29104588941113
53,46.131178930449416,6.8688210695505845
74,68.82492563607525,5.17507436392475
78,74.02214902385793,3.977850976142065
61,55.81726088361163,5.182739116388369
54,50.569895159275305,3.4301048407246952
59,47.55753571886701,11.442464281132992
67,67.57500002607927,-0.575000026079266
57,50.35207061055241,6.64792938944759
53,51.46524468270485,1.5347553172951507
24,26.543837701563266,-2.543837701563266
10,9.947519803859963,0.05248019614003674
33,33.14879724537082,-0.1487972453708224
15,34.89965267752484,-19.89965267752484
50,44.700152295321125,5.299847704678875
0,0.7797858275827798,-0.7797858275827798
4,3.3340890112433046,0.6659109887566954
10,13.933418192700548,-3.9334181927005485
30,29.41687128552442,0.5831287144755812
0,0.6048776133613797,-0.6048776133613797
68,62.541137122274066,5.4588628777259345
48,20.382882965384134,27.617117034615866
36,47.83112451185779,-11.831124511857787
31,33.78717991283796,-2.7871799128379635
53,47.391312762211086,5.608687237788914
11,11.463134795361057,-0.46313479536105717
20,20.74551592194464,-0.7455159219446408
17,16.65546906021601,0.34453093978398996
3,33.92640965195564,-30.926409651955638
63,56.4640889304484,6.535911069551602
55,51.62567136116737,3.3743286388326297
65,52.49006627354054,12.509933726459458
0,12.87280192659918,-12.87280192659918
11,14.842775474984654,-3.842775474984654
51,48.60247376392124,2.397526236078761
53,46.52410656701758,6.475893432982417
41,37.37112957482075,3.628870425179251
75,76.52476414876064,-1.5247641487606387
60,31.784349651784567,28.215650348215433
5,25.941691737583113,-20.941691737583113
36,36.54228540594087,-0.5422854059408735
23,19.252791550892667,3.747208449107333
0,0.5673207906986318,-0.5673207906986318
20,20.37538092057801,-0.3753809205780101
53,50.96726568610761,2.032734313892391
22,21.957674244973976,0.04232575502602387
64,52.55301370402148,11.446986295978519
38,38.718707528349235,-0.7187075283492348
8,7.5784055825767975,0.42159441742320247
41,33.33444884852172,7.665551151478283
36,33.799016514767665,2.200983485232335
54,39.92808050786309,14.071919492136907
38,37.34158227006101,0.6584177299389893
21,32.38743166334912,-11.387431663349119
70,66.59178384999515,3.408216150004847
62,65.41529508802041,-3.4152950880204145
69,67.34819939960346,1.651800600396541
30,29.408344066324506,0.5916559336754936
27,25.010464122686326,1.9895358773136742
0,0.7592241149441468,-0.7592241149441468
41,49.994324874073065,-8.994324874073065
20,20.37538092057801,-0.3753809205780101
1,46.35656049923926,-45.35656049923926
81,47.21124148218222,33.78875851781778
44,46.701334633658334,-2.701334633658334
0,37.228655456225404,-37.228655456225404
8,9.298773139775504,-1.2987731397755038
48,48.091060949956926,-0.09106094995692615
18,17.31225053372518,0.6877494662748198
56,56.296686426284865,-0.2966864262848645
0,7.050937805160131,-7.050937805160131
48,62.077787462393076,-14.077787462393076
58,44.55731163924949,13.442688360750509
22,23.676705743167897,-1.6767057431678971
54,43.66410408432527,10.335895915674733
64,63.015019903761846,0.9849800962381536
21,51.96027957328191,-30.96027957328191
44,45.94940102460483,-1.949401024604832
25,24.387007802037154,0.6129921979628463
21,29.002277073437952,-8.002277073437952
38,17.986074981691814,20.013925018308186
52,55.37422113584796,-3.374221135847961
43,42.84230633730285,0.1576936626971488
59,48.07496519879656,10.925034801203438
39,27.213815989551392,11.786184010448608
28,11.409333169992669,16.59066683000733
14,40.380366519100036,-26.380366519100036
62,63.19102453859505,-1.1910245385950518
56,51.77751108919432,4.22248891080568
16,15.746420959449871,0.2535790405501288
43,32.38743166334912,10.612568336650881
38,39.69019934433453,-1.6901993443345305
83,62.76276893001946,20.237231069980538
0,44.451125370752834,-44.451125370752834
76,42.597026867188966,33.402973132811034
13,11.993137942082733,1.0068620579172674
62,61.41220577468674,0.5877942253132602
46,47.58892133074594,-1.58892133074594
27,32.23263534222572,-5.23263534222572
30,27.616924782534426,2.3830752174655743
37,7.216812770324515,29.783187229675484
36,53.60822603001024,-17.608226030010243
70,68.97015192138414,1.0298480786158564
0,28.25194945061639,-28.25194945061639
73,63.868206093120186,9.131793906879814
17,15.315468639744857,1.6845313602551428
80,72.05152644651683,7.9484735534831685
64,53.44070445208072,10.559295547919277
33,33.85566686109615,-0.8556668610961466
56,55.08002676771664,0.9199732322833611
66,64.41284941579343,1.5871505842065687
0,14.041061791063937,-14.041061791063937
49,44.68660866125031,4.313391338749689
0,0.6269658586523694,-0.6269658586523694
53,44.53060425168176,8.469395748318242
0,8.957380738960202,-8.957380738960202
17,17.068349493439246,-0.06834949343924634
25,28.252449240703676,-3.252449240703676
53,50.077716985210564,2.9222830147894356
73,62.97821090301644,10.02178909698356
53,58.02580634237899,-5.025806342378992
0,26.529078480286316,-26.529078480286316
32,32.04115826141975,-0.04115826141975276
65,27.43996939486631,37.56003060513369
20,19.17655415958159,0.8234458404184117
0,5.075871222739611,-5.075871222739611
29,34.95303810140067,-5.953038101400672
32,32.676741523419324,-0.6767415234193237
76,71.63980510522799,4.3601948947720075
43,54.94566960461384,-11.94566960461384
56,39.76331272828282,16.23668727171718
39,39.465897263291424,-0.4658972632914242
45,45.35228927945035,-0.3522892794503534
46,47.58889083633592,-1.5888908363359207
59,62.95576937103773,-3.955769371037732
27,25.36288524680857,1.6371147531914296
36,36.21555831219425,-0.21555831219424704
70,61.25461385741621,8.74538614258379
0,6.0273755557822675,-6.0273755557822675
41,39.64150169259546,1.3584983074045383
28,30.772479963838023,-2.7724799638380233
45,17.98309063621255,27.01690936378745
57,44.31657721828638,12.683422781713617
82,75.33689835157003,6.663101648429972
0,27.440749001520928,-27.440749001520928
25,22.8020410034188,2.1979589965811996
65,30.11701365731381,34.882986342686195
71,61.07965976658939,9.920340233410613
42,36.10822131476547,5.891778685234527
0,1.0708330654364657,-1.0708330654364657
24,9.157230187568073,14.842769812431927
74,71.6757797880478,2.324220211952195
20,19.2951048440806,0.7048951559193988
19,20.112390707857575,-1.1123907078575748
14,8.340061325106182,5.659938674893818
24,13.827418449952509,10.172581550047491
27,27.964061620741386,-0.9640616207413863
57,53.46094293526191,3.5390570647380883
10,11.71449392960562,-1.71449392960562
72,70.1523854036645,1.8476145963355037
0,5.386484025316743,-5.386484025316743
43,39.47516684859177,3.524833151408231
22,21.758085790783323,0.24191420921667728
51,59.83844319310968,-8.838443193109683
39,54.21780271732717,-15.217802717327167
45,50.434942053428244,-5.434942053428244
39,30.6572505839407,8.342749416059299
29,21.300794557714553,7.699205442285447
28,31.530429850154015,-3.5304298501540146
27,25.379983712014123,1.6200162879858766
61,54.532899539070044,6.467100460929956
37,38.27363683879059,-1.273636838790587
41,38.213375377764244,2.786624622235756
0,7.38105512013952,-7.38105512013952
0,1.0947729738017593,-1.0947729738017593
54,60.9784410263431,-6.9784410263430985
72,64.27583795527161,7.724162044728388
32,31.909112192826747,0.09088780717325307
65,67.16696891437901,-2.1669689143790123
39,38.956178335147285,0.04382166485271455
43,42.90141413853087,0.0985858614691324
43,41.458923729725555,1.541076270274445
0,24.34419309333886,-24.34419309333886
39,22.76378211500528,16.23621788499472
56,49.276681531129455,6.723318468870545
0,6.9673022030213465,-6.9673022030213465
69,63.16134320771673,5.838656792283267
42,36.74054464292602,5.259455357073982
82,66.8884844831785,15.111515516821498
42,43.60702339408811,-1.6070233940881096
7,7.325697925127601,-0.3256979251276011
46,50.66324413045843,-4.6632441304584304
0,0.14127690751402092,-0.14127690751402092
0,58.95605444578601,-58.95605444578601
51,46.31342288601323,4.686577113986772
50,56.76787727618052,-6.767877276180521
69,39.57524880999107,29.424751190008926
66,75.4265907388242,-9.426590738824203
74,66.87213754791296,7.127862452087044
38,33.93184079140827,4.06815920859173
70,48.97239941108366,21.027600588916343
61,56.178601182851075,4.821398817148925
59,57.0405024441372,1.9594975558627965
72,63.791600644736455,8.208399355263545
42,44.98397158690004,-2.98397158690004
60,58.92190342321672,1.078096576783281
53,56.8268674261728,-3.8268674261727966
43,42.785515441471844,0.21448455852815584
9,22.011015082664574,-13.011015082664574
78,35.462631402379515,42.537368597620485
61,62.9660524514289,-1.9660524514289008
18,18.403874973327444,-0.4038749733274436
0,0.35280894048262934,-0.35280894048262934
40,39.43684451610906,0.5631554838909381
0,0.08263786614302078,-0.08263786614302078
0,47.78607803308063,-47.78607803308063
61,58.84111851215171,2.1588814878482907
11,25.195207974508815,-14.195207974508815
33,27.29498092924057,5.70501907075943
14,11.30648265751004,2.69351734248996
60,43.19763259408758,16.80236740591242
39,36.50576753498013,2.49423246501987
68,66.50579978079419,1.4942002192058084
50,50.342840413576845,-0.3428404135768446
69,70.03641986977644,-1.036419869776438
58,58.94343858626021,-0.943438586260207
57,45.38678008985099,11.613219910149013
51,51.924860847047476,-0.9248608470474764
0,0.3293484694638502,-0.3293484694638502
10,9.648779159988619,0.351220840011381
55,60.55056308150406,-5.550563081504059
46,55.02471414442207,-9.02471414442207
30,37.167664921610594,-7.167664921610594
11,11.713212883002674,-0.713212883002674
63,43.5901906441711,19.409809355828898
46,35.3478382289106,10.652161771089403
33,33.79768033139516,-0.7976803313951635
48,39.6402185538985,8.3597814461015
0,10.67297014543831,-10.67297014543831
36,35.804645112207616,0.19535488779238364
0,2.8772848092010674,-2.8772848092010674
43,33.617189896041594,9.382810103958406
79,67.96272660972487,11.037273390275132
68,66.52427362227213,1.4757263777278666
46,38.82242853614047,7.177571463859529
32,31.71368928412739,0.2863107158726095
39,37.331995598976704,1.6680044010232962
74,54.629718583424484,19.370281416575516
10,17.51519586331849,-7.515195863318489
0,1.8899832022528462,-1.8899832022528462
44,51.74353396976051,-7.743533969760513
26,31.865622980279596,-5.865622980279596
31,38.629726022411866,-7.629726022411866
26,30.401030196705882,-4.401030196705882
65,48.51757539990017,16.482424600099833
22,17.721796638666845,4.278203361333155
73,15.92085457007742,57.079145429922576
14,14.0566610826348,-0.05666108263480041
47,58.907080488633106,-11.907080488633106
36,49.94936924764289,-13.949369247642892
0,9.90679680085535,-9.90679680085535
0,43.221019019092765,-43.221019019092765
44,43.86330453639502,0.13669546360497975
78,73.86126247482075,4.138737525179252
13,71.58682417543238,-58.58682417543238
77,75.91072983089647,1.0892701691035285
28,27.50252661949537,0.49747338050462986
43,45.173014244466465,-2.173014244466465
83,63.30386376606434,19.69613623393566
0,3.1125270665143314,-3.1125270665143314
37,38.572755209269985,-1.5727552092699852
48,46.39245767213826,1.6075423278617365
0,0.02652011028299688,-0.02652011028299688
64,62.80906817190595,1.190931828094051
38,60.0998475719586,-22.0998475719586
46,47.80100502311977,-1.801005023119771
44,40.41081925205765,3.5891807479423505
0,0.10767468499427262,-0.10767468499427262
41,41.42825682890964,-0.4282568289096389
28,28.083628017239363,-0.08362801723936286
36,38.385828262269456,-2.385828262269456
57,53.4807186274262,3.5192813725738006
33,34.0273779078564,-1.0273779078563976
71,44.972530233107456,26.027469766892544
48,50.19631105951353,-2.1963110595135333
38,29.72053590665076,8.27946409334924
0,19.01197190708697,-19.01197190708697
30,24.011529806546047,5.988470193453953
41,31.329603112894098,9.670396887105902
44,52.21329352229476,-8.213293522294762
66,63.92478934712695,2.0752106528730465
0,6.61187433618582,-6.61187433618582
24,26.984375008907598,-2.984375008907598
63,65.22159738150832,-2.2215973815083174
57,59.22078905224517,-2.2207890522451734
62,67.55868094755859,-5.558680947558585
29,32.096943481731664,-3.096943481731664
80,73.8751521769563,6.1248478230436945
52,49.600593824453824,2.3994061755461757
50,47.03776662411745,2.9622333758825476
0,0.21605143960963477,-0.21605143960963477
32,30.579684370774693,1.420315629225307
60,40.32634401661785,19.673655983382147
54,52.03088443536235,1.9691155646376473
34,38.08558482691351,-4.085584826913511
31,29.13935582918803,1.8606441708119696
62,54.33035710751626,7.669642892483743
43,40.280995093506476,2.7190049064935238
44,50.83555548403796,-6.835555484037961
11,12.037347804645117,-1.0373478046451172
0,1.7898121846542014,-1.7898121846542014
54,35.269206339187704,18.730793660812296
42,43.594267227339905,-1.5942672273399054
33,35.76264615876114,-2.762646158761143
49,49.380688102699274,-0.3806881026992741
34,32.06207564758446,1.9379243524155427
67,28.545019289606913,38.45498071039309
40,39.93215455769315,0.0678454423068473
76,48.72193536204983,27.278064637950173
64,55.739707412076235,8.260292587923765
34,36.0380141890779,-2.0380141890778987
0,0.08631221745533377,-0.08631221745533377
46,44.556967854256825,1.4430321457431745
29,32.50867751102745,-3.50867751102745
4,68.85804283536244,-64.85804283536244
0,13.782063378671246,-13.782063378671246
75,70.22487922276441,4.7751207772355855
52,43.97891526099006,8.021084739009943
46,43.47652162175073,2.5234783782492727
21,18.24460885890731,2.755391141092691
4,2.559033980996964,1.440966019003036
84,73.79689564791101,10.203104352088985
48,40.2469272987064,7.753072701293597
4,3.8968161471610885,0.10318385283891152
3,34.801584507174965,-31.801584507174965
43,47.93120712830808,-4.931207128308081
36,39.9779934648772,-3.9779934648772013
0,2.71971533131956,-2.71971533131956
31,41.72002024108286,-10.720020241082857
51,55.245368976907876,-4.245368976907876
1,9.33503848561624,-8.33503848561624
37,28.176305824087127,8.823694175912873
19,24.435935237392894,-5.4359352373928935
57,39.18830580867265,17.811694191327348
42,33.25994068900407,8.740059310995932
66,46.54167766078139,19.45832233921861
45,45.35709056103295,-0.35709056103294756
8,10.633880347683359,-2.633880347683359
78,55.893151018575196,22.106848981424804
28,19.290159031537993,8.709840968462007
30,31.55686623064621,-1.5568662306462109
62,45.44267214540393,16.557327854596068
0,17.418812535978017,-17.418812535978017
28,27.86042140124691,0.13957859875308998
16,12.599875704616878,3.4001242953831223
63,60.12243218562662,2.8775678143733785
27,27.03283147922861,-0.03283147922860863
43,44.0137008442803,-1.0137008442803008
45,52.98894791915815,-7.98894791915815
74,54.86985366137093,19.130146338629068
14,21.232092268024456,-7.232092268024456
0,30.691554813740893,-30.691554813740893
58,73.97184391665323,-15.971843916653228
47,43.87510729370047,3.1248927062995335
46,40.44918696168104,5.550813038318957
35,8.549095887674921,26.450904112325077
36,21.20475850162363,14.79524149837637
12,12.037347804645117,-0.03734780464511722
67,56.82911659378238,10.17088340621762
42,40.71803815828259,1.2819618417174112
43,44.13653660660893,-1.136536606608928
0,31.200225026377367,-31.200225026377367
35,41.92357562861113,-6.9235756286111325
27,27.006036536030138,-0.00603653603013754
62,60.664987193610216,1.3350128063897841
20,20.777576720290497,-0.7775767202904973
13,6.3500933533275425,6.6499066466724575
2,12.350951630458905,-10.350951630458905
43,34.660792140086286,8.339207859913714
29,28.719488387326866,0.2805116126731342
54,46.664752423264886,7.335247576735114
5,7.112301852477068,-2.112301852477068
23,33.94400084427741,-10.944000844277411
82,67.65182861017935,14.34817138982065
61,61.67274213667461,-0.6727421366746071
8,7.754014858349043,0.24598514165095686
71,65.17110113647094,5.828898863529062
47,55.08125992475504,-8.081259924755038
33,24.21416435052234,8.785835649477661
36,39.81078439484075,-3.810784394840752
0,6.4763751573864266,-6.4763751573864266
69,77.94055686567076,-8.940556865670757
27,37.817826314610656,-10.817826314610656
71,68.1555677793914,2.8444322206085957
29,29.33488854789115,-0.3348885478911505
71,55.18946178993582,15.81053821006418
0,3.4034529798248303,-3.4034529798248303
0,16.311827842712596,-16.311827842712596
37,37.408047930035565,-0.40804793003556483
0,29.79519339262083,-29.79519339262083
0,13.97529869683397,-13.97529869683397
29,29.366672854624024,-0.3666728546240243
5,4.8890380062589855,0.11096199374101445
85,70.03049631385458,14.969503686145416
26,54.089758205272794,-28.089758205272794
43,36.38192785635883,6.618072143641172
83,72.0499466318515,10.950053368148502
41,45.262887492335096,-4.262887492335096
16,29.985900936741107,-13.985900936741107
71,69.2710868364912,1.7289131635088069
59,47.95798176525533,11.042018234744667
2,56.93570997208343,-54.93570997208343
0,37.481526165043654,-37.481526165043654
11,12.425901044782643,-1.425901044782643
26,53.107906469536225,-27.107906469536225
0,0.27338216248378255,-0.27338216248378255
14,26.96853632480215,-12.968536324802152
0,20.376328101816817,-20.376328101816817
65,64.81603959029947,0.18396040970053207
2,30.944130430128002,-28.944130430128002
68,52.502667994423845,15.497332005576155
37,36.581159289244965,0.4188407107550347
29,27.306738760612085,1.6932612393879154
28,22.12546133851246,5.8745386614875414
37,9.473827143147323,27.526172856852675
33,34.43667154762116,-1.4366715476211596
32,34.38582833324218,-2.3858283332421806
0,0.45277530083368994,-0.45277530083368994
0,1.0959712490640325,-1.0959712490640325
0,2.068502794290322,-2.068502794290322
0,32.40197458639042,-32.40197458639042
0,14.143707389287897,-14.143707389287897
28,36.08268761462258,-8.082687614622579
79,81.63100235706526,-2.631002357065256
44,40.645071558302284,3.354928441697716
66,54.23221547009263,11.767784529907367
12,12.283238335760272,-0.2832383357602719
38,41.18306150126292,-3.1830615012629195
0,1.7514739945712603,-1.7514739945712603
9,9.855648316437202,-0.8556483164372022
55,59.68593998205056,-4.685939982050563
34,26.292268966960716,7.707731033039284
0,22.359155833334093,-22.359155833334093
63,58.19076601488602,4.809233985113977
0,5.909118182314059,-5.909118182314059
0,0.5326721556123478,-0.5326721556123478
25,24.866553275939843,0.1334467240601569
46,38.021248715575005,7.978751284424995
73,74.76968125293648,-1.7696812529364792
23,33.722483984629434,-10.722483984629434
59,59.43762678868984,-0.4376267886898404
0,0.18895575596606526,-0.18895575596606526
46,44.59035221335801,1.4096477866419903
13,17.093415636428475,-4.093415636428475
42,23.59525888566776,18.40474111433224
27,24.397853133828395,2.602146866171605
58,50.14901542521939,7.850984574780611
47,45.13657940182033,1.8634205981796725
62,62.49202769125451,-0.4920276912545134
20,20.77333297503146,-0.7733329750314617
76,59.06482851435238,16.935171485647622
41,39.48050327709291,1.5194967229070926
29,31.982365989591063,-2.982365989591063
48,46.23875890184978,1.7612410981502222
54,33.3722932162856,20.6277067837144
25,26.62649742429251,-1.6264974242925092
3,2.5857275316945323,0.4142724683054677
45,43.45253583577857,1.5474641642214308
0,16.024018088245143,-16.024018088245143
38,42.27873909823103,-4.2787390982310285
67,56.49970265915841,10.500297340841591
20,26.488940558924895,-6.488940558924895
3,4.760468814539844,-1.760468814539844
48,38.52758037654906,9.47241962345094
24,22.62429622104101,1.3757037789589894
25,23.452964026338567,1.5470359736614334
0,9.167415624207681,-9.167415624207681
59,53.85606617319481,5.143933826805188
23,26.488940558924895,-3.488940558924895
56,42.60888117653724,13.391118823462762
57,39.15328506762985,17.846714932370148
20,24.518016901963428,-4.518016901963428
51,41.83231167164504,9.167688328354963
40,44.08428378552453,-4.0842837855245335
54,50.605488051330454,3.394511948669546
44,47.57896275718666,-3.578962757186659
21,14.711993541377252,6.288006458622748
43,41.98237437688828,1.0176256231117193
59,35.65531575506927,23.344684244930733
56,56.79436050471333,-0.7943605047133317
11,40.49946766866469,-29.499467668664693
60,77.2831979216527,-17.2831979216527
1,20.87525660476614,-19.87525660476614
63,59.37548349314589,3.624516506854107
67,68.34720339118584,-1.3472033911858432
73,63.087233214061676,9.912766785938324
52,53.58622222310983,-1.5862222231098286
56,49.08345381851233,6.916546181487668
56,46.39914951969742,9.600850480302583
61,59.842350680964024,1.1576493190359756
52,52.78559290558121,-0.7855929055812112
17,17.569331637639234,-0.5693316376392339
52,21.004689582469872,30.995310417530128
32,9.87253139011716,22.12746860988284
62,57.30129052441062,4.698709475589382
9,19.80931371933865,-10.80931371933865
0,6.502393812271061,-6.502393812271061
46,43.89593259864915,2.1040674013508465
77,63.38972108596433,13.610278914035668
60,67.3960814427575,-7.396081442757506
52,52.63286370718882,-0.6328637071888181
39,37.82955520172081,1.170444798279192
0,29.995553514721347,-29.995553514721347
5,4.931362617837032,0.06863738216296777
38,37.05795853175056,0.9420414682494425
0,0.5005210234591678,-0.5005210234591678
68,70.49286610953499,-2.4928661095349867
56,56.543064141958794,-0.5430641419587943
17,17.008112935866183,-0.008112935866183335
50,51.11614980925053,-1.1161498092505298
13,20.549193581704436,-7.549193581704436
29,28.218515550555153,0.7814844494448465
54,43.29735517863244,10.702644821367556
47,45.14481521882766,1.8551847811723405
64,67.03897069538127,-3.0389706953812663
0,19.9803175738103,-19.9803175738103
40,41.97290336400094,-1.972903364000942
51,39.8043304259246,11.195669574075403
30,33.52885844430492,-3.528858444304923
27,30.840749865670066,-3.840749865670066
0,28.447238420851818,-28.447238420851818
25,29.909252273934705,-4.909252273934705
31,30.72924116988405,0.27075883011594826
0,0.9216595019269428,-0.9216595019269428
41,31.383946748322682,9.616053251677318
66,40.82990703471205,25.17009296528795
39,42.27622748134448,-3.2762274813444776
18,14.923728209219954,3.076271790780046
52,50.49181636029544,1.508183639704562
15,4.1891566159146185,10.81084338408538
30,29.329941417634792,0.6700585823652077
61,35.19680439042219,25.803195609577813
55,63.03627212044917,-8.03627212044917
0,19.807135541912764,-19.807135541912764
68,31.624656391712684,36.37534360828732
70,70.45953426988093,-0.45953426988093327
44,43.98644521015881,0.013554789841187187
60,42.783932353645255,17.216067646354745
63,41.766201359225924,21.233798640774076
28,28.18779925216571,-0.18779925216571058
19,26.81647600518584,-7.816476005185841
26,46.93816871757988,-20.938168717579877
0,0.15546397031265674,-0.15546397031265674
45,45.19959399972816,-0.19959399972815817
48,42.440477031891874,5.559522968108126
60,37.455807967316225,22.544192032683775
71,60.148263238216224,10.851736761783776
42,41.791563941207045,0.20843605879295524
36,37.97005562020822,-1.9700556202082211
38,46.19890467743556,-8.198904677435557
49,48.6857557819873,0.3142442180127034
24,24.12515722918646,-0.12515722918645977
67,39.27080901303672,27.72919098696328
61,48.53988479213114,12.46011520786886
0,2.213813866091394,-2.213813866091394
70,66.28135795546302,3.7186420445369777
52,56.157105178423144,-4.157105178423144
43,37.161487671208484,5.838512328791516
51,49.579806937682065,1.420193062317935
41,19.640657588832827,21.359342411167173
50,63.720952704976504,-13.720952704976504
22,34.86729482115427,-12.867294821154267
25,25.226175682406396,-0.22617568240639585
52,50.46656434415046,1.5334356558495372
59,58.99946518238764,0.0005348176123618487
78,53.82862429574921,24.171375704250792
69,63.53762282859158,5.46237717140842
48,47.83817843842989,0.16182156157010752
28,30.458202584244763,-2.458202584244763
37,46.0483391726857,-9.0483391726857
61,43.95416138393725,17.045838616062753
2,49.386183702635286,-47.386183702635286
11,12.490902440312402,-1.4909024403124018
54,47.39018350886464,6.609816491135362
68,68.63363411574399,-0.6336341157439875
55,54.518431247493155,0.4815687525068455
53,49.63290921395369,3.3670907860463117
7,3.338843339066361,3.661156660933639
51,47.818237506197725,3.1817624938022746
24,44.23653353945131,-20.236533539451308
37,33.39314247599286,3.6068575240071397
37,28.376587910850535,8.623412089149465
52,70.37577570070346,-18.375775700703457
0,35.54002780858984,-35.54002780858984
49,49.03483493068314,-0.034834930683139476
60,45.3892467245439,14.610753275456098
50,30.759564498751736,19.240435501248264
47,19.99232735906535,27.00767264093465
83,65.99170236776226,17.008297632237742
63,32.99347915525713,30.006520844742873
57,44.83505603937192,12.16494396062808
33,33.049404937333975,-0.049404937333974885
45,44.62574688536057,0.3742531146394299
1,2.45123853486023,-1.45123853486023
43,45.26711620558443,-2.267116205584429
36,39.812923818908885,-3.812923818908885
73,65.86625443928797,7.133745560712029
0,0.851495461077064,-0.851495461077064
33,40.43757177953579,-7.437571779535787
36,33.727800763912214,2.2721992360877863
50,56.37169262667575,-6.3716926266757525
41,38.91270240038327,2.0872975996167327
60,55.319780444127744,4.680219555872256
0,1.6204694694385418,-1.6204694694385418
78,74.95023680361462,3.049763196385385
15,28.411027355445242,-13.411027355445242
7,29.514736618463566,-22.514736618463566
69,70.87524033881338,-1.8752403388133843
15,8.782865052709603,6.217134947290397
4,5.181313522292905,-1.1813135222929052
4,11.808034514733501,-7.808034514733501
29,28.676418062628322,0.32358193737167795
70,57.051077604111974,12.948922395888026
21,21.63768582878595,-0.6376858287859513
48,50.17074953691703,-2.170749536917029
15,12.555424744237154,2.444575255762846
24,20.004266899418813,3.9957331005811874
23,25.870983886325913,-2.870983886325913
57,48.79830815038518,8.201691849614818
47,35.19680439042219,11.803195609577813
71,65.82203999506476,5.177960004935244
0,49.7810242300134,-49.7810242300134
43,44.12480046443563,-1.12480046443563
0,0.7003278354000224,-0.7003278354000224
64,61.58610023325092,2.4138997667490827
77,61.906779117207975,15.093220882792025
16,17.179415841588927,-1.179415841588927
44,13.930932585730126,30.069067414269874
67,66.53231424537091,0.46768575462908757
30,59.51986775063072,-29.519867750630723
1,6.267180366064985,-5.267180366064985
43,39.70167949379006,3.29832050620994
1,70.92713349983676,-69.92713349983676
70,70.81631759639507,-0.8163175963950664
12,16.59634811361374,-4.59634811361374
56,56.48137299987831,-0.4813729998783103
66,66.83029439025508,-0.8302943902550766
18,19.33887459460263,-1.338874594602629
13,39.25121263420129,-26.251212634201288
37,17.40594309689762,19.59405690310238
0,0.37893098724923124,-0.37893098724923124
73,74.38381476978014,-1.3838147697801446
70,69.95117968841218,0.048820311587817855
24,29.632583203030624,-5.632583203030624
80,70.40065684967136,9.599343150328636
17,24.034990756549817,-7.034990756549817
0,3.4763036245412193,-3.4763036245412193
64,47.5450418934522,16.4549581065478
0,0.2477592349029584,-0.2477592349029584
81,76.3001795264682,4.699820473531801
22,23.778480229453297,-1.7784802294532973
15,14.897422164027038,0.1025778359729621
78,62.96926418282313,15.030735817176868
33,32.66809932890837,0.33190067109163124
54,4.188093230781894,49.811906769218105
1,40.22341925979235,-39.22341925979235
39,39.53992436646122,-0.5399243664612214
70,67.61788482617719,2.382115173822811
0,0.04393046815727228,-0.04393046815727228
58,53.54724567835563,4.45275432164437
33,38.929997415122116,-5.929997415122116
37,28.718579228566014,8.281420771433986
0,23.179260322000584,-23.179260322000584
44,46.147289929473835,-2.1472899294738355
60,55.246776484790274,4.753223515209726
33,33.01645336381503,-0.016453363815031707
45,43.72536889728442,1.2746311027155812
80,68.44751166717047,11.552488332829526
8,8.373440942922166,-0.3734409429221657
42,42.312770236588314,-0.3127702365883138
63,55.28704538311939,7.712954616880609
50,49.38026799452192,0.6197320054780775
51,46.43223074140637,4.5677692585936285
0,27.97620286283484,-27.97620286283484
23,36.14570891582309,-13.145708915823093
45,40.946295691756184,4.053704308243816
0,25.716366697736134,-25.716366697736134
57,57.35790071568942,-0.35790071568941784
81,76.24100827924158,4.7589917207584165
69,67.57500002607927,1.424999973920734
80,76.52476414876064,3.4752358512393613
52,49.249749683868245,2.750250316131755
63,71.85708965454714,-8.857089654547138
0,0.0,0.0
24,24.207723309166518,-0.20772330916651782
54,21.714523740200736,32.28547625979927
39,42.5390526917633,-3.5390526917633025
56,52.16825328202584,3.8317467179741627
0,0.34935202455549713,-0.34935202455549713
60,48.211908350089956,11.788091649910044
49,52.321222019685116,-3.3212220196851163
66,57.61773986991822,8.382260130081782
72,60.67970450397334,11.32029549602666
41,46.201513291715806,-5.201513291715806
49,43.11481850515814,5.885181494841859
0,7.641120857504877,-7.641120857504877
45,51.606791312876965,-6.606791312876965
0,8.3111697199326,-8.3111697199326
43,33.51775594670178,9.482244053298217
66,59.945169548887705,6.054830451112295
27,40.99459026694806,-13.994590266948059
0,18.86032871187502,-18.86032871187502
0,51.298907353294595,-51.298907353294595
0,0.23029092126234915,-0.23029092126234915
67,48.82500969865778,18.17499030134222
51,44.643179353768275,6.356820646231725
0,0.21532017519220556,-0.21532017519220556
63,64.5243781693849,-1.524378169384903
40,34.341675089097826,5.658324910902174
18,19.352507625179598,-1.352507625179598
29,39.178472202240535,-10.178472202240535
44,38.52536480452141,5.474635195478591
0,26.083744651643297,-26.083744651643297
0,1.2991333539329974,-1.2991333539329974
76,75.90810889587387,0.09189110412613388
51,40.117520712853235,10.882479287146765
0,10.35183664941397,-10.35183664941397
0,7.411096674488775,-7.411096674488775
20,18.69707217843516,1.3029278215648397
69,68.96400411897073,0.03599588102926532
41,46.254568620906625,-5.254568620906625
27,30.145825602528422,-3.145825602528422
29,29.84945161809801,-0.8494516180980085
23,10.283830468836706,12.716169531163294
46,62.897195913123504,-16.897195913123504
36,36.2714661215082,-0.2714661215081975
64,57.0709122439447,6.929087756055303
0,7.059705923061103,-7.059705923061103
0,44.11565781765205,-44.11565781765205
56,62.918194184793734,-6.918194184793734
41,40.61805867692935,0.38194132307064876
25,11.424545807245238,13.575454192754762
55,53.270629245399824,1.7293707546001755
39,33.400304226974306,5.599695773025694
38,33.47486283215724,4.525137167842757
56,70.82325361447201,-14.823253614472009
4,15.84137505413713,-11.84137505413713
4,4.85827919282335,-0.8582791928233497
51,46.27051514392994,4.729484856070059
20,19.23768203150896,0.7623179684910397
40,34.22250717160754,5.777492828392461
19,19.129949554061092,-0.129949554061092
66,56.214186434886685,9.785813565113315
56,33.12349579068539,22.87650420931461
0,10.356922669923673,-10.356922669923673
57,57.100594071116305,-0.10059407111630492
11,10.83835009916531,0.16164990083468922
0,24.05936447604832,-24.05936447604832
34,37.84569809248479,-3.8456980924847883
54,53.86651242106733,0.13348757893267305
21,28.996792909767194,-7.996792909767194
75,72.02716302748364,2.9728369725163617
34,34.31382367866939,-0.31382367866938665
0,40.55607528395996,-40.55607528395996
53,47.78080143990069,5.219198560099308
54,54.73349361698897,-0.733493616988973
67,76.816438373434,-9.816438373433996
80,53.8000846194322,26.199915380567802
0,9.256124703183527,-9.256124703183527
68,65.25731312998145,2.742686870018545
0,25.745594039919318,-25.745594039919318
14,24.011529806546047,-10.011529806546047
52,49.510738250308165,2.489261749691835
66,58.51002045822329,7.489979541776712
34,27.23175343745987,6.768246562540131
0,0.05775925750152554,-0.05775925750152554
27,26.7615753767389,0.2384246232610998
58,59.22440730890133,-1.224407308901327
49,28.957206918558285,20.042793081441715
81,76.63996946564872,4.3600305343512815
21,22.103685773006575,-1.1036857730065748
55,44.41212616132288,10.587873838677119
0,0.0,0.0
52,54.115518888082185,-2.1155188880821854
13,12.864074859068728,0.13592514093127228
30,30.388199694676256,-0.38819969467625626
32,31.534244492412718,0.4657555075872821
39,38.342482962138874,0.6575170378611261
2,32.2934670876504,-30.2934670876504
56,43.299671973182946,12.700328026817054
67,63.907027370276026,3.092972629723974
0,22.316403514803998,-22.316403514803998
4,10.262996580339314,-6.262996580339314
53,50.03172404220298,2.968275957797019
18,17.938137173475535,0.06186282652446451
63,52.06383010623141,10.936169893768593
79,76.88948314953467,2.1105168504653307
44,53.78937216940933,-9.789372169409333
64,64.77353326646657,-0.773533266466572
40,6.126235623064023,33.87376437693598
0,0.46069581430406176,-0.46069581430406176
0,14.17804432332935,-14.17804432332935
62,66.5598901082037,-4.559890108203703
7,23.619547980231122,-16.619547980231122
22,21.703833205310133,0.2961667946898672
14,13.49388870689642,0.5061112931035794
46,46.8980136074574,-0.8980136074574006
2,3.0871212668605876,-1.0871212668605876
63,20.58099945116193,42.41900054883807
38,37.783203822961134,0.21679617703886578
50,45.20409212297343,4.795907877026572
52,31.95699929593397,20.04300070406603
40,39.614712008773694,0.3852879912263063
0,31.73189381882674,-31.73189381882674
48,39.177591538779204,8.822408461220796
60,57.63281405291951,2.3671859470804932
68,56.26235612316514,11.73764387683486
45,42.45571754225787,2.5442824577421277
39,36.883708252312076,2.1162917476879244
20,16.205841478502887,3.7941585214971134
0,0.708767010304244,-0.708767010304244
59,67.5225692441376,-8.5225692441376
40,36.08817331165892,3.9118266883410797
0,2.1132278557046433,-2.1132278557046433
65,54.67722087128033,10.322779128719667
51,44.57593223767403,6.4240677623259685
38,38.99038068366489,-0.9903806836648883
41,66.89423019855901,-25.894230198559015
0,1.1089803177546693,-1.1089803177546693
10,34.639855942519375,-24.639855942519375
27,30.82996510279503,-3.829965102795029
71,60.55749749058866,10.44250250941134
3,5.385223951042296,-2.3852239510422963
3,23.084363628421272,-20.084363628421272
0,7.047685655651369,-7.047685655651369
0,0.4545268543979884,-0.4545268543979884
11,8.991826257591216,2.0081737424087844
11,18.410055881791042,-7.410055881791042
0,8.901588368423006,-8.901588368423006
78,64.47581374615532,13.524186253844675
3,60.61680160222075,-57.61680160222075
38,38.49904328077737,-0.4990432807773715
17,15.511644875292273,1.4883551247077271
38,37.34378190424808,0.6562180957519175
37,38.27084101197905,-1.2708410119790514
67,38.14689155090481,28.85310844909519
0,1.4513115940950994,-1.4513115940950994
51,47.81507300716245,3.1849269928375534
43,45.30289114021309,-2.3028911402130916
69,51.6755726820714,17.324427317928603
27,21.76824607176868,5.231753928231321
0,0.2671739486172476,-0.2671739486172476
58,22.604761975091645,35.39523802490835
0,0.16699962951912653,-0.16699962951912653
47,20.102632958135462,26.897367041864538
41,32.46194693974614,8.538053060253858
0,5.095386788862174,-5.095386788862174
0,32.02459492982986,-32.02459492982986
58,46.794505026517825,11.205494973482175
0,0.32098165765417674,-0.32098165765417674
41,43.64643552145677,-2.646435521456773
78,38.137775759958814,39.862224240041186
48,35.602477151894036,12.397522848105964
65,43.63862259027115,21.361377409728853
37,29.163165977274744,7.836834022725256
51,39.3430513097562,11.656948690243802
62,51.19236652657436,10.80763347342564
58,62.640825799682375,-4.640825799682375
6,28.460990907546847,-22.460990907546847
11,16.178189046397105,-5.1781890463971045
54,25.0289569011948,28.9710430988052
31,29.604299892159144,1.395700107840856
44,44.57693814679936,-0.5769381467993568
51,54.726960291775065,-3.7269602917750646
53,69.61817534056271,-16.618175340562715
72,66.71518268245838,5.2848173175416235
45,46.144495191467776,-1.144495191467776
34,30.02477974158764,3.97522025841236
44,50.862713054148635,-6.862713054148635
42,32.44636636957538,9.55363363042462
15,26.124079679426234,-11.124079679426234
0,0.18146239022527683,-0.18146239022527683
34,30.675771290988923,3.324228709011077
59,60.56828545287515,-1.568285452875152
43,44.868646987840116,-1.8686469878401155
39,38.88634209679758,0.11365790320242297
27,27.53412619962667,-0.5341261996266695
45,39.57997045909093,5.42002954090907
21,20.412296917035935,0.5877030829640653
1,38.890428026529925,-37.890428026529925
70,70.29009409337688,-0.2900940933768794
21,22.671769350624466,-1.6717693506244657
57,40.46920243821495,16.53079756178505
30,24.595862795568564,5.404137204431436
44,34.77821462461771,9.22178537538229
35,34.21252333531663,0.7874766646833677
68,59.62559911389685,8.374400886103153
12,11.338392600064521,0.6616073999354786
26,32.58720921486559,-6.587209214865588
40,38.91440468767853,1.0855953123214732
12,30.922800033373658,-18.922800033373658
28,28.59977523817653,-0.5997752381765302
1,49.29491686802214,-48.29491686802214
5,6.467388199840147,-1.4673881998401468
0,7.802881467163917,-7.802881467163917
78,76.56226847351627,1.4377315264837307
3,3.435899172295407,-0.43589917229540687
65,55.245368976907876,9.754631023092124
38,45.74750507503967,-7.747505075039669
31,23.999685978892067,7.000314021107933
59,49.23017675645749,9.769823243542511
52,53.79057387760542,-1.7905738776054179
49,28.765578966881883,20.234421033118117
24,61.31179040825669,-37.31179040825669
46,54.38453723004638,-8.384537230046377
50,46.75952231845682,3.240477681543183
68,50.34762554609577,17.65237445390423
60,47.226503943238306,12.773496056761694
86,69.9747892733826,16.025210726617402
80,67.75575411440482,12.244245885595177
54,47.089901591213895,6.910098408786105
37,46.023169738650985,-9.023169738650985
83,82.89509734601023,0.10490265398976817
55,65.79076614826855,-10.790766148268546
41,55.183772062719804,-14.183772062719804
15,14.361881095062412,0.6381189049375884
58,58.50544580040845,-0.5054458004084523
0,22.663206186353555,-22.663206186353555
38,38.73422636444494,-0.7342263644449432
87,56.58057023594101,30.41942976405899
30,27.461810495660234,2.5381895043397655
0,24.784043413097066,-24.784043413097066
0,1.7051729894210188,-1.7051729894210188
60,54.84300032554287,5.156999674457133
1,15.139402680289638,-14.139402680289638
51,28.272333571317304,22.727666428682696
31,29.446024197665988,1.553975802334012
46,45.79808755963534,0.2019124403646586
54,52.836952837034076,1.163047162965924
0,34.46555008536074,-34.46555008536074
18,16.655248838900523,1.3447511610994773
27,20.448560620633685,6.551439379366315
9,6.267180366064985,2.732819633935015
73,73.55470840087487,-0.5547084008748726
38,39.00595026489044,-1.005950264890437
21,29.206459207949397,-8.206459207949397
58,57.762377472658315,0.23762252734168499
24,17.95491487227889,6.045085127721109
70,62.30832845988529,7.6916715401147115
81,76.57241537087346,4.427584629126542
49,45.274547499282534,3.7254525007174664
0,28.466462161155317,-28.466462161155317
71,69.84719653194105,1.1528034680589485
68,41.30472449784044,26.69527550215956
59,34.89873845981053,24.10126154018947
49,39.38381084718184,9.616189152818158
32,24.554899201475152,7.445100798524848
48,40.54167979267499,7.458320207325009
23,22.364403520999417,0.6355964790005828
43,42.418861496793895,0.5811385032061054
40,8.62548361444192,31.37451638555808
0,18.28550232580516,-18.28550232580516
38,40.52699540383622,-2.5269954038362172
49,73.22655928187132,-24.226559281871317
46,53.319516954644754,-7.3195169546447545
52,40.119119941076114,11.880880058923886
38,38.19445148752073,-0.19445148752073038
84,55.18204925990652,28.81795074009348
31,29.87447432063236,1.125525679367641
35,48.467782141293696,-13.467782141293696
28,24.4773394275793,3.522660572420701
6,7.125813240486567,-1.1258132404865666
69,65.04907043338395,3.950929566616054
54,54.20071143198228,-0.2007114319822776
54,45.17338976913808,8.826610230861917
38,19.8908637381511,18.1091362618489
77,80.26378688119807,-3.2637868811980724
60,53.67986873422924,6.320131265770762
50,49.922601264521525,0.07739873547847509
42,39.812923818908885,2.187076181091115
0,0.0,0.0
0,14.568575466401557,-14.568575466401557
0,35.70550051541978,-35.70550051541978
62,58.81457604120509,3.1854239587949067
47,47.600754334787915,-0.600754334787915
52,50.82891803967613,1.1710819603238676
0,0.3142840367151675,-0.3142840367151675
0,27.80517362039501,-27.80517362039501
22,35.00860121869518,-13.008601218695183
63,67.6385434215886,-4.638543421588594
22,24.440575725779276,-2.4405757257792757
5,38.83389675633822,-33.83389675633822
59,65.91182390007985,-6.9118239000798525
64,45.73090801107385,18.26909198892615
45,38.025569382783104,6.974430617216896
27,18.771323744075897,8.228676255924103
38,44.83286802189097,-6.832868021890967
0,38.0133579201753,-38.0133579201753
51,53.06575328148334,-2.065753281483339
56,45.081412249739316,10.918587750260684
50,53.73042515960812,-3.7304251596081173
0,7.914580836573673,-7.914580836573673
66,74.26761005326077,-8.267610053260768
59,43.06978470967286,15.93021529032714
42,38.71377508540027,3.286224914599728
36,26.35310662959099,9.64689337040901
0,0.9939086433495313,-0.9939086433495313
63,48.93352270177891,14.066477298221088
67,73.27087399560185,-6.270873995601846
47,45.8501962090295,1.149803790970502
36,35.196788166632416,0.803211833367584
40,38.793891342413175,1.2061086575868245
49,27.310636121332053,21.689363878667947
26,28.29565262465233,-2.2956526246523303
0,0.6356174523819343,-0.6356174523819343
30,31.914610561975906,-1.9146105619759055
9,8.698015122339198,0.30198487766080184
41,41.20648575469511,-0.20648575469510888
41,60.86213763561308,-19.86213763561308
77,54.28337739372515,22.716622606274854
0,10.27075592329779,-10.27075592329779
62,61.598934913738084,0.40106508626191584
45,45.879260809831806,-0.8792608098318055
57,62.96476488630067,-5.964764886300671
13,11.274692362459215,1.7253076375407854
35,38.01597057676355,-3.01597057676355
0,7.546321532976049,-7.546321532976049
35,23.45540914783865,11.544590852161349
55,54.498181672135225,0.5018183278647754
81,57.45214975387279,23.54785024612721
36,38.749272478382686,-2.749272478382686
26,24.656000956841105,1.3439990431588953
0,23.659841786879262,-23.659841786879262
31,1.3652503506134757,29.634749649386524
82,79.37320139012284,2.626798609877156
32,31.22821952475932,0.7717804752406785
38,29.155033806946236,8.844966193053764
3,0.6010318329844521,2.398968167015548
25,41.53652812746479,-16.53652812746479
0,26.724384989138077,-26.724384989138077
60,57.60477679703039,2.3952232029696106
73,69.39663549325233,3.603364506747667
51,47.582904909738254,3.4170950902617463
42,36.24527106008939,5.754728939910613
71,54.22364440201,16.776355597989998
8,15.284363877489517,-7.2843638774895165
21,21.64091026813464,-0.6409102681346397
0,0.00567905375166693,-0.00567905375166693
69,48.134611842774454,20.865388157225546
57,52.21718976500471,4.782810234995289
73,72.55341994397992,0.4465800560200819
46,45.0684548952617,0.9315451047382979
0,17.401270556008516,-17.401270556008516
50,50.43211399033581,-0.43211399033580733
6,8.686537635849637,-2.6865376358496373
42,41.277195146894414,0.7228048531055862
49,43.79163077747041,5.208369222529591
33,36.913107657291015,-3.9131076572910146
55,45.56877327145113,9.431226728548872
68,70.83490754830147,-2.834907548301473
46,50.24305702996696,-4.2430570299669625
50,49.90071228509554,0.09928771490446309
0,0.3211173503607823,-0.3211173503607823
32,27.170138713687074,4.829861286312926
44,46.199185393690634,-2.199185393690634
35,38.15418715367312,-3.1541871536731207
21,15.098446034102237,5.901553965897763
14,14.50705715122378,-0.5070571512237798
39,37.92720925466333,1.0727907453366683
51,44.31657721828638,6.683422781713617
63,63.04120468034702,-0.04120468034702185
1,25.50403962539758,-24.50403962539758
67,58.83333881101808,8.16666118898192
25,19.61644314876591,5.38355685123409
32,29.571719475638695,2.4282805243613055
4,43.471518656057036,-39.471518656057036
0,9.919196957430788,-9.919196957430788
50,48.60247376392124,1.397526236078761
22,32.6890424283727,-10.689042428372701
51,43.66138092933628,7.338619070663718
32,33.01666549543378,-1.0166654954337773
48,45.857173046521325,2.142826953478675
0,0.0752590272231225,-0.0752590272231225
24,24.182692460334962,-0.18269246033496245
0,10.966677315060826,-10.966677315060826
0,2.1234644373213207,-2.1234644373213207
50,51.38927776515493,-1.3892777651549295
85,62.308533189438414,22.691466810561586
7,6.131616842973155,0.8683831570268454
44,45.43904938476601,-1.4390493847660082
66,63.55293148222092,2.44706851777908
48,48.9800359185673,-0.9800359185673031
58,57.231847762472036,0.7681522375279641
0,21.210917213187226,-21.210917213187226
57,24.758881468479036,32.24111853152097
41,18.957006862997982,22.042993137002018
33,32.686846847914566,0.3131531520854338
0,6.3069009273174075,-6.3069009273174075
33,29.99173515393388,3.008264846066119
39,34.6631362818613,4.3368637181387015
63,59.568159494730025,3.4318405052699745
33,28.324451228485785,4.675548771514215
60,58.33603249137377,1.6639675086262287
0,0.0,0.0
60,66.36492050687714,-6.364920506877141
0,22.628116758408055,-22.628116758408055
48,43.18272136293074,4.817278637069258
1,2.7007343066591893,-1.7007343066591893
83,54.10729749553323,28.89270250446677
0,39.597291103589654,-39.597291103589654
49,46.568589430218275,2.4314105697817254
55,52.94113445881654,2.058865541183458
47,38.87309937587155,8.126900624128453
44,43.93755052766848,0.062449472331522315
0,0.553995539808819,-0.553995539808819
45,58.85346703279506,-13.85346703279506
0,3.405835215104288,-3.405835215104288
49,36.46678259201234,12.533217407987657
4,51.96840223994136,-47.96840223994136
60,44.91365027711542,15.086349722884577
70,52.38355051434023,17.61644948565977
0,10.828999667538175,-10.828999667538175
80,52.72222013161591,27.277779868384087
46,39.27080901303672,6.729190986963282
39,54.26226330521036,-15.262263305210361
0,0.12739077867028045,-0.12739077867028045
27,26.368751543990175,0.6312484560098248
34,31.019789491338845,2.9802105086611554
19,13.62879223688307,5.37120776311693
40,39.96314149569438,0.03685850430561999
21,21.2711702738631,-0.271170273863099
55,35.10210121814034,19.89789878185966
63,62.421342098054815,0.578657901945185
19,19.674854643723425,-0.6748546437234246
0,25.642179650228368,-25.642179650228368
36,36.586178106030346,-0.5861781060303457
69,67.94881280933981,1.0511871906601868
44,40.83810150197794,3.1618984980220617
41,40.272020330065104,0.7279796699348964
66,64.23905060519402,1.7609493948059765
11,13.97504416958242,-2.9750441695824197
60,57.383075186985764,2.6169248130142364
50,50.19045498184223,-0.19045498184222964
0,2.617140574159399,-2.617140574159399
71,32.376853988792156,38.623146011207844
78,63.692308798950954,14.307691201049046
69,70.37677454838948,-1.376774548389477
0,24.98363221652014,-24.98363221652014
29,22.599886719996814,6.400113280003186
51,50.31975860925275,0.6802413907472484
57,58.075817676783245,-1.0758176767832452
33,32.092764792242534,0.9072352077574664
0,10.16779167003762,-10.16779167003762
0,26.401346163854527,-26.401346163854527
63,57.67099423208703,5.329005767912967
50,57.118267980238315,-7.118267980238315
39,36.80067720085175,2.1993227991482485
0,35.37090101606382,-35.37090101606382
0,6.839365636614041,-6.839365636614041
48,13.314634421432057,34.68536557856794
22,18.53218557428454,3.46781442571546
47,40.0351522762259,6.964847723774099
50,44.628372539653284,5.371627460346716
0,27.749925783839114,-27.749925783839114
53,52.84056023813002,0.159439761869983
42,62.81235215546985,-20.812352155469853
34,37.39388557870255,-3.3938855787025517
0,11.048270312178431,-11.048270312178431
54,32.89100285411455,21.108997145885454
0,49.604605123055855,-49.604605123055855
74,44.514158613775955,29.485841386224045
44,43.205153738541405,0.7948462614585949
28,46.26701337985273,-18.267013379852727
20,45.819990193492124,-25.819990193492124
58,53.20348148508797,4.79651851491203
41,36.888672942199136,4.111327057800864
42,26.584618598003487,15.415381401996513
17,19.39268199526136,-2.392681995261359
7,4.24109303831077,2.75890696168923
45,42.16649331206118,2.833506687938822
63,46.261666965173454,16.738333034826546
21,30.12601130128235,-9.12601130128235
26,36.35427591966174,-10.354275919661738
35,34.69840381677835,0.3015961832216476
37,28.30401707739979,8.695982922600209
42,42.397450695670734,-0.39745069567073443
56,30.151500507944206,25.848499492055794
58,55.31719629278888,2.6828037072111215
79,53.362507634124306,25.637492365875694
41,41.50312020398657,-0.503120203986569
22,30.45633113660929,-8.45633113660929
0,0.5211340206185567,-0.5211340206185567
0,17.59836861261011,-17.59836861261011
33,32.27603262153234,0.7239673784676626
52,51.867218814117386,0.13278118588261378
0,0.20527669528719614,-0.20527669528719614
51,50.36251901130779,0.6374809886922108
54,42.67006353461309,11.329936465386908
1,32.564011529738586,-31.564011529738586
0,17.1345272165866,-17.1345272165866
22,0.38741782160540744,21.612582178394593
67,66.86438765042595,0.13561234957404622
65,15.691363476862234,49.308636523137764
75,66.9549002611829,8.0450997388171
73,61.6470819264559,11.352918073544103
55,40.177035908853846,14.822964091146154
85,74.78097103476995,10.219028965230052
0,9.51606643552433,-9.51606643552433
21,21.22958116628874,-0.2295811662887388
69,68.51047696424595,0.489523035754047
24,23.145655553756985,0.8543444462430152
50,46.52410656701758,3.475893432982417
39,36.285214568419114,2.7147854315808857
60,65.27858654492628,-5.278586544926284
44,43.013237736584436,0.9867622634155637
49,47.83091727458924,1.1690827254107603
34,33.42070570899279,0.5792942910072085
27,27.459552323936766,-0.4595523239367658
2,3.8706278372189633,-1.8706278372189633
52,62.95743704177977,-10.95743704177977
18,18.196950939697185,-0.19695093969718513
33,31.060486851874817,1.939513148125183
75,60.45751045980404,14.542489540195959
0,6.62563975867937,-6.62563975867937
39,37.469035487506176,1.5309645124938243
34,31.716049974913634,2.283950025086366
20,31.920188314576254,-11.920188314576254
41,42.27890911046403,-1.2789091104640278
0,32.57258783570833,-32.57258783570833
1,30.22639655955044,-29.22639655955044
34,34.47920742460309,-0.4792074246030893
11,11.993736059910983,-0.993736059910983
46,50.817390968714,-4.817390968714001
57,44.40982815702179,12.590171842978208
25,35.562746136160605,-10.562746136160605
25,44.88107974398133,-19.88107974398133
79,42.59230882710261,36.40769117289739
28,29.17157902004753,-1.1715790200475311
69,57.683284343441024,11.316715656558976
34,40.477122849833016,-6.477122849833016
68,56.61293555600502,11.38706444399498
56,52.8946047116433,3.1053952883567035
0,13.135619673919745,-13.135619673919745
57,59.3899346528191,-2.3899346528191003
0,54.19283896454996,-54.19283896454996
34,38.553493161879814,-4.553493161879814
0,0.017229858724704086,-0.017229858724704086
40,40.57015593934267,-0.5701559393426692
71,74.18162659219367,-3.181626592193666
42,41.141243772600816,0.8587562273991836
52,66.93856608863908,-14.938566088639078
65,49.395146941048296,15.604853058951704
54,49.63494795410331,4.3650520458966895
46,44.223111363085806,1.7768886369141939
65,47.5985021802082,17.4014978197918
40,51.748300439956104,-11.748300439956104
51,54.44880394078639,-3.448803940786391
32,33.639897636886666,-1.6398976368866656
10,16.507478335742512,-6.507478335742512
25,26.006703027324587,-1.006703027324587
20,40.08242434227786,-20.08242434227786
51,45.262887492335096,5.737112507664904
58,51.21964245032872,6.78035754967128
13,13.403819036852816,-0.4038190368528163
22,31.25328011531842,-9.253280115318422
8,7.879318101789718,0.12068189821028241
0,0.0025963247188224704,-0.0025963247188224704
11,10.820694313025,0.1793056869750007
70,54.8214532104426,15.178546789557402
20,19.199557131121022,0.800442868878978
22,27.87233130947644,-5.87233130947644
40,26.635411399277665,13.364588600722335
0,22.028955091663498,-22.028955091663498
11,11.118321908466,-0.11832190846599921
6,1.1981175687834629,4.801882431216537
42,39.33621159279147,2.6637884072085285
0,0.11662575683194241,-0.11662575683194241
39,36.1852879965723,2.814712003427701
74,70.26071094567774,3.7392890543222563
50,55.153393359693105,-5.153393359693105
2,3.1662631755415256,-1.1662631755415256
34,33.26267122378217,0.7373287762178293
15,14.699434072777786,0.3005659272222143
2,6.837153770234622,-4.837153770234622
37,38.5188614069627,-1.5188614069626993
34,28.275137863540856,5.724862136459144
49,44.882815113813805,4.117184886186195
28,21.643888155549206,6.356111844450794
53,50.397630724773215,2.602369275226785
74,56.90952738222992,17.090472617770082
56,44.93416954005037,11.06583045994963
0,21.30380767058846,-21.30380767058846
46,46.99761988287887,-0.9976198828788725
60,39.67614322077534,20.323856779224663
42,4.188093230781894,37.811906769218105
39,43.50508204623652,-4.505082046236517
9,8.463912295801924,0.536087704198076
43,40.69168874361366,2.3083112563863395
5,47.4213541261057,-42.4213541261057
40,39.707583578141666,0.2924164218583343
0,0.5184834352360127,-0.5184834352360127
73,38.52794428448498,34.47205571551502
27,28.132904671086227,-1.1329046710862265
33,22.2039101573395,10.7960898426605
41,44.61959086432369,-3.6195908643236905
30,11.134132248760054,18.865867751239946
25,32.818539735487214,-7.818539735487214
0,7.010753490188573,-7.010753490188573
16,21.53405506343714,-5.53405506343714
26,26.200540020751255,-0.2005400207512551
27,24.459683759728424,2.5403162402715758
73,68.06754592765341,4.932454072346587
36,36.17349782196243,-0.17349782196242813
0,0.23936889761632035,-0.23936889761632035
31,37.27117778639891,-6.271177786398908
67,54.54529129843077,12.454708701569231
33,34.07647638323004,-1.0764763832300375
47,8.455604517173477,38.54439548282652
70,72.42312839434301,-2.42312839434301
42,49.20470800584939,-7.20470800584939
62,32.34152426260846,29.65847573739154
47,44.344922499248916,2.6550775007510836
70,59.0860329886511,10.913967011348902
72,54.185040293416215,17.814959706583785
21,25.4226720569578,-4.422672056957801
31,29.985948395221108,1.0140516047788921
83,52.23503736508488,30.764962634915122
0,1.9808194772689254,-1.9808194772689254
80,73.81759669902027,6.182403300979729
88,72.95635359810322,15.04364640189678
41,38.223224178254725,2.776775821745275
23,37.01337394194175,-14.013373941941751
26,26.116246590744925,-0.11624659074492527
26,16.717201297383557,9.282798702616443
0,2.922760277141721,-2.922760277141721
34,32.96170471151215,1.038295288487852
41,40.87400958506813,0.12599041493187002
52,49.89169298688736,2.1083070131126433
69,65.86271036680941,3.1372896331905906
42,44.119534944188786,-2.1195349441887856
58,60.23368904406057,-2.2336890440605686
0,0.193393525229025,-0.193393525229025
38,41.96340867242585,-3.9634086724258495
39,23.536540807641607,15.463459192358393
66,50.223097850030825,15.776902149969175
76,48.44186693987142,27.558133060128583
12,11.506736562592856,0.49326343740714407
39,19.861220546284425,19.138779453715575
31,29.51399521926089,1.4860047807391084
0,7.590132043774583,-7.590132043774583
57,59.3334171867939,-2.333417186793902
0,0.0778105056455572,-0.0778105056455572
16,59.7619835523401,-43.7619835523401
0,0.614642370619096,-0.614642370619096
31,27.147378924660497,3.8526210753395027
56,39.534321007318894,16.465678992681106
25,19.945175146390945,5.054824853609055
40,22.217666053065983,17.782333946934017
2,34.94671431174005,-32.94671431174005
54,51.05714240649743,2.9428575935025734
60,55.91053664246524,4.089463357534761
59,54.42852291438911,4.571477085610887
66,69.5254765461977,-3.5254765461976945
21,21.07753967620935,-0.07753967620935143
31,30.915197208143812,0.08480279185618755
9,12.142223692114966,-3.1422236921149658
60,56.23610864763162,3.7638913523683826
42,40.90257876646786,1.0974212335321383
43,42.32481826498749,0.675181735012508
41,37.118910927075426,3.881089072924574
49,46.02972767133103,2.970272328668969
43,49.97419288769589,-6.974192887695892
64,67.556654283321,-3.556654283320995
56,31.77414122115203,24.22585877884797
53,49.278925989438925,3.7210740105610753
29,33.19912511759229,-4.199125117592288
20,20.007208744966327,-0.007208744966327174
46,49.36159338165409,-3.361593381654089
46,22.221349002102187,23.778650997897813
39,39.532172022610766,-0.5321720226107658
56,57.929112575078925,-1.9291125750789249
46,57.24558462002286,-11.24558462002286
62,29.112798490043964,32.887201509956036
0,0.23464000999123308,-0.23464000999123308
63,37.41515795532152,25.58484204467848
5,5.651070733438092,-0.6510707334380923
78,66.5745464171518,11.425453582848206
5,5.58536707933174,-0.58536707933174
9,8.529029904953141,0.4709700950468587
19,19.167081034158606,-0.1670810341586062
23,19.266781739388712,3.733218260611288
32,32.933424622213316,-0.933424622213316
36,23.865732265381727,12.134267734618273
55,55.207668852551166,-0.20766885255116563
31,33.1378876810796,-2.1378876810795973
72,69.60527322010195,2.3947267798980505
29,20.106938210796045,8.893061789203955
32,30.285893649248088,1.714106350751912
49,46.215745929581175,2.7842540704188252
76,67.41517634825718,8.584823651742823
33,34.8216369148555,-1.8216369148555032
58,51.80812107987308,6.191878920126918
42,44.259496128477686,-2.2594961284776858
0,14.347058147707743,-14.347058147707743
61,62.1286405019348,-1.1286405019347967
45,52.29736011337683,-7.297360113376833
68,77.60888228226682,-9.60888228226682
2,6.970202421979258,-4.970202421979258
0,0.12514089906446724,-0.12514089906446724
34,26.622728868338793,7.377271131661207
0,7.714258868712078,-7.714258868712078
38,35.9691832240006,2.030816775999398
1,46.29715934556691,-45.29715934556691
33,35.70521148828056,-2.705211488280561
40,36.63902830720296,3.360971692797037
0,15.25148052462989,-15.25148052462989
54,50.82918248454636,3.170817515453642
42,3.3058217532551812,38.69417824674482
48,45.411713256022864,2.588286743977136
0,36.15787940242518,-36.15787940242518
0,3.511907461264043,-3.511907461264043
42,42.394643543716825,-0.39464354371682475
44,44.33690308378299,-0.3369030837829925
74,64.86687890115448,9.133121098845521
58,54.77048252575917,3.2295174742408292
22,24.70276321738653,-2.7027632173865292
82,69.70200551363412,12.29799448636588
1,1.828021000321597,-0.8280210003215971
16,24.506285911759317,-8.506285911759317
0,5.680798021473549,-5.680798021473549
73,61.993357999911765,11.006642000088235
0,28.9088831862222,-28.9088831862222
35,36.66913818443926,-1.6691381844392623
46,49.35373887874248,-3.353738878742483
49,49.04938649909918,-0.04938649909917814
15,21.773456613668962,-6.773456613668962
14,25.151753630116897,-11.151753630116897
80,60.44366738579321,19.556332614206788
20,29.09801800249976,-9.09801800249976
37,34.295075401309916,2.7049245986900843
50,49.92913085598279,0.0708691440172089
36,35.443153408894986,0.556846591105014
0,36.01114201996845,-36.01114201996845
62,55.498179306843404,6.501820693156596
0,3.7760320864702313,-3.7760320864702313
0,38.121441205024766,-38.121441205024766
7,6.799879303685481,0.200120696314519
29,31.035472296066057,-2.0354722960660574
41,41.352023960224564,-0.35202396022456384
42,51.33142199313331,-9.331421993133311
21,38.94992347385334,-17.94992347385334
60,54.978992854471294,5.021007145528706
21,21.579843385762757,-0.5798433857627572
0,0.23301639219947337,-0.23301639219947337
55,49.12341779671203,5.876582203287967
0,0.07046037200676375,-0.07046037200676375
28,43.007439044833184,-15.007439044833184
57,68.20600532385097,-11.206005323850974
2,60.56578064028826,-58.56578064028826
11,7.589692248096028,3.4103077519039724
56,48.07810918939497,7.921890810605028
49,50.0705927154592,-1.070592715459199
2,10.099041908910127,-8.099041908910127
45,45.48564562198564,-0.48564562198563976
40,41.51423401748193,-1.5142340174819324
19,20.42758294577453,-1.4275829457745317
41,32.00604474176468,8.993955258235317
25,23.813792320750967,1.1862076792490335
28,11.182011870221261,16.81798812977874
17,17.540935836842372,-0.5409358368423725
65,65.1033922566618,-0.10339225666180596
0,10.167510599665087,-10.167510599665087
18,18.038608207319164,-0.03860820731916448
29,23.42199198436137,5.5780080156386305
63,58.349699583759865,4.650300416240135
53,52.679051238646814,0.3209487613531863
37,30.794375375617676,6.205624624382324
64,54.74564273071743,9.254357269282572
36,38.27895502733392,-2.2789550273339216
19,19.290957254845626,-0.29095725484562607
32,28.200228131313935,3.799771868686065
25,32.069842729011675,-7.069842729011675
86,54.54584282979652,31.45415717020348
11,10.941735805884534,0.05826419411546624
14,7.160846395320687,6.839153604679313
40,43.39074382772999,-3.3907438277299917
73,27.649335425665075,45.35066457433493
31,47.449731485894546,-16.449731485894546
51,56.88823002434139,-5.888230024341389
28,24.522127576044692,3.477872423955308
61,57.16096211015731,3.839037889842693
67,45.533640620335305,21.466359379664695
67,59.423017968912895,7.576982031087105
37,37.7080992032912,-0.7080992032911979
43,33.507660172122876,9.492339827877124
46,46.43670032935274,-0.43670032935273895
45,42.84734817167062,2.1526518283293825
76,75.92620361805474,0.0737963819452574
54,53.1296121845489,0.8703878154511031
49,46.484328087397515,2.5156719126024853
64,63.506526837099806,0.4934731629001945
0,3.1169161296290957,-3.1169161296290957
47,57.85262474612756,-10.85262474612756
37,35.083136941128465,1.9168630588715345
73,53.73302484305973,19.26697515694027
0,7.3781038191838855,-7.3781038191838855
52,50.40512495972726,1.5948750402727399
64,64.26426921459196,-0.2642692145919625
69,70.02756470936158,-1.0275647093615845
58,61.367164328591954,-3.3671643285919544
0,0.8974809467424931,-0.8974809467424931
38,39.503150438115775,-1.5031504381157745
46,27.555247624931855,18.444752375068145
34,34.48333704200753,-0.4833370420075269
38,33.189712094778976,4.810287905221024
0,37.576798959499385,-37.576798959499385
0,52.06445451104634,-52.06445451104634
11,8.73687253694693,2.2631274630530704
54,33.91177150295008,20.08822849704992
16,53.473785363756825,-37.473785363756825
34,26.50812007489441,7.491879925105589
62,57.6385162212815,4.361483778718501
42,44.700152295321125,-2.700152295321125
48,45.21072534823505,2.7892746517649485
69,65.64455696274673,3.3554430372532664
0,1.6451303634125247,-1.6451303634125247
9,13.603166745925177,-4.6031667459251775
60,55.84260452870566,4.157395471294343
43,44.493118733081204,-1.4931187330812037
51,54.57177487693678,-3.5717748769367788
0,0.4442840983211475,-0.4442840983211475
26,28.860608347437882,-2.860608347437882
31,31.036470305078947,-0.03647030507894655
67,62.7402008279161,4.259799172083902
42,41.26090334639717,0.7390966536028287
3,3.780820109148793,-0.780820109148793
70,64.75702902800607,5.242970971993927
64,67.36992479157225,-3.3699247915722452
34,27.744360576333033,6.255639423666967
80,68.18753437063121,11.812465629368788
28,27.632810512820846,0.3671894871791537
60,59.30052282927961,0.6994771707203924
25,25.348645667555335,-0.3486456675553349
47,25.62508506729674,21.37491493270326
40,38.550133604602514,1.4498663953974855
40,38.338497461206465,1.6615025387935347
30,33.23594505460653,-3.235945054606532
25,24.003593117775452,0.996406882224548
47,46.086357720446614,0.9136422795533861
70,56.17581638419827,13.82418361580173
66,62.358247293584306,3.6417527064156943
0,25.718003006098467,-25.718003006098467
0,1.675025515348241,-1.675025515348241
1,22.69412087186098,-21.69412087186098
73,55.793490116736514,17.206509883263486
54,20.802070858251902,33.1979291417481
27,26.5182149721837,0.4817850278163007
63,55.321206739694375,7.678793260305625
42,43.74217069108108,-1.7421706910810784
0,0.216940158703075,-0.216940158703075
0,1.3713553097128388,-1.3713553097128388
19,25.02666982822543,-6.02666982822543
54,38.81980921432766,15.180190785672337
51,52.50841612797656,-1.5084161279765596
36,23.532577392483798,12.467422607516202
47,48.75916551064882,-1.7591655106488204
49,47.3420271241381,1.6579728758619012
0,58.15988668050927,-58.15988668050927
1,60.626196399725984,-59.626196399725984
39,40.56998566532824,-1.5699856653282396
19,13.176999160924442,5.823000839075558
11,8.282537572601296,2.7174624273987042
43,42.405016100264035,0.5949838997359649
45,47.0789412197488,-2.078941219748799
65,31.349152034847222,33.65084796515278
33,23.07947148278268,9.92052851721732
34,34.398735713055274,-0.3987357130552738
28,24.277008574874483,3.7229914251255174
25,23.91515085241992,1.0848491475800799
48,52.39361890104966,-4.393618901049663
39,43.670135360538595,-4.670135360538595
36,29.87172947527092,6.1282705247290785
0,1.9643710813898412,-1.9643710813898412
4,6.227951693861487,-2.2279516938614874
66,32.0702555933203,33.9297444066797
0,4.451630388480125,-4.451630388480125
23,22.079937508592884,0.9200624914071156
39,41.297492688377375,-2.2974926883773747
60,56.415225787165035,3.584774212834965
42,40.200669742497496,1.799330257502504
62,62.03152614564767,-0.03152614564766765
55,50.129267458091405,4.870732541908595
37,37.331484195325544,-0.33148419532554385
70,67.44448835081577,2.5555116491842256
40,35.71787742807597,4.2821225719240275
68,45.30620522222451,22.693794777775487
15,8.982699674920793,6.017300325079207
0,48.86198132993202,-48.86198132993202
49,48.69342954765863,0.3065704523413686
63,53.065483262123905,9.934516737876095
38,35.70564391305386,2.294356086946138
58,14.880832755726635,43.11916724427336
32,32.667205264500204,-0.667205264500204
41,37.46554354570484,3.53445645429516
0,0.05208101165380021,-0.05208101165380021
87,63.928822185211025,23.071177814788975
27,30.18492082959711,-3.184920829597111
0,0.34608356515573,-0.34608356515573
21,20.905401878103312,0.09459812189668781
35,33.30021466685292,1.6997853331470765
34,35.04422598980942,-1.0442259898094193
45,41.79028292889042,3.20971707110958
0,0.7408992133139402,-0.7408992133139402
72,49.25609573196173,22.74390426803827
76,76.88866613751719,-0.8886661375171911
47,36.714694803235126,10.285305196764874
42,40.83633067139232,1.163669328607682
64,60.774328959489935,3.225671040510065
48,50.85410027119551,-2.854100271195513
21,21.20853980848196,-0.20853980848195874
64,62.63752474951156,1.362475250488437
63,60.7185304553873,2.2814695446126976
47,32.6890424283727,14.310957571627299
55,55.29066306355425,-0.2906630635542484
53,47.119238223817796,5.880761776182204
41,39.59771643345262,1.402283566547382
86,66.66316596642703,19.33683403357297
26,24.424954252812455,1.575045747187545
19,18.90827891064474,0.09172108935526069
76,63.56382521898281,12.436174781017193
22,29.4173669820061,-7.417366982006101
2,6.958359361689337,-4.958359361689337
15,17.563767395628364,-2.563767395628364
48,44.38509253897914,3.614907461020863
4,37.98667731788878,-33.98667731788878
42,32.7746729997145,9.225327000285503
68,67.49190063285667,0.5080993671433305
40,49.09262614332591,-9.092626143325909
51,26.88044662114667,24.11955337885333
0,1.9660922792366093,-1.9660922792366093
78,71.13635907579445,6.863640924205555
33,35.19926544839941,-2.1992654483994087
0,5.6501292876441305,-5.6501292876441305
55,60.99191818233737,-5.991918182337372
52,27.328342628060653,24.671657371939347
0,0.5791616459142233,-0.5791616459142233
72,60.35047484423887,11.649525155761133
45,45.164264763310236,-0.16426476331023565
18,17.17339388604291,0.8266061139570908
45,46.12699648682062,-1.126996486820623
42,38.96421140879217,3.035788591207833
0,30.094747421437376,-30.094747421437376
53,51.35932551083785,1.6406744891621514
60,52.91886059925333,7.081139400746672
49,44.85620930289878,4.143790697101217
43,41.629888734173235,1.3701112658267647
33,25.57509531182335,7.42490468817665
39,37.201185766946324,1.798814233053676
0,42.56518740999727,-42.56518740999727
10,9.371390277518987,0.6286097224810128
15,14.671015931267009,0.328984068732991
53,35.216668690033956,17.783331309966044
37,58.88301603434025,-21.88301603434025
24,35.969894961997724,-11.969894961997724
36,31.860843814747373,4.139156185252627
56,39.876506229621974,16.123493770378026
18,18.62690323957884,-0.6269032395788408
0,4.01620465566665,-4.01620465566665
63,59.280721648216826,3.7192783517831742
59,50.18187354620535,8.818126453794648
64,68.09784304894985,-4.097843048949855
54,36.22154578850492,17.77845421149508
62,72.27115583591667,-10.271155835916673
59,54.8015552581465,4.1984447418535
28,30.606541951906937,-2.6065419519069373
27,25.849483029556854,1.150516970443146
69,68.44740494863213,0.5525950513678737
48,44.11585658243623,3.88414341756377
29,30.142480611381874,-1.142480611381874
66,59.45177309295399,6.548226907046008
42,18.689530266362294,23.310469733637706
25,44.48512734774405,-19.485127347744047
22,21.834183343334015,0.1658166566659851
9,8.786190006418606,0.2138099935813944
44,46.451646846813794,-2.4516468468137944
33,32.31855994008072,0.6814400599192822
61,60.2146744037439,0.7853255962561008
46,45.33485779184983,0.6651422081501721
68,68.11988153719743,-0.11988153719742911
14,13.978363803006822,0.021636196993178203
31,48.92952014988888,-17.92952014988888
32,32.97703012824119,-0.9770301282411893
46,44.87846434247531,1.1215356575246886
76,54.479284676175496,21.520715323824504
48,12.343042610343929,35.65695738965607
37,35.576904377329996,1.4230956226700044
68,27.80517362039501,40.19482637960499
34,37.47276119076303,-3.4727611907630305
62,49.58422482239377,12.415775177606228
0,0.0,0.0
39,38.631982024331215,0.3680179756687849
58,56.776288651132965,1.2237113488670346
41,41.66402280570944,-0.6640228057094433
67,53.6132741817056,13.386725818294401
0,12.831197578174146,-12.831197578174146
24,36.74882513252734,-12.748825132527337
87,66.38797447390152,20.612025526098478
54,46.58543158842958,7.414568411570421
45,44.05391735302626,0.9460826469737427
48,51.87326213819468,-3.873262138194683
0,1.1453242951524738,-1.1453242951524738
6,11.126092099464604,-5.1260920994646035
46,45.63493646623645,0.3650635337635535
5,16.84090025683604,-11.84090025683604
38,39.50623774078509,-1.5062377407850889
56,62.63816890910954,-6.638168909109538
12,14.95626550276127,-2.956265502761269
44,43.27519616340641,0.7248038365935869
18,17.890430373232487,0.10956962676751303
62,52.6700187743009,9.3299812256991
13,12.95417591551072,0.045824084489279215
61,58.51861375946752,2.48138624053248
67,39.9092919100913,27.090708089908702
10,10.79752375741307,-0.7975237574130691
51,56.701819423323236,-5.701819423323236
43,41.896175637676315,1.1038243623236852
40,40.0201575601952,-0.02015756019520154
64,68.0092582752497,-4.009258275249707
61,60.58025310451529,0.4197468954847068
9,7.47189852870353,1.5281014712964698
76,74.11585277830436,1.8841472216956419
70,59.746186754701164,10.253813245298836
50,52.49076432549742,-2.490764325497423
58,39.5293270211168,18.4706729788832
28,20.870021296052396,7.129978703947604
44,49.33383016916832,-5.333830169168323
45,43.95494283341744,1.0450571665825592
79,58.76943286461467,20.23056713538533
35,34.5102038951451,0.48979610485490355
42,36.2514326937103,5.748567306289701
78,63.57912126542919,14.420878734570813
69,42.53436409253215,26.46563590746785
41,26.629246041612998,14.370753958387002
64,45.707866322754924,18.292133677245076
0,3.5387976621485713,-3.5387976621485713
42,50.06678413795499,-8.06678413795499
44,40.97822688500336,3.021773114996641
58,32.020095456481975,25.979904543518025
11,11.065857271492165,-0.06585727149216503
52,41.583205517171805,10.416794482828195
50,61.390318407072996,-11.390318407072996
60,55.08806914393604,4.911930856063961
46,46.821994303285706,-0.821994303285706
36,32.40611824440515,3.5938817555948503
44,47.666940877835415,-3.6669408778354153
43,26.63364222312731,16.36635777687269
35,26.49214795222049,8.507852047779512
32,33.99986023923014,-1.999860239230138
0,5.409030556472068,-5.409030556472068
51,50.20960364697619,0.7903963530238087
43,14.37988417173012,28.62011582826988
0,0.5660245362265727,-0.5660245362265727
10,8.968941398898115,1.0310586011018845
4,4.125971974140759,-0.125971974140759
0,22.90006461770036,-22.90006461770036
0,12.809147118597227,-12.809147118597227
38,32.22913643784049,5.770863562159512
48,52.17970791187481,-4.179707911874807
38,27.408739603005248,10.591260396994752
9,8.135229601201283,0.8647703987987168
1,1.3471639133229036,-0.34716391332290364
62,66.35277949162955,-4.352779491629548
43,42.52223160457226,0.47776839542773786
29,21.232092268024456,7.767907731975544
33,31.430418602225952,1.5695813977740478
49,47.040090090674866,1.959909909325134
43,39.530682606626186,3.4693173933738137
1,1.5701410368936148,-0.5701410368936148
38,38.14420663679581,-0.1442066367958077
60,59.47915395553225,0.5208460444677527
69,59.076180646928464,9.923819353071536
7,7.883405548595917,-0.8834055485959169
0,1.0170261381605115,-1.0170261381605115
0,27.530366403908257,-27.530366403908257
44,51.476161472550956,-7.476161472550956
5,5.243584733680248,-0.24358473368024836
0,23.98503890770771,-23.98503890770771
63,29.52880298351768,33.47119701648232
72,72.69163274761664,-0.6916327476166373
37,37.92850280068731,-0.928502800687312
69,54.92081396988587,14.07918603011413
58,49.41638945311957,8.58361054688043
56,28.234387784047023,27.765612215952977
0,68.13938392620797,-68.13938392620797
40,40.601771569271634,-0.6017715692716337
7,7.395923754955963,-0.3959237549559633
53,43.05036419386849,9.94963580613151
55,34.110300086697734,20.889699913302266
27,43.00767501278343,-16.00767501278343
46,47.21844155851091,-1.2184415585109107
0,0.662853997283717,-0.662853997283717
48,39.01707532643321,8.982924673566792
14,14.004074816227453,-0.004074816227452871
0,12.73198155624383,-12.73198155624383
29,52.88986497537809,-23.88986497537809
0,8.619587151373798,-8.619587151373798
52,32.98715796943774,19.01284203056226
30,30.156807985027978,-0.156807985027978
60,51.05844665896624,8.94155334103376
48,40.273256734119975,7.726743265880025
24,24.14234749777031,-0.14234749777030942
23,23.0804837193785,-0.08048371937849907
73,45.132915226632534,27.867084773367466
63,64.30530275706957,-1.305302757069569
57,52.02843591507883,4.9715640849211695
53,41.98487644988676,11.015123550113238
43,51.754074643870474,-8.754074643870474
0,28.875517459110306,-28.875517459110306
51,24.395450336812058,26.604549663187942
54,30.9355506569072,23.0644493430928
61,62.9712002010971,-1.9712002010970977
56,52.253497915098734,3.746502084901266
40,41.774468849680595,-1.774468849680595
0,25.51699024144119,-25.51699024144119
41,62.47169553458077,-21.471695534580768
42,50.49461204315287,-8.49461204315287
15,15.6650728483429,-0.6650728483429003
55,54.73256156929099,0.2674384307090065
51,42.54263497101171,8.457365028988292
53,47.212069258962245,5.787930741037755
23,34.290236675124646,-11.290236675124646
74,55.9164424350353,18.0835575649647
12,4.288867415178768,7.711132584821232
3,3.5021534693716285,-0.5021534693716285
68,59.854160104689136,8.145839895310864
0,1.5002841597701697,-1.5002841597701697
50,50.13700016433616,-0.13700016433615758
26,26.216820072000587,-0.21682007200058706
49,47.78481998801106,1.2151800119889415
48,41.36274451846135,6.637255481538652
63,59.89566810793016,3.104331892069837
19,18.86321708068043,0.13678291931957176
34,36.68897906204739,-2.6889790620473875
83,69.27719424054294,13.72280575945706
39,40.51639810894799,-1.516398108947989
43,25.502791588062408,17.497208411937592
27,29.419226082361156,-2.419226082361156
1,19.30640046373488,-18.30640046373488
38,37.042987344427246,0.9570126555727541
55,58.650024692977475,-3.6500246929774747
48,43.90604502158824,4.093954978411759
58,39.37785157865523,18.622148421344768
48,51.812264429612505,-3.8122644296125046
43,41.413783762846236,1.5862162371537636
41,40.49839042466741,0.5016095753325871
50,46.139200235036554,3.8607997649634456
15,26.609375806860395,-11.609375806860395
40,41.33794390728504,-1.3379439072850374
44,41.883188590021724,2.1168114099782755
0,0.5665794850202612,-0.5665794850202612
58,43.45180988103753,14.548190118962466
81,75.11081954150077,5.889180458499226
0,9.1153197673477,-9.1153197673477
34,27.527102813013435,6.472897186986565
0,22.260853826800087,-22.260853826800087
0,2.6736817370781827,-2.6736817370781827
0,2.954667832903713,-2.954667832903713
24,38.672472732748915,-14.672472732748915
8,11.761231342996817,-3.761231342996817
0,0.02331893710070171,-0.02331893710070171
0,15.426961981054868,-15.426961981054868
25,22.404731681142827,2.5952683188571726
86,76.29124075403122,9.708759245968778
62,60.184773224933515,1.8152267750664848
69,68.48415075674946,0.5158492432505426
38,38.85073751023506,-0.8507375102350565
69,49.894941658293135,19.105058341706865
0,0.15470796538243317,-0.15470796538243317
42,37.93772881849448,4.062271181505523
0,3.1754803452110973,-3.1754803452110973
56,53.96812932632724,2.0318706736727634
62,60.39380466042041,1.6061953395795925
30,37.100904050530424,-7.100904050530424
41,42.06759253848712,-1.0675925384871192
27,32.0363530482111,-5.036353048211097
0,23.175410139426265,-23.175410139426265
82,72.10444121051724,9.895558789482763
14,11.633764460197419,2.366235539802581
0,21.81145094512873,-21.81145094512873
73,71.97753480274075,1.0224651972592511
35,40.69657579662318,-5.696575796623179
0,1.0742291156491814,-1.0742291156491814
74,56.50196328494347,17.49803671505653
6,5.785268118235901,0.21473188176409863
75,68.82754898062989,6.172451019370115
68,74.46107136790147,-6.461071367901468
69,59.19844964326739,9.801550356732612
0,2.514641753817011,-2.514641753817011
34,45.12400296130493,-11.124002961304932
54,52.22631403130879,1.7736859686912112
57,55.55725905083736,1.4427409491626406
0,1.0450225697737479,-1.0450225697737479
70,68.41171931767445,1.5882806823255464
0,0.5169401294385518,-0.5169401294385518
29,33.423738462003485,-4.4237384620034845
72,48.869804901247655,23.130195098752345
43,46.11250567814118,-3.112505678141183
1,35.99908687256618,-34.99908687256618
63,71.48838202448412,-8.488382024484125
66,58.93748495909736,7.062515040902639
9,8.979727661251292,0.020272338748707597
57,58.68151246980787,-1.6815124698078705
0,40.361668240570076,-40.361668240570076
34,34.52238780783973,-0.5223878078397277
58,63.868206093120186,-5.868206093120186
26,28.638653966820353,-2.6386539668203532
35,35.789080919655675,-0.7890809196556745
28,33.56679701215073,-5.5667970121507295
51,49.56944271050714,1.4305572894928602
57,61.23972742131698,-4.239727421316978
12,14.70206537397461,-2.7020653739746106
1,1.6879773226504917,-0.6879773226504917
72,68.54785391135,3.4521460886499966
23,22.923357049112617,0.07664295088738271
61,59.05706240238003,1.9429375976199665
40,42.264960061855795,-2.2649600618557955
13,13.514775191442025,-0.5147751914420251
46,58.88015667160615,-12.880156671606152
38,34.73911247619195,3.2608875238080515
57,57.69268345731669,-0.69268345731669
58,47.749232968584664,10.250767031415336
19,16.231772109339754,2.7682278906602455
63,27.55684155225123,35.44315844774877
44,43.09783478546968,0.9021652145303207
0,37.60357894174051,-37.60357894174051
60,46.798822296229304,13.201177703770696
58,49.60002393640301,8.399976063596988
85,64.90218181226417,20.097818187735825
75,30.718931118612947,44.28106888138706
34,29.764542968629648,4.235457031370352
73,65.49548672561905,7.504513274380955
66,65.87512796690687,0.12487203309312633
47,45.18710616761302,1.8128938323869832
0,0.7076097251354982,-0.7076097251354982
45,45.96517456380855,-0.9651745638085529
41,30.934714899511732,10.065285100488268
59,27.89599792982486,31.10400207017514
63,62.819624846402185,0.18037515359781509
5,13.10288852474829,-8.10288852474829
21,20.99915786737617,0.0008421326238305937
67,69.98869934244955,-2.98869934244955
4,4.933206269757038,-0.9332062697570382
36,38.358058072177485,-2.358058072177485
78,61.14401632814,16.855983671860002
43,45.78985083390977,-2.7898508339097674
0,8.453560534093398,-8.453560534093398
66,65.6210671622313,0.37893283776870135
0,1.5839873741948518,-1.5839873741948518
21,23.438469596576535,-2.4384695965765353
0,4.108956232889931,-4.108956232889931
30,34.48670014547646,-4.486700145476462
0,31.707086743081412,-31.707086743081412
35,35.94909430941369,-0.9490943094136881
40,24.597283567457538,15.402716432542462
40,40.511069920328644,-0.5110699203286444
60,68.57691699940887,-8.576916999408866
48,35.23893810196928,12.761061898030718
9,10.345300475779798,-1.3453004757797977
0,51.54611171580397,-51.54611171580397
36,41.25354342092232,-5.25354342092232
48,48.801193688333434,-0.8011936883334343
77,49.054770061829444,27.945229938170556
40,38.49360276734777,1.5063972326522332
45,41.76382400027164,3.23617599972836
0,38.27325804681341,-38.27325804681341
13,69.10194892226538,-56.10194892226538
11,9.871870659615567,1.128129340384433
57,68.98010962311743,-11.980109623117428
17,19.026950710949393,-2.026950710949393
21,18.926453299917025,2.073546700082975
10,26.165330495879413,-16.165330495879413
59,44.75099297293794,14.249007027062063
48,49.86445750609491,-1.864457506094908
0,11.485253914140413,-11.485253914140413
68,36.93398622215987,31.066013777840134
2,2.901999775711116,-0.9019997757111158
31,36.343996351797124,-5.343996351797124
1,42.98315400824494,-41.98315400824494
63,54.40679973375947,8.59320026624053
49,40.85844413402365,8.14155586597635
53,55.550504390247504,-2.5505043902475037
77,69.31896172165877,7.681038278341234
10,10.993100168494347,-0.9931001684943475
63,57.213537073256,5.786462926744001
69,58.062139275953726,10.937860724046274
35,24.12856747071523,10.871432529284771
59,51.99532821435956,7.00467178564044
41,41.18779935811893,-0.18779935811893012
0,22.825842959825422,-22.825842959825422
91,69.5628779765919,21.437122023408094
28,46.6930048826362,-18.693004882636203
77,53.18625886302225,23.813741136977747
49,46.69861759494794,2.3013824050520597
0,9.983520841246133,-9.983520841246133
66,63.32587698020052,2.674123019799481
37,36.19387364182873,0.8061263581712694
29,32.6605877264786,-3.660587726478603
31,35.67565257635077,-4.675652576350771
41,37.91356947475827,3.086430525241731
70,68.32021477617972,1.679785223820275
61,62.055977332359866,-1.0559773323598662
71,53.79779344979442,17.20220655020558
42,34.721217767673394,7.278782232326606
50,35.139880794534534,14.860119205465466
65,65.37011785517913,-0.37011785517913154
47,50.91413976104162,-3.9141397610416178
11,18.673828439694194,-7.673828439694194
61,63.79000885618917,-2.790008856189168
2,3.5494813076904377,-1.5494813076904377
58,63.44607554171996,-5.4460755417199564
56,56.12321643312453,-0.1232164331245329
12,12.709520854940532,-0.7095208549405321
23,25.151753630116897,-2.1517536301168967
38,37.44965998583021,0.550340014169791
63,65.79028280755546,-2.7902828075554567
33,24.20608104540345,8.793918954596549
43,47.23614235802771,-4.236142358027713
0,11.088537010391573,-11.088537010391573
48,35.986267036654276,12.013732963345724
77,12.195196669195465,64.80480333080453
41,40.979677875567596,0.02032212443240411
58,60.91753887658046,-2.9175388765804584
32,42.10366460573938,-10.103664605739382
31,29.85276745101386,1.147232548986139
46,41.07325033780412,4.926749662195881
21,7.063739444688979,13.936260555311021
72,63.955108855622,8.044891144378
43,38.845649013175276,4.154350986824724
66,56.67333039040051,9.326669609599492
10,12.224945776016332,-2.224945776016332
5,70.94930663025731,-65.94930663025731
25,25.502513350042644,-0.5025133500426442
79,73.87433810932308,5.125661890676923
36,39.04472438030802,-3.0447243803080184
35,39.97136026994782,-4.971360269947823
39,38.62631011872286,0.3736898812771372
35,39.661527587001245,-4.661527587001245
0,6.495702020080958,-6.495702020080958
31,33.519278953902464,-2.5192789539024645
66,59.611553848065064,6.388446151934936
43,40.35880046961894,2.6411995303810585
65,65.03902213357165,-0.039022133571648965
67,73.19686788859029,-6.19686788859029
37,39.007028862628246,-2.007028862628246
0,3.078838163807407,-3.078838163807407
32,27.527102813013435,4.472897186986565
0,10.742046083085553,-10.742046083085553
81,63.674996742604115,17.325003257395885
51,50.3256508306531,0.6743491693468968
48,56.34974453065906,-8.34974453065906
44,42.785515441471844,1.2144845585281558
44,45.22746705725078,-1.2274670572507773
9,46.315243558915824,-37.315243558915824
56,47.273751028137546,8.726248971862454
82,72.76589753652804,9.234102463471956
12,15.602955314418884,-3.6029553144188835
44,44.90727786932904,-0.9072778693290431
53,53.90219524778903,-0.9021952477890309
54,51.30062767351855,2.699372326481452
58,51.87798320083895,6.122016799161052
63,61.40982926747165,1.5901707325283496
0,0.03730489546756066,-0.03730489546756066
47,39.249927817775564,7.750072182224436
57,58.85346703279506,-1.8534670327950593
41,41.55277169560494,-0.5527716956049389
71,67.36777616690118,3.63222383309882
0,18.32831734780765,-18.32831734780765
44,43.54736408848332,0.4526359115166798
50,30.178341527836334,19.821658472163666
62,57.741085891453075,4.258914108546925
76,65.06358446916691,10.936415530833088
51,51.56283728710903,-0.5628372871090335
30,30.627417187304772,-0.627417187304772
56,38.27002924792099,17.729970752079012
13,16.62077427993701,-3.6207742799370095
57,52.19684972711446,4.803150272885539
25,33.11643441751815,-8.11643441751815
48,26.478054736495533,21.521945263504467
39,39.32198728882753,-0.32198728882752903
24,23.528820242348864,0.47117975765113584
0,0.38213124091212264,-0.38213124091212264
75,56.23290851528711,18.767091484712893
22,28.071480501529017,-6.071480501529017
0,0.276597517633458,-0.276597517633458
42,38.52717101217595,3.4728289878240517
37,35.52100066683977,1.4789993331602318
41,22.852300957560463,18.147699042439537
77,68.04460841154297,8.955391588457033
42,30.659692934775453,11.340307065224547
8,5.651070733438092,2.3489292665619077
44,41.408323128018615,2.5916768719813845
31,31.053133707207405,-0.05313370720740451
6,14.289943454331054,-8.289943454331054
53,37.18763792908099,15.812362070919008
0,28.72410904110901,-28.72410904110901
39,36.02203581125867,2.977964188741332
9,8.946155428120262,0.05384457187973801
21,21.08042364682442,-0.08042364682442127
67,59.35876691006341,7.641233089936591
39,2.8663495372585115,36.133650462741485
0,7.153056497925222,-7.153056497925222
38,50.49946722674579,-12.499467226745793
0,31.098619404073844,-31.098619404073844
33,24.209997424106092,8.790002575893908
40,50.53035658540029,-10.530356585400291
61,39.183920298446864,21.816079701553136
13,23.456630349695647,-10.456630349695647
58,56.274477361838194,1.7255226381618058
0,14.40417740376765,-14.40417740376765
0,28.20212675395288,-28.20212675395288
59,40.471108451456516,18.528891548543484
32,24.950735998081978,7.049264001918022
44,42.03234034984037,1.9676596501596322
66,52.957441825208534,13.042558174791466
50,49.660617426767004,0.3393825732329958
33,33.25989599566627,-0.25989599566626964
24,12.405343910328227,11.594656089671773
36,38.82700406168646,-2.827004061686459
77,66.25551975523476,10.744480244765242
32,32.331187444947055,-0.3311874449470551
37,34.09179129040189,2.9082087095981066
42,38.27363683879059,3.726363161209413
37,40.886774225121336,-3.8867742251213357
48,46.37534437352933,1.6246556264706697
25,23.847369316072395,1.1526306839276046
39,40.789980369504384,-1.7899803695043843
47,46.32099562266379,0.6790043773362129
50,41.49367469815523,8.506325301844768
0,0.4190982539371089,-0.4190982539371089
0,22.628116758408055,-22.628116758408055
53,48.07810918939497,4.921890810605028
41,46.12989365249909,-5.129893652499092
50,47.85210805990027,2.1478919400997327
42,23.88230749338128,18.11769250661872
32,35.58965030825124,-3.5896503082512368
58,56.20112708618384,1.7988729138161617
47,49.314912172459934,-2.314912172459934
55,51.96840223994136,3.031597760058638
77,77.18987752187005,-0.18987752187004503
14,14.593947749920892,-0.5939477499208916
40,45.937802166046914,-5.9378021660469145
40,53.00385788104757,-13.003857881047573
26,30.82106853025906,-4.821068530259058
40,39.6751504770353,0.3248495229646977
68,49.67664869397676,18.32335130602324
0,47.62388756127074,-47.62388756127074
0,12.411650552330725,-12.411650552330725
49,42.30455278899616,6.695447211003838
23,34.01830734483834,-11.018307344838341
48,32.116123328108664,15.883876671891336
52,47.12917427254623,4.87082572745377
71,71.74329531543766,-0.7432953154376634
18,19.22313514849833,-1.2231351484983293
0,0.12459218821350491,-0.12459218821350491
36,33.33456934273236,2.665430657267642
71,35.660272951182414,35.339727048817586
7,7.565165944262524,-0.5651659442625236
48,41.35294171175315,6.647058288246853
57,49.2112860837441,7.788713916255901
82,79.97861377375125,2.021386226248751
77,66.67711885892581,10.322881141074191
41,40.28391805398761,0.7160819460123875
41,39.62064621532157,1.379353784678429
37,39.20382874039213,-2.203828740392133
28,42.86217358566551,-14.86217358566551
35,36.22672497830277,-1.2267249783027694
0,56.07543195422483,-56.07543195422483
63,46.52525638327753,16.47474361672247
0,29.134749092922437,-29.134749092922437
35,49.401753354669154,-14.401753354669154
44,46.701334633658334,-2.701334633658334
0,5.531570663420913,-5.531570663420913
0,25.225928066098035,-25.225928066098035
48,45.9213021882165,2.078697811783499
0,8.930183722555908,-8.930183722555908
19,23.64735973505292,-4.64735973505292
27,48.02169467034945,-21.021694670349447
19,18.6308987352705,0.3691012647295011
29,26.03961077533217,2.9603892246678285
54,56.390146375985545,-2.3901463759855446
23,25.16938028252446,-2.169380282524461
39,42.69146837720664,-3.6914683772066397
62,52.386854191478186,9.613145808521814
40,40.164509020446495,-0.16450902044649496
46,41.50226104536292,4.497738954637079
36,36.697666627120036,-0.6976666271200358
64,65.25999229820536,-1.2599922982053613
49,54.23733536149298,-5.237335361492981
31,28.383985826695604,2.6160141733043965
0,36.81090429395979,-36.81090429395979
14,14.790787322516694,-0.7907873225166941
51,54.417977133034476,-3.4179771330344764
60,41.34124099471369,18.658759005286313
42,40.1514203947744,1.848579605225602
38,44.300407273831944,-6.300407273831944
42,34.54380502566672,7.456194974333279
27,26.595576406957175,0.40442359304282505
41,39.87997850811921,1.1200214918807916
16,18.31300715580218,-2.313007155802179
21,20.5817527510109,0.4182472489891005
30,32.141180983624494,-2.141180983624494
37,36.80537990295877,0.19462009704123062
59,68.57712783159144,-9.57712783159144
56,55.81726088361163,0.18273911638836893
0,26.913161894195934,-26.913161894195934
66,63.96687477282197,2.033125227178033
35,35.98891696844682,-0.9889169684468229
39,27.73494747344402,11.26505252655598
42,36.66130199153658,5.3386980084634175
0,4.255442372625779,-4.255442372625779
25,24.742137586700597,0.25786241329940296
82,75.01299319384162,6.9870068061583765
38,34.16531682349953,3.8346831765004694
46,48.091313492240886,-2.091313492240886
36,40.0407631708538,-4.0407631708538005
32,40.44918696168104,-8.449186961681043
52,50.407865279876546,1.592134720123454
85,73.68257733641299,11.31742266358701
0,0.25367419903502386,-0.25367419903502386
38,39.440563395087125,-1.4405633950871248
4,40.260125529029466,-36.260125529029466
56,55.41310827802053,0.5868917219794696
65,58.88228688244155,6.117713117558452
0,0.2913018933001437,-0.2913018933001437
30,40.64130242500942,-10.641302425009421
43,32.039522609601185,10.960477390398815
21,21.06205453576861,-0.06205453576860975
1,36.50854390550267,-35.50854390550267
34,40.07659147544682,-6.076591475446818
0,38.21524022790979,-38.21524022790979
60,38.95032638180751,21.049673618192493
24,23.77032820942942,0.22967179057058118
26,19.698862212785844,6.301137787214156
23,15.463883300605708,7.536116699394292
64,58.102699274679324,5.897300725320676
32,30.9190057008933,1.080994299106699
59,42.579887263148166,16.420112736851834
36,37.52866555605391,-1.5286655560539089
38,37.669626629867025,0.33037337013297474
7,13.291077307401235,-6.291077307401235
46,44.66877615081356,1.3312238491864434
5,4.5284980797227865,0.4715019202772135
56,53.97548973628079,2.0245102637192076
19,46.0954517348093,-27.095451734809302
44,43.358077763073084,0.6419222369269164
19,15.174705537468808,3.8252944625311915
27,30.12687054753958,-3.1268705475395784
44,41.36404688969048,2.635953110309522
59,9.150469579791311,49.84953042020869
19,19.192403312423117,-0.19240331242311726
50,46.86897394395883,3.131026056041172
65,51.51736513750935,13.482634862490649
20,30.521393050274003,-10.521393050274003
10,8.546280434406917,1.453719565593083
4,4.918668898674433,-0.9186688986744329
23,23.297430465317984,-0.29743046531798356
46,45.989624415327526,0.010375584672473792
46,47.88843327934327,-1.8884332793432677
1,2.093725904534638,-1.093725904534638
34,35.182988731499265,-1.1829887314992646
46,48.39421982111344,-2.3942198211134382
0,11.480256188398846,-11.480256188398846
1,10.201841292948536,-9.201841292948536
58,51.77422017962226,6.225779820377738
87,59.75037058007154,27.24962941992846
50,36.872499277850785,13.127500722149215
34,20.842052339293584,13.157947660706416
0,44.27924542685175,-44.27924542685175
16,16.920392864096428,-0.9203928640964278
69,68.11988153719743,0.8801184628025709
0,0.32034669225390866,-0.32034669225390866
0,0.673139877054687,-0.673139877054687
22,24.088459888946172,-2.088459888946172
28,28.481591993068374,-0.4815919930683741
72,68.25359066461455,3.746409335385451
44,46.65400473616519,-2.6540047361651915
38,24.66262744101928,13.337372558980721
43,38.72030505913214,4.279694940867863
65,65.32335378801885,-0.3233537880188493
31,35.32783596052757,-4.3278359605275725
66,46.294817266074475,19.705182733925525
68,62.977849502829535,5.022150497170465
48,46.36254287160437,1.6374571283956314
47,46.26592128072953,0.734078719270471
63,58.4712883763911,4.528711623608899
36,35.86546844657675,0.13453155342325118
0,52.30717426135956,-52.30717426135956
37,36.462413635091494,0.5375863649085062
44,30.974702358015993,13.025297641984007
41,49.96761417512501,-8.967614175125007
63,52.18450143369999,10.815498566300008
56,5.83969771624684,50.16030228375316
47,35.35685141216457,11.643148587835427
49,48.41770265059132,0.5822973494086767
49,43.88352740187557,5.116472598124432
28,30.270195025139063,-2.2701950251390635
37,46.92749980088583,-9.927499800885833
45,44.18317495647831,0.816825043521689
27,27.043848256139018,-0.043848256139018105
36,34.19002338227518,1.8099766177248213
43,40.47973652935353,2.5202634706464693
0,3.869371655614581,-3.869371655614581
6,45.8411688920987,-39.8411688920987
41,46.74230481599943,-5.742304815999432
41,44.91351020497982,-3.913510204979822
77,62.42813726642539,14.571862733574612
40,33.87420889241077,6.1257911075892295
0,0.379901204055171,-0.379901204055171
0,1.9429527740392585,-1.9429527740392585
0,52.674438012493965,-52.674438012493965
11,10.474845406960505,0.5251545930394954
0,10.469611786426903,-10.469611786426903
78,72.6530257198215,5.3469742801785
32,31.30058216155008,0.6994178384499214
31,32.154437404494885,-1.1544374044948853
75,81.28887414750022,-6.288874147500223
60,58.269485721752694,1.7305142782473055
0,1.5912548346397144,-1.5912548346397144
1,43.5365463004839,-42.5365463004839
0,9.064870655341835,-9.064870655341835
72,55.78589009249577,16.21410990750423
63,49.70317152953267,13.296828470467332
42,53.881376140811255,-11.881376140811255
0,0.06526085598250546,-0.06526085598250546
30,39.13089257905627,-9.130892579056272
65,68.02969149651733,-3.02969149651733
54,48.25555052601641,5.744449473983593
42,43.90358400365025,-1.903584003650252
0,14.263665472972631,-14.263665472972631
36,45.690629101488774,-9.690629101488774
24,27.637596927426827,-3.637596927426827
17,25.293209360845943,-8.293209360845943
41,40.125682729051626,0.8743172709483744
0,18.26216143869743,-18.26216143869743
17,13.844307747968191,3.155692252031809
0,40.025703948848566,-40.025703948848566
52,49.9557804540696,2.044219545930403
0,7.393235865911168,-7.393235865911168
46,49.60940287961023,-3.6094028796102293
46,43.23920344936902,2.760796550630978
68,60.59750210017427,7.4024978998257325
9,24.86432582275654,-15.864325822756541
30,23.879655024822107,6.120344975177893
0,57.02907529000115,-57.02907529000115
40,33.737993712717504,6.262006287282496
50,60.160599263186086,-10.160599263186086
48,47.35022800065277,0.6497719993472302
58,58.3878805182406,-0.38788051824059977
43,47.34336817768052,-4.343368177680517
75,68.96783333679853,6.032166663201465
1,3.101913584707201,-2.101913584707201
24,28.622386767077597,-4.622386767077597
53,45.91110024530352,7.088899754696477
8,53.61567303831571,-45.61567303831571
56,61.91593774780806,-5.915937747808059
14,14.163769364105855,-0.16376936410585508
47,33.838483415082244,13.161516584917756
1,8.216190244722414,-7.216190244722414
0,7.0485503272914265,-7.0485503272914265
72,57.25934997346765,14.74065002653235
55,56.401837185841686,-1.4018371858416856
33,35.59012291977908,-2.590122919779077
43,36.45846706212083,6.541532937879168
74,70.50472793548391,3.4952720645160866
26,20.77529186739297,5.224708132607031
17,19.044592672402032,-2.0445926724020325
77,70.75413676791544,6.2458632320845595
28,39.69696682464236,-11.69696682464236
18,10.166521803441048,7.833478196558952
46,45.0565095971848,0.9434904028152005
0,9.576411333745176,-9.576411333745176
44,50.412369502167735,-6.412369502167735
0,40.96052765171396,-40.96052765171396
38,43.22508263334782,-5.225082633347817
56,50.292423750609196,5.707576249390804
71,55.18527562234493,15.814724377655068
25,30.36846361849656,-5.368463618496559
20,20.100141877850568,-0.10014187785056805
59,54.45152634972545,4.548473650274552
42,43.398666504608876,-1.398666504608876
69,67.21353431589466,1.7864656841053375
22,33.98368877075796,-11.983688770757958
34,23.711235044594268,10.288764955405732
21,6.1451359667066345,14.854864033293365
63,61.95382003577391,1.0461799642260914
64,69.75180487894332,-5.751804878943318
64,21.24573353204336,42.75426646795664
19,17.028693133950465,1.9713068660495345
0,33.0810823050556,-33.0810823050556
56,55.82136055741971,0.17863944258029107
75,48.774068428684956,26.225931571315044
46,56.82418856554896,-10.824188565548958
25,36.41695462781627,-11.416954627816267
18,17.409677158864113,0.5903228411358867
32,43.28195821338054,-11.281958213380541
20,20.803205367996526,-0.8032053679965259
0,1.550926611971531,-1.550926611971531
60,60.66808764738889,-0.6680876473888873
42,50.25225619369111,-8.25225619369111
31,31.05836166410169,-0.05836166410168886
81,50.946054054700475,30.053945945299525
44,49.46557044416959,-5.465570444169593
54,61.93215445120771,-7.932154451207708
32,13.03587472339164,18.96412527660836
0,0.34604066699153657,-0.34604066699153657
38,38.13235924292137,-0.13235924292136758
74,69.20487716370849,4.795122836291512
59,43.39258545832368,15.60741454167632
50,51.64211197730023,-1.6421119773002317
27,29.09288016691098,-2.09288016691098
18,17.961612611846697,0.03838738815330345
35,43.47692274714393,-8.47692274714393
22,21.51548728694162,0.48451271305837906
38,47.52361889058591,-9.523618890585908
24,25.050778411063224,-1.0507784110632237
0,53.857406124522576,-53.857406124522576
32,32.94946630138326,-0.9494663013832607
82,72.68111930674816,9.318880693251842
35,48.040347677142734,-13.040347677142734
2,66.04329380815722,-64.04329380815722
39,34.29396920440581,4.706030795594188
48,42.47036798347762,5.529632016522378
46,39.91806101603883,6.081938983961173
0,33.51310547480221,-33.51310547480221
23,22.95008644036643,0.049913559633569804
51,39.83391680870047,11.166083191299528
47,47.33924966216982,-0.33924966216982
24,24.957511728658414,-0.9575117286584138
0,1.5216153939485293,-1.5216153939485293
43,30.521393050274003,12.478606949725997
32,40.224424814968515,-8.224424814968515
49,40.425316671574194,8.574683328425806
2,8.43018541274844,-6.43018541274844
18,16.118173910496807,1.8818260895031926
12,8.61397397884176,3.3860260211582407
79,46.77680939488161,32.22319060511839
58,48.452275977915036,9.547724022084964
63,43.050580750593745,19.949419249406255
14,18.275523084412285,-4.275523084412285
61,63.21212474793364,-2.212124747933643
57,11.969301578635227,45.030698421364775
48,42.11945283440164,5.880547165598358
0,0.1931847147238914,-0.1931847147238914
64,40.961809854664864,23.038190145335136
67,57.94044520119287,9.059554798807127
2,26.245392134327872,-24.245392134327872
0,45.52597539318375,-45.52597539318375
51,48.01344005369675,2.9865599463032524
32,44.591724665739086,-12.591724665739086
4,4.4845814612898085,-0.4845814612898085
59,52.40520463918456,6.594795360815439
0,37.56711233096377,-37.56711233096377
58,63.46263794993644,-5.462637949936443
59,59.329530370179214,-0.3295303701792136
20,20.994128358030657,-0.9941283580306575
49,48.52923262391758,0.4707673760824207
51,46.816831598174566,4.183168401825434
18,18.835326932355862,-0.8353269323558621
58,53.22855020761006,4.771449792389937
15,14.563731955303208,0.43626804469679215
0,0.9638351513275708,-0.9638351513275708
0,9.331056506297386,-9.331056506297386
50,45.18861507459731,4.811384925402692
0,14.093044708328991,-14.093044708328991
54,44.60242824834186,9.397571751658141
60,26.433269455372503,33.5667305446275
62,73.32003253888209,-11.320032538882089
31,34.83946454610017,-3.8394645461001673
56,44.68660866125031,11.313391338749689
39,39.084868755552485,-0.08486875555248474
89,75.79078207016353,13.20921792983647
0,23.115525189458065,-23.115525189458065
43,39.764219770664354,3.2357802293356457
78,59.389614436790076,18.610385563209924
34,36.57075029138104,-2.5707502913810387
39,39.3165347529049,-0.3165347529049001
68,67.36454335268516,0.6354566473148395
54,24.425407871370055,29.574592128629945
53,44.15746941048506,8.842530589514944
71,63.134753124399566,7.865246875600434
52,59.096365108825964,-7.096365108825964
69,62.37626337803389,6.62373662196611
0,0.27685111215123254,-0.27685111215123254
0,3.8493667626472803,-3.8493667626472803
53,52.03088443536235,0.9691155646376473
39,43.25829386314874,-4.258293863148737
42,37.93541080211285,4.064589197887152
50,52.16442777124472,-2.1644277712447177
50,41.905689700921144,8.094310299078856
73,82.62401918890542,-9.624019188905422
21,25.02666982822543,-4.02666982822543
71,60.43887243833724,10.561127561662758
51,51.62445263604494,-0.6244526360449427
68,38.50665096739314,29.493349032606858
45,22.177382405981692,22.822617594018308
14,14.195735992269508,-0.19573599226950833
50,49.14217217379267,0.8578278262073269
32,31.571920931468306,0.4280790685316944
0,0.8811821854043012,-0.8811821854043012
24,24.152724889183826,-0.1527248891838262
53,49.91561506084477,3.0843849391552283
55,39.016572896319616,15.983427103680384
46,36.50852909228771,9.49147090771229
0,2.1576216764357743,-2.1576216764357743
0,37.210011017970146,-37.210011017970146
19,23.313897875369584,-4.313897875369584
8,49.86852733437708,-41.86852733437708
56,55.49066192725087,0.5093380727491308
72,54.67145195185859,17.328548048141407
0,0.9568572436398032,-0.9568572436398032
0,0.6089683951853382,-0.6089683951853382
11,10.112897404800991,0.8871025951990088
11,14.8525389247642,-3.8525389247642003
0,11.569765732830588,-11.569765732830588
68,64.45912398303425,3.540876016965754
87,78.44805418485272,8.551945815147278
19,22.22016137859432,-3.2201613785943195
40,44.42582603031179,-4.425826030311789
0,25.291792225562567,-25.291792225562567
42,52.70673449307581,-10.706734493075807
34,33.4930080545757,0.5069919454243035
27,46.368701591402996,-19.368701591402996
43,40.58806906103647,2.411930938963529
22,24.31372377426591,-2.3137237742659096
63,61.96739651560943,1.0326034843905703
83,84.28636021742372,-1.28636021742372
0,1.5189897128464651,-1.5189897128464651
1,66.04410131860395,-65.04410131860395
14,13.790339678872053,0.20966032112794686
59,59.90747531668323,-0.9074753166832323
5,49.381515231172315,-44.381515231172315
65,39.526185137609254,25.473814862390746
34,32.48509844682027,1.5149015531797332
24,29.294824712865157,-5.294824712865157
23,24.988248732562294,-1.988248732562294
84,74.78501478210114,9.214985217898857
45,43.37755651775025,1.62244348224975
51,54.232920135985694,-3.232920135985694
21,18.51358627715487,2.4864137228451284
27,27.463082252380342,-0.4630822523803424
15,16.41297139840876,-1.4129713984087608
0,8.12573256966858,-8.12573256966858
0,28.02036022655891,-28.02036022655891
35,33.43936783849352,1.5606321615064829
18,43.57985554356939,-25.579855543569387
18,28.433908385465774,-10.433908385465774
79,72.96940890622565,6.030591093774348
6,7.884579187191672,-1.8845791871916724
4,4.184335060467528,-0.1843350604675278
0,4.852516429514884,-4.852516429514884
57,53.59735457634985,3.4026454236501493
54,51.49881663718386,2.5011833628161426
24,43.08999662434273,-19.08999662434273
27,25.69949677535531,1.3005032246446895
18,20.34789087131638,-2.3478908713163804
6,7.37640916078849,-1.3764091607884898
71,38.15491716537627,32.84508283462373
0,22.36639087515835,-22.36639087515835
59,54.12696153715335,4.873038462846651
57,58.85346703279506,-1.8534670327950593
39,26.070942230340123,12.929057769659877
53,47.986986130006684,5.0130138699933156
0,0.5507466649626171,-0.5507466649626171
41,37.63613295305041,3.3638670469495935
35,31.783854080346874,3.216145919653126
66,63.710443790105245,2.289556209894755
63,56.67308071946197,6.3269192805380285
30,32.83248243724967,-2.8324824372496735
72,64.0621858115478,7.937814188452194
14,16.715785055751937,-2.7157850557519367
45,47.96297527608154,-2.9629752760815435
52,52.363144989227685,-0.3631449892276848
33,32.607153558944454,0.39284644105554634
53,56.222522398453535,-3.2225223984535347
10,10.058098080191675,-0.05809808019167484
0,13.328120521925008,-13.328120521925008
0,51.57168536089139,-51.57168536089139
37,39.33436918249035,-2.3343691824903487
46,47.7393512886349,-1.7393512886349
44,44.51248397288933,-0.5124839728893278
20,21.980839147438733,-1.9808391474387328
22,21.478046635384153,0.5219533646158467
31,31.984487978019764,-0.9844879780197644
80,56.58057023594101,23.41942976405899
50,20.868916043872836,29.131083956127164
0,3.078838163807407,-3.078838163807407
70,29.76469729389167,40.23530270610833
70,69.05824283417031,0.941757165829685
52,43.37498005443428,8.625019945565718
40,40.44863635363245,-0.4486363536324518
68,71.01812394549457,-3.0181239454945654
2,0.674931080655443,1.3250689193445568
63,37.08732209808226,25.91267790191774
48,49.28547004797838,-1.2854700479783787
34,35.3969228506597,-1.3969228506596991
10,9.96169847715696,0.03830152284304056
39,40.283874015454174,-1.283874015454174
25,18.842683756178367,6.157316243821633
77,73.78143648157238,3.218563518427615
0,1.2117721069363145,-1.2117721069363145
24,32.17312578396837,-8.173125783968374
65,63.12745792653562,1.8725420734643805
38,41.80056184200251,-3.8005618420025087
28,29.504699841627446,-1.5046998416274455
41,44.11766386040848,-3.117663860408477
19,19.120072201410427,-0.12007220141042652
49,23.467367823764775,25.532632176235225
16,20.771611312971196,-4.771611312971196
65,65.23468005520438,-0.23468005520437885
0,24.67134893995972,-24.67134893995972
81,76.1326360070611,4.867363992938905
74,61.329500206421955,12.670499793578045
59,59.969193396240804,-0.9691933962408044
25,29.265992512984887,-4.265992512984887
58,36.3156592018583,21.684340798141697
31,29.663036928264493,1.3369630717355072
43,43.343055892465635,-0.3430558924656353
48,51.09680948725257,-3.096809487252571
31,38.28651059747802,-7.286510597478021
77,69.92393767938736,7.076062320612635
24,33.16560422578377,-9.165604225783767
3,3.8864621164220594,-0.8864621164220594
0,28.925252691382806,-28.925252691382806
27,45.342838210507374,-18.342838210507374
78,60.80865935934385,17.19134064065615
93,68.12902253692732,24.870977463072677
39,38.15105474068031,0.8489452593196916
67,65.6330635290866,1.3669364709134015
0,8.133666734068866,-8.133666734068866
0,0.5205967381225113,-0.5205967381225113
0,32.91351223863942,-32.91351223863942
76,73.17271792314173,2.8272820768582676
1,1.3704757306988282,-0.3704757306988282
7,7.159460979524075,-0.15946097952407534
17,1.9211055540122632,15.078894445987737
72,38.3450190623152,33.6549809376848
39,39.38524795335313,-0.38524795335312945
48,49.334323037752796,-1.334323037752796
32,31.444823706152054,0.5551762938479463
45,66.08357565782558,-21.083575657825577
75,59.35819940295256,15.641800597047443
55,61.44844248945099,-6.44844248945099
38,38.5142717707349,-0.5142717707349007
49,49.47661711979563,-0.4766171197956268
15,11.090760174400584,3.909239825599416
42,51.74866298148162,-9.748662981481623
83,60.641030990140656,22.358969009859344
40,28.934444736173674,11.065555263826326
37,37.12292747723264,-0.12292747723264341
66,15.354723940651095,50.6452760593489
25,16.194612357754146,8.805387642245854
61,60.590918604359125,0.4090813956408752
13,13.342876318054834,-0.34287631805483443
19,39.94398367982319,-20.94398367982319
33,34.32654133333898,-1.3265413333389802
25,21.3516371260482,3.6483628739518004
46,35.843833676947796,10.156166323052204
43,42.91765618738789,0.08234381261210899
54,9.476495323430756,44.523504676569246
0,17.706200043235864,-17.706200043235864
34,37.148888208244166,-3.1488882082441663
42,40.41081925205765,1.5891807479423505
2,4.7641426992726945,-2.7641426992726945
15,17.960717187893547,-2.9607171878935468
61,27.682440312733746,33.317559687266254
15,17.276182454296652,-2.2761824542966522
78,69.56204315933597,8.437956840664029
0,49.62235221345575,-49.62235221345575
61,18.54668016822661,42.453319831773385
7,8.075025639528416,-1.0750256395284161
5,24.256357529152947,-19.256357529152947
35,49.98178767113314,-14.98178767113314
30,32.481056233423864,-2.481056233423864
37,33.25856791023813,3.7414320897618722
75,64.35165337391064,10.648346626089364
0,22.042658232715397,-22.042658232715397
65,51.04456772664916,13.955432273350837
79,75.50392482397463,3.4960751760253714
24,28.009818589694376,-4.009818589694376
13,12.90177212268027,0.09822787731972937
44,50.290151761373586,-6.290151761373586
12,12.221428989075013,-0.2214289890750134
36,38.80658629248377,-2.8065862924837717
6,13.193282241131623,-7.193282241131623
35,46.086585170716916,-11.086585170716916
29,35.444502805611144,-6.444502805611144
48,46.684148175618525,1.3158518243814754
64,56.21314895534407,7.786851044655933
70,65.8879177164853,4.112082283514695
43,70.37577570070346,-27.375775700703457
43,34.921334071374766,8.078665928625234
53,54.731287657891855,-1.7312876578918548
46,47.03776662411745,-1.0377666241174524
43,11.591690322880597,31.408309677119405
70,38.61097760931371,31.389022390686293
0,0.5212778548096714,-0.5212778548096714
36,36.888672942199136,-0.8886729421991362
80,64.387403326677,15.612596673322997
0,25.31608092721499,-25.31608092721499
0,0.43202582902389564,-0.43202582902389564
35,34.25680192998931,0.7431980700106919
0,33.43161600854081,-33.43161600854081
23,26.405913004255922,-3.405913004255922
65,59.96555856288654,5.034441437113458
38,37.656238765924265,0.34376123407573544
47,49.87041622178848,-2.8704162217884814
43,25.386903820227648,17.613096179772352
62,64.97251146582882,-2.9725114658288163
44,55.118421919676834,-11.118421919676834
62,55.08834884186653,6.911651158133473
2,25.283723419783133,-23.283723419783133
1,5.046301833400071,-4.046301833400071
63,62.971171263849676,0.028828736150323664
82,76.53140783629547,5.468592163704528
17,20.997513199797865,-3.997513199797865
31,46.999527613594886,-15.999527613594886
16,16.42122242859024,-0.42122242859024084
59,38.69890451257122,20.301095487428782
53,24.07197752428782,28.92802247571218
32,32.32758070868788,-0.3275807086878828
51,24.216962033312416,26.783037966687584
56,52.412041277917176,3.587958722082824
2,19.084340735492905,-17.084340735492905
29,36.888672942199136,-7.888672942199136
63,59.94450853562073,3.0554914643792728
82,75.20948782526862,6.790512174731376
45,44.43838233378646,0.561617666213543
34,34.14356289842247,-0.1435628984224735
46,45.742942776867025,0.25705722313297485
27,36.235427988865425,-9.235427988865425
11,9.433859517657025,1.5661404823429752
17,17.934684706995178,-0.9346847069951778
38,39.007028862628246,-1.0070288626282462
69,70.68420676402341,-1.6842067640234148
64,66.24130510712166,-2.2413051071216614
19,16.09393691071885,2.906063089281151
1,1.8650357263509598,-0.8650357263509598
38,35.732840663535825,2.267159336464175
81,40.261552989369896,40.738447010630104
67,62.96699982734277,4.033000172657232
45,44.575866143690064,0.42413385630993616
21,21.095024714674437,-0.0950247146744374
23,24.903216227906793,-1.9032162279067926
57,52.03931942902249,4.960680570977509
37,35.88499698254527,1.1150030174547325
60,53.61567303831571,6.3843269616842875
86,73.47362256531676,12.52637743468324
61,44.497823734080484,16.502176265919516
67,47.38574384651502,19.61425615348498
53,53.05734067886143,-0.05734067886142924
61,64.02446173494158,-3.024461734941582
69,43.685487324054826,25.314512675945174
29,34.01830734483834,-5.018307344838341
0,0.8533046957489083,-0.8533046957489083
5,5.166429173684068,-0.16642917368406795
28,29.963565713591237,-1.9635657135912368
80,77.36088511341951,2.6391148865804865
14,13.700211677741509,0.2997883222584914
50,47.55348874023355,2.446511259766453
39,27.66177140200168,11.33822859799832
41,45.05930905470572,-4.059309054705722
27,24.9247516705288,2.0752483294712007
55,52.58319546358447,2.4168045364155333
70,69.871731390511,0.1282686094889982
66,54.26550787714091,11.734492122859088
19,24.493546684323103,-5.493546684323103
21,8.7518963362132,12.2481036637868
37,40.05914664415581,-3.0591466441558097
50,46.658065629678894,3.3419343703211055
40,40.46750102629112,-0.4675010262911172
84,72.02716302748364,11.972836972516362
16,32.39764654879791,-16.39764654879791
35,34.38455533868823,0.6154446613117699
8,9.047914229022593,-1.0479142290225933
36,33.33456934273236,2.665430657267642
50,50.367694039620666,-0.36769403962066605
0,14.165201446123563,-14.165201446123563
67,62.8508246669131,4.149175333086902
14,24.011529806546047,-10.011529806546047
0,0.007751050019091258,-0.007751050019091258
40,19.453424077020774,20.546575922979226
0,34.86127125961161,-34.86127125961161
36,36.28865418245636,-0.2886541824563622
0,23.354777548980966,-23.354777548980966
71,71.76410316220962,-0.7641031622096222
58,53.37664847682316,4.6233515231768365
60,66.03069111891882,-6.030691118918824
38,38.56529221553647,-0.5652922155364735
0,0.9061380095088585,-0.9061380095088585
67,70.689745927169,-3.6897459271689996
43,44.43446836350335,-1.434468363503349
32,45.12851652259606,-13.128516522596058
44,48.07125318859225,-4.071253188592252
59,52.403041401428226,6.596958598571774
39,45.33544971171968,-6.335449711719683
18,13.59825064305323,4.40174935694677
37,37.10758888841787,-0.1075888884178724
31,31.21531906121284,-0.2153190612128384
15,27.905810040387003,-12.905810040387003
62,52.83071536252465,9.16928463747535
27,40.44918696168104,-13.449186961681043
66,54.11437855834465,11.885621441655353
40,37.706304865881194,2.2936951341188063
44,51.27443862306274,-7.274438623062743
0,41.8115184539099,-41.8115184539099
2,6.240961421856971,-4.240961421856971
50,50.72030402557609,-0.7203040255760911
1,0.28326532644221186,0.7167346735577882
0,27.59155841770014,-27.59155841770014
0,1.0894215845246773,-1.0894215845246773
46,39.49891794501906,6.501082054980941
31,32.06207564758446,-1.0620756475844573
11,8.269995665130814,2.730004334869186
0,47.505012338020734,-47.505012338020734
56,37.22071645193373,18.779283548066267
69,42.32014207763013,26.67985792236987
27,32.36433711580011,-5.364337115800112
19,34.69487011642414,-15.694870116424141
59,63.56469012764493,-4.56469012764493
2,34.922308669853614,-32.922308669853614
2,50.905564968778805,-48.905564968778805
0,0.2367689385513143,-0.2367689385513143
31,33.825220011556375,-2.8252200115563753
27,26.877430575197593,0.12256942480240696
41,40.495091332269475,0.5049086677305255
60,59.11558020651532,0.8844197934846818
0,10.012590744926737,-10.012590744926737
25,23.785177870587376,1.2148221294126245
38,36.75064967927026,1.2493503207297394
0,1.2118364962007573,-1.2118364962007573
68,67.10460744982761,0.8953925501723887
60,51.51736513750935,8.482634862490649
51,26.54847255152589,24.45152744847411
39,38.535178076865876,0.4648219231341244
32,18.042214485342168,13.957785514657832
39,40.72974721778547,-1.729747217785473
60,14.620736408414155,45.37926359158585
60,48.70608173913224,11.293918260867763
12,12.007451582882704,-0.0074515828827035335
0,0.4052840630160218,-0.4052840630160218
56,60.213272948807806,-4.213272948807806
44,39.983969780312535,4.016030219687465
20,20.252377438684334,-0.25237743868433427
59,45.09167745850191,13.908322541498087
57,48.59383452957438,8.40616547042562
72,48.3049036236759,23.695096376324102
37,36.92972264026085,0.07027735973915128
59,45.97230926899602,13.027690731003979
0,0.17879930012381828,-0.17879930012381828
50,70.34317274998814,-20.343172749988142
0,35.14371990147935,-35.14371990147935
47,30.401156871498777,16.598843128501223
60,24.729698032034996,35.270301967965004
55,48.40027343752461,6.599726562475389
52,41.22463213549939,10.775367864500609
12,8.501332633468964,3.498667366531036
33,33.27287700902453,-0.2728770090245334
69,73.01374801241116,-4.013748012411156
45,44.065750547288836,0.934249452711164
71,72.20118549492331,-1.2011854949233083
0,5.68317565084024,-5.68317565084024
65,58.8658084744157,6.134191525584299
0,30.846876398373922,-30.846876398373922
23,33.46296879386403,-10.462968793864029
17,13.140573777257048,3.859426222742952
41,39.87569938950462,1.124300610495382
28,46.94723203530206,-18.947232035302058
56,61.26953911156306,-5.269539111563063
74,72.78340409059481,1.2165959094051857
15,14.876009706312491,0.12399029368750902
1,57.27332912416443,-56.27332912416443
60,62.47169553458077,-2.4716955345807676
33,27.89987914331752,5.10012085668248
37,39.78827435015631,-2.788274350156307
63,50.84058427019764,12.159415729802362
0,30.241431987523058,-30.241431987523058
32,37.41833446143703,-5.418334461437027
38,39.349963163591376,-1.3499631635913758
16,15.506422525457511,0.493577474542489
78,71.63226770530136,6.367732294698641
10,20.225153968504088,-10.225153968504088
0,2.449841340357049,-2.449841340357049
63,65.88881336899756,-2.8888133689975604
36,27.242874221116736,8.757125778883264
54,53.59735457634985,0.4026454236501493
39,34.96817474024865,4.031825259751351
77,69.7716700374697,7.228329962530296
34,21.703173204873696,12.296826795126304
25,28.671731389017175,-3.671731389017175
23,23.38999726387211,-0.389997263872111
38,34.83927349725665,3.1607265027433513
23,38.14895063330814,-15.14895063330814
72,69.14166580619492,2.858334193805078
34,33.30872519589895,0.6912748041010488
33,36.1405307612708,-3.140530761270803
35,40.938107053435125,-5.938107053435125
57,58.85346703279506,-1.8534670327950593
24,28.88891178300975,-4.88891178300975
57,39.587847251682305,17.412152748317695
42,39.98253049110033,2.017469508899673
25,30.022025574708582,-5.022025574708582
62,61.02878135724121,0.9712186427587923
0,1.8038889728657197,-1.8038889728657197
0,0.0,0.0
58,56.67113949464606,1.328860505353937
51,51.69369915441327,-0.6936991544132667
62,54.666753451403224,7.333246548596776
52,34.769833456569955,17.230166543430045
21,36.941782860611546,-15.941782860611546
55,64.08697779333298,-9.086977793332977
0,52.00720923084745,-52.00720923084745
63,61.66941159710179,1.3305884028982078
68,46.74159737002387,21.258402629976132
30,42.252791679012354,-12.252791679012354
40,44.9172213119039,-4.917221311903901
44,36.69632624377014,7.303673756229863
37,20.481155753608824,16.518844246391176
15,14.728543303631309,0.2714566963686913
61,58.978855649832695,2.0211443501673045
21,21.16115039491004,-0.16115039491004168
37,44.680757763437356,-7.680757763437356
64,48.70030321333727,15.299696786662729
67,31.60275510727236,35.39724489272764
49,54.004422025915304,-5.004422025915304
0,24.80707484136327,-24.80707484136327
69,28.719224273419385,40.280775726580615
53,52.93993564362632,0.06006435637367957
0,0.01862330079734494,-0.01862330079734494
31,32.03754072218823,-1.0375407221882327
45,39.92808050786309,5.071919492136907
51,43.08709008947951,7.91290991052049
64,65.447019409135,-1.4470194091349953
48,45.863114247091964,2.136885752908036
46,46.74819760742334,-0.748197607423343
21,21.26636060366844,-0.2663606036684385
2,2.2245883027696576,-0.22458830276965758
70,63.47856922858638,6.52143077141362
70,35.96085928725353,34.03914071274647
28,34.824322126491396,-6.824322126491396
84,72.13402901512006,11.865970984879937
31,34.565975856421204,-3.565975856421204
0,54.380786049043465,-54.380786049043465
57,74.92524455763684,-17.925244557636844
54,40.89543322124195,13.104566778758048
7,2.0307945090797412,4.969205490920259
29,28.72625475779632,0.273745242203681
31,33.0973882122848,-2.097388212284798
37,38.28638572393293,-1.2863857239329306
59,40.58540216944384,18.41459783055616
51,43.10786638086764,7.892133619132359
37,34.151610882331866,2.848389117668134
0,19.950802720475536,-19.950802720475536
33,35.03934886834267,-2.039348868342671
65,22.604761975091645,42.39523802490835
2,3.4892747758809395,-1.4892747758809395
22,23.64466517105085,-1.6446651710508498
66,66.66708748395368,-0.6670874839536793
66,63.06043401401881,2.93956598598119
57,54.059376708454124,2.940623291545876
40,39.37330653416718,0.6266934658328225
6,6.348163582761824,-0.34816358276182413
46,41.36364221854352,4.636357781456482
0,1.19910102148313,-1.19910102148313
27,27.268093401170393,-0.26809340117039326
45,49.11115552251287,-4.111155522512867
36,36.849252141729245,-0.8492521417292451
29,56.367446652475465,-27.367446652475465
28,34.81434053202942,-6.814340532029419
75,73.7922097037706,1.2077902962294047
55,48.89699361854802,6.1030063814519835
63,65.55471861926817,-2.554718619268172
50,53.757093880372075,-3.757093880372075
35,33.9076331337521,1.0923668662479002
65,52.06562303595564,12.934376964044361
38,46.11090989098629,-8.110909890986292
38,51.065868003012696,-13.065868003012696
41,40.5945121845094,0.4054878154906021
10,10.064349883952664,-0.06434988395266394
48,50.40877750627904,-2.408777506279037
10,14.528784464489295,-4.528784464489295
39,49.859113302819374,-10.859113302819374
26,25.94016874452346,0.05983125547653856
26,28.896480137846247,-2.896480137846247
29,27.15587453259935,1.8441254674006515
34,31.7669134130782,2.2330865869218
64,39.454268821567666,24.545731178432334
66,64.6020688236786,1.397931176321407
44,53.01620420523644,-9.016204205236441
2,11.295580100139222,-9.295580100139222
67,69.90537749233964,-2.905377492339639
10,20.224794005632432,-10.224794005632432
22,24.892078760195666,-2.892078760195666
71,52.49149411953243,18.508505880467567
53,24.467028467698544,28.532971532301456
60,51.80487540532566,8.19512459467434
0,0.30528009600174544,-0.30528009600174544
55,47.90539864766155,7.094601352338451
0,11.669920360716484,-11.669920360716484
48,43.27540533680245,4.72459466319755
63,62.59973311865776,0.4002668813422403
0,0.021868166198063105,-0.021868166198063105
50,49.68581565704331,0.3141843429566933
30,29.52770554303738,0.4722944569626186
70,58.82389781439182,11.17610218560818
47,43.10560199970452,3.8943980002954817
5,14.165201446123563,-9.165201446123563
41,25.974527067444022,15.025472932555978
60,39.1457362412809,20.8542637587191
38,39.74660774266067,-1.7466077426606716
3,2.5030376976305515,0.4969623023694485
30,24.503905201879213,5.496094798120787
21,27.829513583050915,-6.829513583050915
56,57.888232427529594,-1.8882324275295943
70,66.5395885345558,3.4604114654441958
71,59.87068217192826,11.129317828071741
62,59.855019296115195,2.144980703884805
67,66.02576705115534,0.9742329488446586
37,35.73676092873781,1.2632390712621913
82,66.74270772340445,15.25729227659555
56,64.47260040190994,-8.472600401909943
5,6.792506606609863,-1.7925066066098632
55,51.84512864888625,3.154871351113748
15,14.900620804694247,0.09937919530575279
58,55.04847730268551,2.9515226973144877
14,14.510783734191087,-0.5107837341910866
20,19.95033942313197,0.04966057686802827
38,47.54732462218068,-9.547324622180682
36,37.73102565967718,-1.7310256596771794
49,46.77146005916813,2.2285399408318725
62,49.600573522770624,12.399426477229376
56,57.25295733762232,-1.2529573376223198
33,35.517348869908695,-2.5173488699086946
64,61.151837486241796,2.8481625137582043
47,43.948172271670416,3.0518277283295845
45,44.51789087514798,0.4821091248520233
12,9.551991411436157,2.4480085885638427
42,56.12356465794263,-14.12356465794263
38,52.07016523848221,-14.070165238482211
55,52.48487403429502,2.515125965704982
55,63.03627212044917,-8.03627212044917
47,47.98861456143851,-0.98861456143851
40,43.07286838829708,-3.0728683882970813
32,52.168859831707806,-20.168859831707806
52,50.925203904792966,1.0747960952070343
58,50.22916026423476,7.770839735765243
1,3.6970171565102845,-2.6970171565102845
36,35.55206573873191,0.4479342612680881
47,51.08935495534237,-4.0893549553423725
39,40.82304430548866,-1.8230443054886578
39,34.27037435093684,4.729625649063159
0,2.251311870641768,-2.251311870641768
41,40.28565504932948,0.7143449506705224
39,34.90108135575751,4.098918644242488
64,51.906662988863815,12.093337011136185
33,33.69488922614467,-0.6948892261446673
38,36.6199147687089,1.3800852312910976
14,13.879941491738064,0.12005850826193587
32,30.184406920251213,1.815593079748787
50,35.24961208372721,14.750387916272793
46,26.78713475794197,19.21286524205803
59,36.53418721254041,22.46581278745959
26,17.00185543762662,8.99814456237338
76,51.58761473974997,24.412385260250034
0,9.699648345579414,-9.699648345579414
27,4.939874063505387,22.060125936494615
51,6.4258810460487945,44.574118953951206
0,7.324522439670426,-7.324522439670426
51,44.882815113813805,6.117184886186195
0,4.95524298153164,-4.95524298153164
22,26.773422854709228,-4.773422854709228
21,21.83008597455925,-0.8300859745592497
0,55.50705606429205,-55.50705606429205
40,45.52258530846782,-5.522585308467818
0,6.868547011576167,-6.868547011576167
26,36.414982927971934,-10.414982927971934
0,22.88800226959074,-22.88800226959074
45,44.79050092162637,0.20949907837363213
66,55.58477175834786,10.415228241652137
41,39.599142142486606,1.4008578575133939
23,21.436958740193706,1.563041259806294
52,47.861397264544166,4.138602735455834
0,0.08483522014449849,-0.08483522014449849
55,51.41427650877574,3.5857234912242575
58,56.71551572273827,1.2844842772617326
0,8.898000371847365,-8.898000371847365
35,33.07500156357302,1.924998436426982
60,61.954883636043206,-1.9548836360432063
0,0.5521823686023075,-0.5521823686023075
50,48.896945485061906,1.1030545149380941
32,35.77931935018205,-3.7793193501820497
35,39.810420295473456,-4.810420295473456
0,61.87240526539603,-61.87240526539603
15,15.559986833775245,-0.5599868337752447
53,67.23707619858008,-14.237076198580084
38,18.172054344090416,19.827945655909584
63,63.695983999555686,-0.6959839995556862
30,27.709059199792012,2.290940800207988
57,18.76871600626029,38.23128399373971
53,47.70339784190644,5.296602158093563
48,53.46302779558637,-5.46302779558637
0,12.780375204513879,-12.780375204513879
30,25.50928621464732,4.490713785352678
33,32.32911001995408,0.6708899800459207
53,36.94600969307513,16.053990306924867
64,64.97331834745583,-0.9733183474558302
0,46.21205976929855,-46.21205976929855
37,36.068093685258724,0.9319063147412763
8,8.991826257591216,-0.9918262575912156
0,0.08631221745533377,-0.08631221745533377
12,18.656162099634702,-6.656162099634702
0,13.63923129776851,-13.63923129776851
16,15.758995330821369,0.24100466917863095
32,38.89793240273928,-6.897932402739279
61,52.31159745180423,8.688402548195768
10,15.46136779740068,-5.46136779740068
0,0.2799592917151946,-0.2799592917151946
0,3.2060646970440776,-3.2060646970440776
0,24.101484221058406,-24.101484221058406
23,25.396407695331682,-2.396407695331682
14,8.962515424126924,5.037484575873076
50,37.74354740102096,12.256452598979038
49,50.48158710181735,-1.4815871018173468
76,74.70323860114887,1.2967613988511317
25,24.451061566263952,0.5489384337360477
70,57.966869092628116,12.033130907371884
73,63.03627212044917,9.96372787955083
39,45.73390161384436,-6.73390161384436
17,18.293008603137196,-1.2930086031371957
6,4.8479828999450545,1.1520171000549455
49,46.64111704879269,2.3588829512073133
30,32.75650924474753,-2.7565092447475266
22,21.96594333514265,0.03405666485734926
41,53.582181576474945,-12.582181576474945
24,23.79592070991097,0.20407929008903025
44,42.0636698734173,1.9363301265827033
50,52.25032879408721,-2.25032879408721
59,66.1260850466041,-7.1260850466041035
61,51.98675738334568,9.013242616654317
0,19.102295459929664,-19.102295459929664
47,51.21717005273175,-4.217170052731753
42,38.25310534507991,3.7468946549200908
45,56.36266823979995,-11.362668239799952
4,5.244362120745057,-1.2443621207450573
41,35.1060309555976,5.893969044402397
36,37.588257145941654,-1.588257145941654
37,38.456808379875845,-1.456808379875845
3,8.663523475379144,-5.663523475379144
39,36.250011729606,2.749988270393999
41,48.233381458448235,-7.233381458448235
0,0.11857974101087164,-0.11857974101087164
82,79.98063280558993,2.0193671944100657
18,36.05231912435707,-18.05231912435707
0,20.084314369368766,-20.084314369368766
41,39.92953160660575,1.0704683933942505
49,51.24244635177218,-2.2424463517721804
14,16.91695643797959,-2.9169564379795894
18,11.758515138007763,6.241484861992237
40,31.21531906121284,8.784680938787162
0,0.27482807080354227,-0.27482807080354227
14,46.903376656095155,-32.903376656095155
0,3.3964649882582596,-3.3964649882582596
55,43.0328170685933,11.967182931406697
23,43.039758150489156,-20.039758150489156
34,27.326679782753907,6.6733202172460935
59,49.9557804540696,9.044219545930403
24,20.381865206504376,3.6181347934956243
81,76.22690387043404,4.773096129565957
0,21.20804478006983,-21.20804478006983
36,34.83873873371177,1.1612612662882285
82,82.89509734601023,-0.8950973460102318
35,36.033548795416344,-1.033548795416344
37,27.23904327204542,9.760956727954579
31,15.52964779427192,15.47035220572808
0,22.256819716252004,-22.256819716252004
83,66.48317095139957,16.516829048600428
33,35.277424946788905,-2.277424946788905
29,28.59838836963402,0.4016116303659807
49,22.477163856596174,26.522836143403826
66,64.61084801194136,1.389151988058643
60,59.012982154493,0.9870178455069976
18,18.92100840502515,-0.9210084050251517
0,1.0354691636153284,-1.0354691636153284
24,31.117142976342937,-7.117142976342937
37,28.559506367419214,8.440493632580786
12,9.463905188115342,2.5360948118846576
37,36.87114761900791,0.12885238099209317
46,46.61731632717705,-0.6173163271770505
71,68.9604993339038,2.0395006660962025
37,36.86272429973875,0.1372757002612488
62,61.178797443802594,0.8212025561974059
34,40.2970665865277,-6.2970665865276985
33,30.381498854353104,2.6185011456468956
50,48.7818815768234,1.2181184231765982
0,1.6042551779712406,-1.6042551779712406
50,45.81764741385133,4.182352586148667
46,44.27463342381404,1.7253665761859622
36,10.408305277393417,25.591694722606583
56,56.35155646117507,-0.3515564611750719
49,46.68043355286698,2.3195664471330204
35,35.752658557633346,-0.752658557633346
44,45.24356685605569,-1.2435668560556934
0,37.13440491586492,-37.13440491586492
31,32.62438777495791,-1.6243877749579099
51,46.8939289797713,4.106071020228697
43,39.99220349463712,3.007796505362883
21,14.57493320441703,6.4250667955829694
20,20.211363450040846,-0.2113634500408459
0,7.381005331283854,-7.381005331283854
64,63.42249138309371,0.5775086169062931
43,46.851438248074686,-3.851438248074686
25,21.388717213803126,3.611282786196874
49,47.1854266238449,1.8145733761551028
49,48.79620964815934,0.2037903518406594
82,70.75413676791544,11.24586323208456
42,32.03874310541061,9.96125689458939
7,6.683540409272348,0.31645959072765173
0,7.411096674488775,-7.411096674488775
0,3.286837111986027,-3.286837111986027
16,16.676750749024496,-0.676750749024496
46,46.47082168850318,-0.47082168850317885
21,33.484433950178285,-12.484433950178285
17,17.02502084719679,-0.025020847196788765
1,2.3300524536660756,-1.3300524536660756
45,44.1856981434122,0.8143018565877966
0,44.52185512147117,-44.52185512147117
1,54.995845153717504,-53.995845153717504
26,17.159077971041437,8.840922028958563
36,30.957381586062535,5.042618413937465
42,41.56549274421421,0.43450725578578897
31,34.13893985576609,-3.1389398557660897
50,48.826363170307715,1.1736368296922848
62,41.97858095323453,20.021419046765473
25,26.806270874719836,-1.8062708747198357
14,14.95664220082989,-0.95664220082989
0,1.6431615421728831,-1.6431615421728831
36,38.73354691794196,-2.7335469179419576
0,8.370299340530755,-8.370299340530755
74,55.514856433433124,18.485143566566876
55,55.52927720533122,-0.5292772053312191
62,48.30357858164833,13.696421418351669
77,73.71633406053947,3.2836659394605334
57,49.062474942789585,7.937525057210415
0,1.5703588997670048,-1.5703588997670048
41,35.174959098264694,5.825040901735306
44,24.7608357667311,19.2391642332689
30,30.480668677578468,-0.48066867757846765
39,39.039825682537575,-0.039825682537575346
68,60.09579521355155,7.904204786448453
62,66.94822263151308,-4.948222631513076
3,3.4074704394012727,-0.4074704394012727
33,4.184582400117892,28.815417599882107
0,1.426949119990357,-1.426949119990357
36,36.51343465795531,-0.5134346579553082
78,57.05136368364596,20.94863631635404
3,3.705199517426556,-0.7051995174265562
85,71.48561530453605,13.514384695463946
39,49.157715512204106,-10.157715512204106
48,40.31671481936834,7.683285180631657
0,1.9212880698023203,-1.9212880698023203
33,33.33166519557446,-0.33166519557445895
61,54.183367674954646,6.816632325045354
23,22.50589085117353,0.49410914882647106
47,34.41465862322507,12.585341376774927
49,56.14467990000901,-7.1446799000090095
35,3.9110658170339336,31.088934182966067
31,32.10070763636257,-1.1007076363625714
32,31.697312547640383,0.302687452359617
42,44.23465366229235,-2.2346536622923523
84,78.94989416903505,5.050105830964952
43,43.25590119034215,-0.25590119034215064
29,36.71391173009997,-7.713911730099973
74,50.24265350036858,23.757346499631417
20,21.436958740193706,-1.436958740193706
0,31.620052891238874,-31.620052891238874
44,40.525475947992234,3.474524052007766
35,41.57766978877592,-6.577669788775921
54,47.582904909738254,6.417095090261746
43,45.025856484735,-2.0258564847350016
64,58.82103577756805,5.178964222431951
48,10.182913578164449,37.817086421835555
2,23.45383763458216,-21.45383763458216
12,15.661089846099491,-3.6610898460994914
10,14.462860570585656,-4.462860570585656
60,37.341636641937335,22.658363358062665
70,61.00865726308451,8.991342736915492
38,40.55515995471254,-2.5551599547125434
59,55.4087825345259,3.5912174654741023
65,55.93482287037011,9.065177129629888
49,50.47109388766936,-1.4710938876693618
64,64.6538441126604,-0.6538441126603942
13,15.087616417428755,-2.0876164174287553
31,31.54242476739851,-0.5424247673985114
85,62.914579025498476,22.085420974501524
59,60.31667033954616,-1.3166703395461568
58,55.935631430932574,2.064368569067426
18,20.840851140355884,-2.840851140355884
44,56.39539247072624,-12.395392470726243
0,5.45377342689638,-5.45377342689638
27,38.69986669005052,-11.69986669005052
0,1.7354922517562283,-1.7354922517562283
66,36.866928805347335,29.133071194652665
30,11.78013077734649,18.21986922265351
41,38.98462968580375,2.0153703141962467
51,26.18203979744936,24.81796020255064
47,45.76930889929148,1.230691100708519
10,19.329547162509726,-9.329547162509726
70,49.04938649909918,20.950613500900822
51,49.19310524037228,1.806894759627717
47,16.41394805123448,30.58605194876552
10,13.94889320104347,-3.94889320104347
35,37.85843362898098,-2.8584336289809826
0,0.16436592235561306,-0.16436592235561306
34,38.79882010912024,-4.798820109120243
19,19.290159031537993,-0.2901590315379927
36,36.84932954741073,-0.8493295474107327
62,14.078001792191225,47.92199820780878
63,54.37614988286704,8.62385011713296
20,19.91189962713817,0.08810037286183103
1,3.666528097713664,-2.666528097713664
53,47.40690885620479,5.593091143795213
47,39.989877819371166,7.010122180628834
67,35.709532023749695,31.290467976250305
40,42.572452793755986,-2.5724527937559856
23,31.641330145939257,-8.641330145939257
38,16.950462624625246,21.049537375374754
46,47.27048009318877,-1.2704800931887732
33,33.61378258676159,-0.6137825867615874
0,1.0201096998291213,-1.0201096998291213
67,53.0904378459589,13.909562154041097
39,34.22162358996157,4.778376410038433
17,21.534495570958526,-4.534495570958526
0,20.743395461844614,-20.743395461844614
54,43.92455682658354,10.07544317341646
57,56.731497958742146,0.2685020412578538
64,38.23991304368683,25.760086956313167
0,0.37108145751491356,-0.37108145751491356
24,24.39426332607856,-0.3942633260785584
26,20.54367846066135,5.456321539338649
48,31.54008275455717,16.45991724544283
44,1.1891095968661662,42.81089040313383
36,14.016966325878055,21.983033674121945
0,4.189782152413059,-4.189782152413059
53,45.549649826907505,7.450350173092495
19,17.180741534349377,1.8192584656506234
51,35.463858737168316,15.536141262831684
4,3.296174287540483,0.7038257124595169
14,13.19895611565813,0.8010438843418708
69,72.11032775846182,-3.110327758461821
0,29.61352477370626,-29.61352477370626
6,7.148422618245379,-1.1484226182453794
27,38.05571574173116,-11.055715741731163
32,31.530429850154015,0.46957014984598544
72,71.92409451235366,0.07590548764633809
7,8.872549411357651,-1.8725494113576513
77,65.87561323559912,11.124386764400882
64,63.6453089484425,0.35469105155750213
0,60.24550721363393,-60.24550721363393
43,46.381520285404065,-3.381520285404065
62,64.07083285078565,-2.0708328507856493
71,68.26406944491107,2.7359305550889275
58,47.37629477642081,10.623705223579186
15,25.490834771471405,-10.490834771471405
0,1.0998048161177327,-1.0998048161177327
33,35.56241405804568,-2.5624140580456825
78,52.65866557775214,25.34133442224786
17,14.853175873791688,2.146824126208312
26,26.579760360761455,-0.5797603607614548
65,49.14583790786064,15.854162092139362
1,65.5013185647907,-64.5013185647907
60,45.68638703641465,14.31361296358535
61,49.30682972617472,11.693170273825281
0,0.7495136143516113,-0.7495136143516113
48,40.69455485056676,7.30544514943324
35,32.74544645919342,2.254553540806583
62,60.7741922776439,1.2258077223561017
38,26.469413902222822,11.530586097777178
0,65.64701736547447,-65.64701736547447
62,47.96873335543508,14.031266644564923
28,27.872612591770185,0.12738740822981498
29,28.96382447077039,0.03617552922960954
57,47.970753939731026,9.029246060268974
25,24.46974536383044,0.530254636169559
49,43.54112615436537,5.458873845634628
59,50.36012315364603,8.639876846353971
64,60.72883385070741,3.27116614929259
4,34.904532109347386,-30.904532109347386
3,50.11835150173522,-47.11835150173522
50,54.19742287421175,-4.197422874211753
29,25.180686358775265,3.819313641224735
73,64.4439787714638,8.556021228536196
32,31.282896409148137,0.7171035908518633
0,58.28388929685996,-58.28388929685996
0,1.034716672216672,-1.034716672216672
19,12.832137172071166,6.167862827928834
43,38.15790513331649,4.84209486668351
56,43.37566883906077,12.624331160939228
27,27.192246545935642,-0.1922465459356424
65,50.473596130984625,14.526403869015375
61,45.617160886124395,15.382839113875605
63,64.31811662834501,-1.3181166283450096
74,62.71203979635728,11.287960203642719
50,36.59957334994633,13.400426650053667
3,21.74557539554538,-18.74557539554538
0,11.850742925480636,-11.850742925480636
10,55.13620737460023,-45.13620737460023
46,41.836082530039995,4.163917469960005
50,49.542874191541706,0.45712580845829365
54,49.74135817536967,4.258641824630331
14,31.97784101952117,-17.97784101952117
35,25.837571618160403,9.162428381839597
46,44.882815113813805,1.1171848861861946
31,30.966240984307642,0.03375901569235751
41,15.727661996695417,25.272338003304583
36,36.563644549963115,-0.5636445499631151
0,1.0510573114904023,-1.0510573114904023
16,15.748720966483978,0.2512790335160222
67,56.12476544523797,10.87523455476203
48,42.62214080799019,5.377859192009808
81,60.177861187024284,20.822138812975716
35,40.94589004131975,-5.94589004131975
13,11.967010870861703,1.032989129138297
30,45.51646150192984,-15.51646150192984
46,49.99150682513882,-3.9915068251388206
36,35.6380739401329,0.3619260598671019
45,30.33636643957286,14.66363356042714
51,50.76601734372068,0.23398265627932346
0,27.37767537860755,-27.37767537860755
32,38.79683301592007,-6.796833015920072
69,65.11292513552485,3.887074864475153
6,6.621267971858603,-0.6212679718586029
27,27.49518363321362,-0.495183633213621
0,0.08775047976078904,-0.08775047976078904
34,20.71259903295669,13.287400967043311
0,2.0561924142819024,-2.0561924142819024
25,25.962675384086545,-0.9626753840865447
24,24.077947391994446,-0.07794739199444578
26,30.107567395276664,-4.107567395276664
55,47.58892133074594,7.41107866925406
49,46.04151000350957,2.958489996490428
38,36.435292871248954,1.5647071287510457
40,39.468116965233044,0.5318830347669561
0,6.567218134322509,-6.567218134322509
26,29.36396161091575,-3.3639616109157515
45,47.77550566534952,-2.7755056653495203
2,5.74730882288003,-3.74730882288003
60,49.07910203117512,10.920897968824882
23,27.16356838755151,-4.163568387551511
75,62.330726067492776,12.669273932507224
19,18.999045513595988,0.0009544864040123002
44,44.59343471637136,-0.5934347163713625
4,47.650464692353026,-43.650464692353026
0,0.17952233905842152,-0.17952233905842152
0,22.309138694859797,-22.309138694859797
0,0.7156674826248706,-0.7156674826248706
62,60.184773224933515,1.8152267750664848
61,53.463430501272725,7.536569498727275
45,49.8380333403682,-4.838033340368199
25,24.682114415893384,0.31788558410661594
55,49.30318586251468,5.696814137485319
23,22.556004669495888,0.4439953305041122
30,29.89965800950363,0.10034199049637138
51,50.13380630170576,0.8661936982942393
58,41.82820143646009,16.17179856353991
43,56.042837512937076,-13.042837512937076
42,43.027469908656975,-1.0274699086569754
0,0.08483522014449849,-0.08483522014449849
47,48.089725143190975,-1.0897251431909751
58,43.20868353815171,14.79131646184829
87,50.00292334705153,36.99707665294847
61,14.535470230677786,46.46452976932221
30,29.140830804868465,0.8591691951315354
13,13.186875173703234,-0.1868751737032337
0,6.871562172387805,-6.871562172387805
75,74.18659660097823,0.813403399021766
27,26.303738056996522,0.6962619430034778
21,21.912701036920147,-0.9127010369201471
79,62.46060876514997,16.53939123485003
0,0.0437586630213255,-0.0437586630213255
24,23.780656259659963,0.21934374034003667
45,44.27581916618651,0.7241808338134916
52,49.89733696470209,2.1026630352979083
38,45.92322391355604,-7.923223913556043
79,59.97323638940041,19.026763610599588
48,44.849436271781975,3.1505637282180246
57,50.2867256173229,6.713274382677099
0,3.232156381665567,-3.232156381665567
0,18.461815116536783,-18.461815116536783
80,58.64446066543739,21.355539334562607
59,27.042966735476536,31.957033264523464
36,19.769257375608287,16.230742624391713
22,17.65862738657582,4.341372613424181
40,41.38184680437573,-1.3818468043757335
52,54.88139562371652,-2.8813956237165215
41,28.322633134196018,12.677366865803982
21,23.027847793314073,-2.0278477933140735
1,1.3625374872191125,-0.3625374872191125
30,29.78153012998418,0.21846987001582008
22,50.91803934850807,-28.918039348508067
17,27.89116870871666,-10.891168708716659
81,75.83555289720033,5.16444710279967
3,8.375781452215165,-5.375781452215165
40,38.38267479624093,1.6173252037590728
0,28.304389978625018,-28.304389978625018
65,56.59599554840149,8.40400445159851
32,36.31090934564093,-4.31090934564093
76,49.47211237020621,26.52788762979379
0,0.19751131838760705,-0.19751131838760705
35,23.637644943476317,11.362355056523683
81,57.25488660212544,23.74511339787456
31,27.24717226001374,3.752827739986259
23,24.765455649073907,-1.7654556490739068
0,13.462429954319907,-13.462429954319907
46,53.96606684253496,-7.966066842534957
59,61.5364644052834,-2.5364644052833967
18,22.32261235632362,-4.322612356323621
46,52.17388794936876,-6.173887949368762
42,37.30763364203411,4.692366357965888
60,64.75448041423307,-4.754480414233072
46,45.37432618894919,0.6256738110508095
65,66.90420784254701,-1.9042078425470095
33,36.779705856501735,-3.779705856501735
52,56.221383316948156,-4.221383316948156
18,26.182976460826897,-8.182976460826897
35,27.702959274574187,7.297040725425813
64,63.7788809700951,0.22111902990489796
54,13.749132630816405,40.250867369183595
77,77.75314284113465,-0.7531428411346468
55,49.193387993165594,5.806612006834406
3,3.9564067280562134,-0.9564067280562134
49,46.392929748668614,2.607070251331386
63,58.592358389462994,4.407641610537006
42,22.00644441569651,19.99355558430349
68,18.62056037355705,49.379439626442945
37,37.06343619763354,-0.06343619763354269
58,51.80554998471638,6.194450015283621
0,0.3029798475674765,-0.3029798475674765
88,81.4428777628044,6.5571222371956
38,29.743427403548477,8.256572596451523
42,59.7182571541439,-17.7182571541439
0,18.839126029546193,-18.839126029546193
20,34.370943288547004,-14.370943288547004
74,43.72213378559036,30.27786621440964
37,33.9446638971853,3.0553361028146995
48,49.45539000852601,-1.4553900085260096
63,63.33566979118012,-0.3356697911801234
14,14.996556957581689,-0.9965569575816886
16,16.633774512660555,-0.6337745126605547
0,20.417796211155824,-20.417796211155824
51,55.48087365576834,-4.480873655768342
0,38.04924921990113,-38.04924921990113
46,32.40876974189548,13.591230258104517
30,29.274103132931437,0.7258968670685633
66,68.25582278200358,-2.2558227820035768
65,64.39099741961853,0.6090025803814711
7,5.150360074060256,1.8496399259397442
30,35.87190089262764,-5.871900892627643
37,36.45082637730839,0.5491736226916117
59,11.725854123848201,47.2741458761518
56,54.68227626203805,1.3177237379619484
61,67.38712667674886,-6.3871266767488635
80,66.89537155515806,13.104628444841936
0,0.37075918544990716,-0.37075918544990716
11,12.778092232300114,-1.7780922323001143
40,40.36626766239101,-0.36626766239101016
56,55.8308793106867,0.16912068931330282
37,43.57023295568156,-6.570232955681561
28,25.420120085094993,2.579879914905007
37,36.30072207320044,0.6992779267995601
20,13.32098796524466,6.67901203475534
30,23.576042074492843,6.423957925507157
0,13.535479072510752,-13.535479072510752
84,74.83963555357874,9.160364446421255
7,7.760682768308649,-0.7606827683086488
44,45.426930991879466,-1.4269309918794661
19,4.9548650225011945,14.045134977498805
49,43.427329198943376,5.572670801056624
0,17.613699955832004,-17.613699955832004
61,32.17960429518599,28.82039570481401
61,60.693600049700535,0.30639995029946476
0,1.477782618933822,-1.477782618933822
0,3.296450156106661,-3.296450156106661
59,58.84305002504784,0.15694997495216256
29,30.16713232964516,-1.1671323296451597
22,22.217208995984876,-0.2172089959848762
72,62.40424905264991,9.59575094735009
62,65.03588658478571,-3.0358865847857146
67,57.267513081205706,9.732486918794294
55,62.21203169624842,-7.212031696248417
20,37.98484497383698,-17.984844973836978
42,43.995443473206045,-1.9954434732060449
65,61.522468300916536,3.477531699083464
51,62.54524689628416,-11.545246896284162
46,46.40392273532123,-0.40392273532123113
70,38.967661114522244,31.032338885477756
45,21.552693577883172,23.447306422116828
9,4.344914043084447,4.655085956915553
10,15.034254146069562,-5.0342541460695625
41,40.41869736789932,0.5813026321006802
18,19.801992246248357,-1.801992246248357
0,13.498107788783521,-13.498107788783521
72,70.23153496973865,1.7684650302613534
36,34.583935996443145,1.4160640035568548
70,75.19677696162749,-5.196776961627492
46,49.97419288769589,-3.9741928876958923
33,29.20507683483536,3.79492316516464
